timestamp,temperature_2m,relative_humidity_2m,surface_pressure,cloud_cover,wind_speed_10m,shortwave_radiation,direct_normal_irradiance,diffuse_radiation,direct_radiation,latitude,longitude,plant_id
2023-01-01 00:00:00,11.4,67,1000.0,25,7.2,0.0,0.0,0.0,0.0,27.5398,71.9153,Bhadla_Solar_Park
2023-01-01 01:00:00,10.3,71,999.7,5,9.4,0.0,0.0,0.0,0.0,27.5398,71.9153,Bhadla_Solar_Park
2023-01-01 02:00:00,9.7,74,999.1,0,10.5,0.0,0.0,0.0,0.0,27.5398,71.9153,Bhadla_Solar_Park
2023-01-01 03:00:00,8.9,78,998.4,16,10.1,0.0,0.0,0.0,0.0,27.5398,71.9153,Bhadla_Solar_Park
2023-01-01 04:00:00,8.5,81,998.3,13,10.1,0.0,0.0,0.0,0.0,27.5398,71.9153,Bhadla_Solar_Park
2023-01-01 05:00:00,8.0,82,998.7,0,10.4,0.0,0.0,0.0,0.0,27.5398,71.9153,Bhadla_Solar_Park
2023-01-01 06:00:00,7.3,85,999.2,0,10.4,0.0,0.0,0.0,0.0,27.5398,71.9153,Bhadla_Solar_Park
2023-01-01 07:00:00,7.0,86,999.9,0,10.4,0.0,0.0,0.0,0.0,27.5398,71.9153,Bhadla_Solar_Park
2023-01-01 08:00:00,8.3,79,1000.5,0,9.4,42.0,126.1,28.0,14.0,27.5398,71.9153,Bhadla_Solar_Park
2023-01-01 09:00:00,12.3,61,1001.6,0,7.2,197.0,395.8,90.0,107.0,27.5398,71.9153,Bhadla_Solar_Park
2023-01-01 10:00:00,16.8,44,1002.1,3,9.6,370.0,567.1,126.0,244.0,27.5398,71.9153,Bhadla_Solar_Park
2023-01-01 11:00:00,19.4,35,1001.6,2,12.0,509.0,661.7,146.0,363.0,27.5398,71.9153,Bhadla_Solar_Park
2023-01-01 12:00:00,20.8,31,1000.6,0,10.8,593.0,706.3,157.0,436.0,27.5398,71.9153,Bhadla_Solar_Park
2023-01-01 13:00:00,21.7,27,999.5,0,9.4,612.0,720.4,157.0,455.0,27.5398,71.9153,Bhadla_Solar_Park
2023-01-01 14:00:00,22.3,25,998.6,0,7.1,562.0,697.6,150.0,412.0,27.5398,71.9153,Bhadla_Solar_Park
2023-01-01 15:00:00,22.5,23,998.2,0,6.3,449.0,631.7,135.0,314.0,27.5398,71.9153,Bhadla_Solar_Park
2023-01-01 16:00:00,22.4,23,997.9,0,6.0,290.0,503.6,110.0,180.0,27.5398,71.9153,Bhadla_Solar_Park
2023-01-01 17:00:00,21.5,30,998.0,0,4.2,115.0,281.6,64.0,51.0,27.5398,71.9153,Bhadla_Solar_Park
2023-01-01 18:00:00,20.6,28,998.4,0,4.7,7.0,16.0,6.0,1.0,27.5398,71.9153,Bhadla_Solar_Park
2023-01-01 19:00:00,18.0,33,999.1,0,7.6,0.0,0.0,0.0,0.0,27.5398,71.9153,Bhadla_Solar_Park
2023-01-01 20:00:00,16.4,35,999.5,0,10.0,0.0,0.0,0.0,0.0,27.5398,71.9153,Bhadla_Solar_Park
2023-01-01 21:00:00,14.6,42,999.7,1,8.9,0.0,0.0,0.0,0.0,27.5398,71.9153,Bhadla_Solar_Park
2023-01-01 22:00:00,13.9,46,999.9,1,10.3,0.0,0.0,0.0,0.0,27.5398,71.9153,Bhadla_Solar_Park
2023-01-01 23:00:00,12.8,50,999.7,0,9.4,0.0,0.0,0.0,0.0,27.5398,71.9153,Bhadla_Solar_Park
2023-01-02 00:00:00,12.0,53,999.4,0,10.0,0.0,0.0,0.0,0.0,27.5398,71.9153,Bhadla_Solar_Park
2023-01-02 01:00:00,11.3,55,998.8,0,10.6,0.0,0.0,0.0,0.0,27.5398,71.9153,Bhadla_Solar_Park
2023-01-02 02:00:00,10.4,58,998.2,0,10.6,0.0,0.0,0.0,0.0,27.5398,71.9153,Bhadla_Solar_Park
2023-01-02 03:00:00,9.9,60,997.8,0,10.4,0.0,0.0,0.0,0.0,27.5398,71.9153,Bhadla_Solar_Park
2023-01-02 04:00:00,9.6,61,997.8,0,11.5,0.0,0.0,0.0,0.0,27.5398,71.9153,Bhadla_Solar_Park
2023-01-02 05:00:00,8.3,68,998.3,0,10.4,0.0,0.0,0.0,0.0,27.5398,71.9153,Bhadla_Solar_Park
2023-01-02 06:00:00,7.6,71,998.7,0,10.7,0.0,0.0,0.0,0.0,27.5398,71.9153,Bhadla_Solar_Park
2023-01-02 07:00:00,7.3,72,999.6,0,10.5,0.0,0.0,0.0,0.0,27.5398,71.9153,Bhadla_Solar_Park
2023-01-02 08:00:00,8.6,66,1000.7,0,9.7,42.0,126.4,28.0,14.0,27.5398,71.9153,Bhadla_Solar_Park
2023-01-02 09:00:00,11.9,52,1001.5,0,8.9,198.0,396.5,91.0,107.0,27.5398,71.9153,Bhadla_Solar_Park
2023-01-02 10:00:00,16.3,38,1001.9,0,6.2,371.0,571.8,125.0,246.0,27.5398,71.9153,Bhadla_Solar_Park
2023-01-02 11:00:00,19.8,27,1001.7,0,8.4,511.0,666.7,145.0,366.0,27.5398,71.9153,Bhadla_Solar_Park
2023-01-02 12:00:00,21.8,23,1000.9,0,9.2,596.0,713.5,155.0,441.0,27.5398,71.9153,Bhadla_Solar_Park
2023-01-02 13:00:00,22.6,21,999.8,0,7.4,614.0,723.7,156.0,458.0,27.5398,71.9153,Bhadla_Solar_Park
2023-01-02 14:00:00,23.0,20,999.0,0,4.3,565.0,700.7,150.0,415.0,27.5398,71.9153,Bhadla_Solar_Park
2023-01-02 15:00:00,23.1,19,998.6,30,2.7,453.0,637.2,135.0,318.0,27.5398,71.9153,Bhadla_Solar_Park
2023-01-02 16:00:00,23.0,19,998.7,21,3.2,293.0,508.8,110.0,183.0,27.5398,71.9153,Bhadla_Solar_Park
2023-01-02 17:00:00,21.7,22,998.9,0,6.3,117.0,283.5,65.0,52.0,27.5398,71.9153,Bhadla_Solar_Park
2023-01-02 18:00:00,19.4,25,999.4,45,9.5,8.0,15.7,7.0,1.0,27.5398,71.9153,Bhadla_Solar_Park
2023-01-02 19:00:00,18.5,27,1000.2,0,4.9,0.0,0.0,0.0,0.0,27.5398,71.9153,Bhadla_Solar_Park
2023-01-02 20:00:00,16.0,35,1000.7,25,7.8,0.0,0.0,0.0,0.0,27.5398,71.9153,Bhadla_Solar_Park
2023-01-02 21:00:00,15.0,42,1000.8,98,9.5,0.0,0.0,0.0,0.0,27.5398,71.9153,Bhadla_Solar_Park
2023-01-02 22:00:00,13.9,45,1001.0,99,9.1,0.0,0.0,0.0,0.0,27.5398,71.9153,Bhadla_Solar_Park
2023-01-02 23:00:00,13.2,46,1000.9,50,10.2,0.0,0.0,0.0,0.0,27.5398,71.9153,Bhadla_Solar_Park
2023-01-03 00:00:00,12.0,50,1000.8,0,8.9,0.0,0.0,0.0,0.0,27.5398,71.9153,Bhadla_Solar_Park
2023-01-03 01:00:00,11.4,53,1000.4,0,7.0,0.0,0.0,0.0,0.0,27.5398,71.9153,Bhadla_Solar_Park
2023-01-03 02:00:00,11.4,52,1000.1,0,5.6,0.0,0.0,0.0,0.0,27.5398,71.9153,Bhadla_Solar_Park
2023-01-03 03:00:00,11.0,53,999.7,0,5.4,0.0,0.0,0.0,0.0,27.5398,71.9153,Bhadla_Solar_Park
2023-01-03 04:00:00,11.5,51,999.8,0,4.1,0.0,0.0,0.0,0.0,27.5398,71.9153,Bhadla_Solar_Park
2023-01-03 05:00:00,8.2,63,1000.0,0,10.0,0.0,0.0,0.0,0.0,27.5398,71.9153,Bhadla_Solar_Park
2023-01-03 06:00:00,7.3,65,1000.2,0,8.7,0.0,0.0,0.0,0.0,27.5398,71.9153,Bhadla_Solar_Park
2023-01-03 07:00:00,6.7,68,1001.2,0,7.2,0.0,0.0,0.0,0.0,27.5398,71.9153,Bhadla_Solar_Park
2023-01-03 08:00:00,8.3,60,1002.0,3,8.1,42.0,126.7,28.0,14.0,27.5398,71.9153,Bhadla_Solar_Park
2023-01-03 09:00:00,11.1,50,1003.1,0,7.4,198.0,397.0,91.0,107.0,27.5398,71.9153,Bhadla_Solar_Park
2023-01-03 10:00:00,14.3,43,1003.8,0,7.2,372.0,571.8,126.0,246.0,27.5398,71.9153,Bhadla_Solar_Park
2023-01-03 11:00:00,17.5,39,1003.8,0,8.4,513.0,667.9,146.0,367.0,27.5398,71.9153,Bhadla_Solar_Park
2023-01-03 12:00:00,19.9,34,1003.1,0,10.8,599.0,714.0,157.0,442.0,27.5398,71.9153,Bhadla_Solar_Park
2023-01-03 13:00:00,21.3,24,1001.9,0,13.0,619.0,725.3,159.0,460.0,27.5398,71.9153,Bhadla_Solar_Park
2023-01-03 14:00:00,21.7,22,1001.1,0,13.9,570.0,703.7,152.0,418.0,27.5398,71.9153,Bhadla_Solar_Park
2023-01-03 15:00:00,21.9,20,1000.9,0,14.0,459.0,642.5,137.0,322.0,27.5398,71.9153,Bhadla_Solar_Park
2023-01-03 16:00:00,21.6,20,1001.0,0,15.7,298.0,513.9,112.0,186.0,27.5398,71.9153,Bhadla_Solar_Park
2023-01-03 17:00:00,20.5,21,1001.5,0,12.6,120.0,290.5,66.0,54.0,27.5398,71.9153,Bhadla_Solar_Park
2023-01-03 18:00:00,18.4,25,1001.8,0,14.9,8.0,15.4,7.0,1.0,27.5398,71.9153,Bhadla_Solar_Park
2023-01-03 19:00:00,17.0,29,1002.3,0,14.8,0.0,0.0,0.0,0.0,27.5398,71.9153,Bhadla_Solar_Park
2023-01-03 20:00:00,15.7,33,1002.7,0,13.8,0.0,0.0,0.0,0.0,27.5398,71.9153,Bhadla_Solar_Park
2023-01-03 21:00:00,14.6,38,1003.3,0,13.8,0.0,0.0,0.0,0.0,27.5398,71.9153,Bhadla_Solar_Park
2023-01-03 22:00:00,13.5,42,1003.4,0,13.8,0.0,0.0,0.0,0.0,27.5398,71.9153,Bhadla_Solar_Park
2023-01-03 23:00:00,12.6,45,1003.4,0,14.2,0.0,0.0,0.0,0.0,27.5398,71.9153,Bhadla_Solar_Park
2023-01-04 00:00:00,11.6,49,1003.1,0,13.7,0.0,0.0,0.0,0.0,27.5398,71.9153,Bhadla_Solar_Park
2023-01-04 01:00:00,10.6,51,1002.9,0,12.6,0.0,0.0,0.0,0.0,27.5398,71.9153,Bhadla_Solar_Park
2023-01-04 02:00:00,9.8,54,1002.5,0,12.6,0.0,0.0,0.0,0.0,27.5398,71.9153,Bhadla_Solar_Park
2023-01-04 03:00:00,9.1,58,1002.2,0,11.9,0.0,0.0,0.0,0.0,27.5398,71.9153,Bhadla_Solar_Park
2023-01-04 04:00:00,8.2,63,1002.0,0,10.9,0.0,0.0,0.0,0.0,27.5398,71.9153,Bhadla_Solar_Park
2023-01-04 05:00:00,6.9,69,1002.2,0,10.0,0.0,0.0,0.0,0.0,27.5398,71.9153,Bhadla_Solar_Park
2023-01-04 06:00:00,5.9,75,1002.8,0,10.0,0.0,0.0,0.0,0.0,27.5398,71.9153,Bhadla_Solar_Park
2023-01-04 07:00:00,5.6,77,1003.1,0,10.8,0.0,0.0,0.0,0.0,27.5398,71.9153,Bhadla_Solar_Park
2023-01-04 08:00:00,7.0,71,1003.7,0,10.1,43.0,127.0,29.0,14.0,27.5398,71.9153,Bhadla_Solar_Park
2023-01-04 09:00:00,10.2,57,1004.8,0,8.4,202.0,408.5,92.0,110.0,27.5398,71.9153,Bhadla_Solar_Park
2023-01-04 10:00:00,13.7,46,1005.3,0,8.4,381.0,587.9,128.0,253.0,27.5398,71.9153,Bhadla_Solar_Park
2023-01-04 11:00:00,16.3,40,1005.1,0,10.9,526.0,683.6,150.0,376.0,27.5398,71.9153,Bhadla_Solar_Park
2023-01-04 12:00:00,17.8,30,1004.4,0,11.9,613.0,732.2,159.0,454.0,27.5398,71.9153,Bhadla_Solar_Park
2023-01-04 13:00:00,18.8,26,1003.2,0,12.5,634.0,742.5,162.0,472.0,27.5398,71.9153,Bhadla_Solar_Park
2023-01-04 14:00:00,19.4,24,1002.3,0,12.7,585.0,723.3,154.0,431.0,27.5398,71.9153,Bhadla_Solar_Park
2023-01-04 15:00:00,19.7,23,1001.5,0,14.5,471.0,659.6,139.0,332.0,27.5398,71.9153,Bhadla_Solar_Park
2023-01-04 16:00:00,19.7,22,1001.1,0,16.1,306.0,529.7,113.0,193.0,27.5398,71.9153,Bhadla_Solar_Park
2023-01-04 17:00:00,18.7,25,1001.6,0,13.0,125.0,302.6,68.0,57.0,27.5398,71.9153,Bhadla_Solar_Park
2023-01-04 18:00:00,16.7,29,1001.7,0,12.7,9.0,15.1,8.0,1.0,27.5398,71.9153,Bhadla_Solar_Park
2023-01-04 19:00:00,15.4,32,1002.0,0,13.3,0.0,0.0,0.0,0.0,27.5398,71.9153,Bhadla_Solar_Park
2023-01-04 20:00:00,14.1,36,1002.3,0,13.4,0.0,0.0,0.0,0.0,27.5398,71.9153,Bhadla_Solar_Park
2023-01-04 21:00:00,12.8,41,1002.6,0,12.0,0.0,0.0,0.0,0.0,27.5398,71.9153,Bhadla_Solar_Park
2023-01-04 22:00:00,11.5,45,1002.9,0,11.6,0.0,0.0,0.0,0.0,27.5398,71.9153,Bhadla_Solar_Park
2023-01-04 23:00:00,10.6,49,1002.9,0,11.5,0.0,0.0,0.0,0.0,27.5398,71.9153,Bhadla_Solar_Park
2023-01-05 00:00:00,9.6,54,1002.7,0,11.0,0.0,0.0,0.0,0.0,27.5398,71.9153,Bhadla_Solar_Park
2023-01-05 01:00:00,8.7,58,1002.3,0,10.7,0.0,0.0,0.0,0.0,27.5398,71.9153,Bhadla_Solar_Park
2023-01-05 02:00:00,8.0,62,1002.2,0,10.6,0.0,0.0,0.0,0.0,27.5398,71.9153,Bhadla_Solar_Park
2023-01-05 03:00:00,7.4,65,1001.9,0,11.3,0.0,0.0,0.0,0.0,27.5398,71.9153,Bhadla_Solar_Park
2023-01-05 04:00:00,7.0,68,1001.5,0,11.7,0.0,0.0,0.0,0.0,27.5398,71.9153,Bhadla_Solar_Park
2023-01-05 05:00:00,6.0,74,1001.7,0,11.3,0.0,0.0,0.0,0.0,27.5398,71.9153,Bhadla_Solar_Park
2023-01-05 06:00:00,5.6,77,1002.4,0,12.6,0.0,0.0,0.0,0.0,27.5398,71.9153,Bhadla_Solar_Park
2023-01-05 07:00:00,5.4,81,1003.1,0,12.9,0.0,0.0,0.0,0.0,27.5398,71.9153,Bhadla_Solar_Park
2023-01-05 08:00:00,6.4,77,1004.1,0,12.1,43.0,127.2,29.0,14.0,27.5398,71.9153,Bhadla_Solar_Park
2023-01-05 09:00:00,9.3,64,1005.3,0,9.4,202.0,405.1,93.0,109.0,27.5398,71.9153,Bhadla_Solar_Park
2023-01-05 10:00:00,12.4,53,1005.8,0,10.0,381.0,585.3,129.0,252.0,27.5398,71.9153,Bhadla_Solar_Park
2023-01-05 11:00:00,15.2,43,1005.4,0,12.3,526.0,682.8,150.0,376.0,27.5398,71.9153,Bhadla_Solar_Park
2023-01-05 12:00:00,17.3,34,1004.2,0,13.5,614.0,730.9,160.0,454.0,27.5398,71.9153,Bhadla_Solar_Park
2023-01-05 13:00:00,18.6,30,1003.0,0,14.5,635.0,743.8,161.0,474.0,27.5398,71.9153,Bhadla_Solar_Park
2023-01-05 14:00:00,19.7,28,1002.2,0,14.7,587.0,722.6,155.0,432.0,27.5398,71.9153,Bhadla_Solar_Park
2023-01-05 15:00:00,20.3,25,1001.7,0,15.8,472.0,658.6,139.0,333.0,27.5398,71.9153,Bhadla_Solar_Park
2023-01-05 16:00:00,20.1,25,1001.7,0,16.3,308.0,531.6,113.0,195.0,27.5398,71.9153,Bhadla_Solar_Park
2023-01-05 17:00:00,19.3,26,1001.9,0,13.0,127.0,303.8,69.0,58.0,27.5398,71.9153,Bhadla_Solar_Park
2023-01-05 18:00:00,17.3,30,1002.1,0,14.7,10.0,29.6,8.0,2.0,27.5398,71.9153,Bhadla_Solar_Park
2023-01-05 19:00:00,16.1,33,1002.8,0,17.1,0.0,0.0,0.0,0.0,27.5398,71.9153,Bhadla_Solar_Park
2023-01-05 20:00:00,15.1,36,1003.3,0,18.7,0.0,0.0,0.0,0.0,27.5398,71.9153,Bhadla_Solar_Park
2023-01-05 21:00:00,14.2,38,1003.5,0,19.0,0.0,0.0,0.0,0.0,27.5398,71.9153,Bhadla_Solar_Park
2023-01-05 22:00:00,13.3,41,1003.5,0,18.5,0.0,0.0,0.0,0.0,27.5398,71.9153,Bhadla_Solar_Park
2023-01-05 23:00:00,12.4,44,1003.3,0,16.5,0.0,0.0,0.0,0.0,27.5398,71.9153,Bhadla_Solar_Park
2023-01-06 00:00:00,11.2,49,1003.1,0,14.8,0.0,0.0,0.0,0.0,27.5398,71.9153,Bhadla_Solar_Park
2023-01-06 01:00:00,10.0,54,1003.0,0,12.9,0.0,0.0,0.0,0.0,27.5398,71.9153,Bhadla_Solar_Park
2023-01-06 02:00:00,9.0,59,1002.5,0,12.6,0.0,0.0,0.0,0.0,27.5398,71.9153,Bhadla_Solar_Park
2023-01-06 03:00:00,8.2,63,1001.8,0,13.1,0.0,0.0,0.0,0.0,27.5398,71.9153,Bhadla_Solar_Park
2023-01-06 04:00:00,7.6,66,1001.2,0,12.8,0.0,0.0,0.0,0.0,27.5398,71.9153,Bhadla_Solar_Park
2023-01-06 05:00:00,6.2,72,1001.9,0,11.3,0.0,0.0,0.0,0.0,27.5398,71.9153,Bhadla_Solar_Park
2023-01-06 06:00:00,5.7,75,1002.3,0,12.3,0.0,0.0,0.0,0.0,27.5398,71.9153,Bhadla_Solar_Park
2023-01-06 07:00:00,5.1,80,1003.3,0,11.5,0.0,0.0,0.0,0.0,27.5398,71.9153,Bhadla_Solar_Park
2023-01-06 08:00:00,6.0,76,1004.0,5,11.9,42.0,118.2,29.0,13.0,27.5398,71.9153,Bhadla_Solar_Park
2023-01-06 09:00:00,8.5,66,1004.7,0,11.2,201.0,405.3,92.0,109.0,27.5398,71.9153,Bhadla_Solar_Park
2023-01-06 10:00:00,11.6,54,1005.1,0,14.0,381.0,587.2,128.0,253.0,27.5398,71.9153,Bhadla_Solar_Park
2023-01-06 11:00:00,15.1,41,1004.9,24,15.2,527.0,687.3,148.0,379.0,27.5398,71.9153,Bhadla_Solar_Park
2023-01-06 12:00:00,17.9,28,1004.1,11,13.1,616.0,731.0,161.0,455.0,27.5398,71.9153,Bhadla_Solar_Park
2023-01-06 13:00:00,19.7,20,1003.0,3,13.1,634.0,732.5,166.0,468.0,27.5398,71.9153,Bhadla_Solar_Park
2023-01-06 14:00:00,20.8,18,1002.3,0,13.2,577.0,683.5,167.0,410.0,27.5398,71.9153,Bhadla_Solar_Park
2023-01-06 15:00:00,21.4,16,1001.5,0,14.0,465.0,622.1,149.0,316.0,27.5398,71.9153,Bhadla_Solar_Park
2023-01-06 16:00:00,21.3,16,1001.3,0,14.9,311.0,533.3,114.0,197.0,27.5398,71.9153,Bhadla_Solar_Park
2023-01-06 17:00:00,20.2,21,1001.5,2,14.0,129.0,310.0,69.0,60.0,27.5398,71.9153,Bhadla_Solar_Park
2023-01-06 18:00:00,18.0,24,1001.7,0,16.5,10.0,29.0,8.0,2.0,27.5398,71.9153,Bhadla_Solar_Park
2023-01-06 19:00:00,16.8,25,1002.3,0,18.9,0.0,0.0,0.0,0.0,27.5398,71.9153,Bhadla_Solar_Park
2023-01-06 20:00:00,15.6,27,1002.5,0,19.8,0.0,0.0,0.0,0.0,27.5398,71.9153,Bhadla_Solar_Park
2023-01-06 21:00:00,14.6,30,1002.4,0,19.3,0.0,0.0,0.0,0.0,27.5398,71.9153,Bhadla_Solar_Park
2023-01-06 22:00:00,13.4,34,1002.8,5,16.6,0.0,0.0,0.0,0.0,27.5398,71.9153,Bhadla_Solar_Park
2023-01-06 23:00:00,12.2,37,1002.5,14,15.8,0.0,0.0,0.0,0.0,27.5398,71.9153,Bhadla_Solar_Park
2023-01-07 00:00:00,11.1,41,1002.4,0,13.8,0.0,0.0,0.0,0.0,27.5398,71.9153,Bhadla_Solar_Park
2023-01-07 01:00:00,10.1,45,1002.0,50,13.5,0.0,0.0,0.0,0.0,27.5398,71.9153,Bhadla_Solar_Park
2023-01-07 02:00:00,9.1,49,1001.7,0,13.4,0.0,0.0,0.0,0.0,27.5398,71.9153,Bhadla_Solar_Park
2023-01-07 03:00:00,8.3,55,1001.3,0,13.6,0.0,0.0,0.0,0.0,27.5398,71.9153,Bhadla_Solar_Park
2023-01-07 04:00:00,7.6,59,1001.1,0,13.0,0.0,0.0,0.0,0.0,27.5398,71.9153,Bhadla_Solar_Park
2023-01-07 05:00:00,7.1,60,1001.4,0,13.2,0.0,0.0,0.0,0.0,27.5398,71.9153,Bhadla_Solar_Park
2023-01-07 06:00:00,6.5,63,1001.8,0,13.8,0.0,0.0,0.0,0.0,27.5398,71.9153,Bhadla_Solar_Park
2023-01-07 07:00:00,6.0,66,1002.3,0,14.1,0.0,0.0,0.0,0.0,27.5398,71.9153,Bhadla_Solar_Park
2023-01-07 08:00:00,6.8,64,1002.8,0,13.3,41.0,118.3,28.0,13.0,27.5398,71.9153,Bhadla_Solar_Park
2023-01-07 09:00:00,9.2,56,1003.5,0,11.2,197.0,397.9,90.0,107.0,27.5398,71.9153,Bhadla_Solar_Park
2023-01-07 10:00:00,12.4,46,1003.7,3,12.3,374.0,575.0,126.0,248.0,27.5398,71.9153,Bhadla_Solar_Park
2023-01-07 11:00:00,16.0,36,1003.5,28,11.5,518.0,671.7,147.0,371.0,27.5398,71.9153,Bhadla_Solar_Park
2023-01-07 12:00:00,19.0,25,1002.5,68,11.7,599.0,691.0,168.0,431.0,27.5398,71.9153,Bhadla_Solar_Park
2023-01-07 13:00:00,20.9,19,1001.4,75,11.4,610.0,660.2,187.0,423.0,27.5398,71.9153,Bhadla_Solar_Park
2023-01-07 14:00:00,22.0,17,1000.3,59,10.8,564.0,639.5,179.0,385.0,27.5398,71.9153,Bhadla_Solar_Park
2023-01-07 15:00:00,22.5,16,999.5,91,10.0,452.0,572.1,160.0,292.0,27.5398,71.9153,Bhadla_Solar_Park
2023-01-07 16:00:00,22.4,17,999.3,98,9.7,272.0,317.2,154.0,118.0,27.5398,71.9153,Bhadla_Solar_Park
2023-01-07 17:00:00,20.9,21,999.6,93,12.1,105.0,117.2,82.0,23.0,27.5398,71.9153,Bhadla_Solar_Park
2023-01-07 18:00:00,18.8,23,1000.2,99,14.8,10.0,14.2,9.0,1.0,27.5398,71.9153,Bhadla_Solar_Park
2023-01-07 19:00:00,17.8,25,1000.8,100,15.9,0.0,0.0,0.0,0.0,27.5398,71.9153,Bhadla_Solar_Park
2023-01-07 20:00:00,16.6,27,1001.1,93,16.3,0.0,0.0,0.0,0.0,27.5398,71.9153,Bhadla_Solar_Park
2023-01-07 21:00:00,15.3,31,1001.3,7,16.3,0.0,0.0,0.0,0.0,27.5398,71.9153,Bhadla_Solar_Park
2023-01-07 22:00:00,14.2,37,1001.4,0,16.3,0.0,0.0,0.0,0.0,27.5398,71.9153,Bhadla_Solar_Park
2023-01-07 23:00:00,13.2,42,1001.2,44,16.3,0.0,0.0,0.0,0.0,27.5398,71.9153,Bhadla_Solar_Park
2023-01-08 00:00:00,12.3,47,1000.6,8,15.2,0.0,0.0,0.0,0.0,27.5398,71.9153,Bhadla_Solar_Park
2023-01-08 01:00:00,11.4,52,999.9,9,13.6,0.0,0.0,0.0,0.0,27.5398,71.9153,Bhadla_Solar_Park
2023-01-08 02:00:00,10.5,56,999.3,3,12.3,0.0,0.0,0.0,0.0,27.5398,71.9153,Bhadla_Solar_Park
2023-01-08 03:00:00,9.6,60,998.8,13,11.2,0.0,0.0,0.0,0.0,27.5398,71.9153,Bhadla_Solar_Park
2023-01-08 04:00:00,8.8,64,998.7,36,9.8,0.0,0.0,0.0,0.0,27.5398,71.9153,Bhadla_Solar_Park
2023-01-08 05:00:00,7.7,71,999.1,15,9.0,0.0,0.0,0.0,0.0,27.5398,71.9153,Bhadla_Solar_Park
2023-01-08 06:00:00,7.0,75,999.5,0,9.3,0.0,0.0,0.0,0.0,27.5398,71.9153,Bhadla_Solar_Park
2023-01-08 07:00:00,6.4,79,1000.1,0,9.4,0.0,0.0,0.0,0.0,27.5398,71.9153,Bhadla_Solar_Park
2023-01-08 08:00:00,7.3,75,1000.6,0,8.4,40.0,118.4,27.0,13.0,27.5398,71.9153,Bhadla_Solar_Park
2023-01-08 09:00:00,10.1,62,1001.2,0,6.5,195.0,394.1,89.0,106.0,27.5398,71.9153,Bhadla_Solar_Park
2023-01-08 10:00:00,13.0,51,1001.6,23,6.2,372.0,572.1,125.0,247.0,27.5398,71.9153,Bhadla_Solar_Park
2023-01-08 11:00:00,15.9,41,1001.2,0,5.2,514.0,661.5,148.0,366.0,27.5398,71.9153,Bhadla_Solar_Park
2023-01-08 12:00:00,18.8,32,1000.3,0,3.9,604.0,716.7,156.0,448.0,27.5398,71.9153,Bhadla_Solar_Park
2023-01-08 13:00:00,20.7,27,999.0,0,3.3,625.0,728.4,157.0,468.0,27.5398,71.9153,Bhadla_Solar_Park
2023-01-08 14:00:00,21.8,25,998.1,0,3.4,579.0,706.7,152.0,427.0,27.5398,71.9153,Bhadla_Solar_Park
2023-01-08 15:00:00,22.4,26,997.6,0,4.6,468.0,645.4,137.0,331.0,27.5398,71.9153,Bhadla_Solar_Park
2023-01-08 16:00:00,22.4,26,997.5,0,6.2,308.0,523.2,112.0,196.0,27.5398,71.9153,Bhadla_Solar_Park
2023-01-08 17:00:00,22.0,29,997.1,0,5.9,130.0,306.5,69.0,61.0,27.5398,71.9153,Bhadla_Solar_Park
2023-01-08 18:00:00,19.6,32,997.6,0,9.6,11.0,27.8,9.0,2.0,27.5398,71.9153,Bhadla_Solar_Park
2023-01-08 19:00:00,18.2,34,998.3,0,10.8,0.0,0.0,0.0,0.0,27.5398,71.9153,Bhadla_Solar_Park
2023-01-08 20:00:00,16.8,37,998.6,38,10.8,0.0,0.0,0.0,0.0,27.5398,71.9153,Bhadla_Solar_Park
2023-01-08 21:00:00,15.5,39,999.0,100,11.3,0.0,0.0,0.0,0.0,27.5398,71.9153,Bhadla_Solar_Park
2023-01-08 22:00:00,14.5,40,998.9,100,11.0,0.0,0.0,0.0,0.0,27.5398,71.9153,Bhadla_Solar_Park
2023-01-08 23:00:00,13.5,41,998.9,99,9.7,0.0,0.0,0.0,0.0,27.5398,71.9153,Bhadla_Solar_Park
2023-01-09 00:00:00,12.8,42,998.9,84,9.7,0.0,0.0,0.0,0.0,27.5398,71.9153,Bhadla_Solar_Park
2023-01-09 01:00:00,12.2,43,998.6,37,10.2,0.0,0.0,0.0,0.0,27.5398,71.9153,Bhadla_Solar_Park
2023-01-09 02:00:00,11.0,47,998.3,33,9.1,0.0,0.0,0.0,0.0,27.5398,71.9153,Bhadla_Solar_Park
2023-01-09 03:00:00,10.2,50,998.4,66,6.6,0.0,0.0,0.0,0.0,27.5398,71.9153,Bhadla_Solar_Park
2023-01-09 04:00:00,9.9,51,998.2,99,6.6,0.0,0.0,0.0,0.0,27.5398,71.9153,Bhadla_Solar_Park
2023-01-09 05:00:00,10.1,53,998.7,13,7.1,0.0,0.0,0.0,0.0,27.5398,71.9153,Bhadla_Solar_Park
2023-01-09 06:00:00,11.8,47,999.7,47,3.4,0.0,0.0,0.0,0.0,27.5398,71.9153,Bhadla_Solar_Park
2023-01-09 07:00:00,8.3,61,1000.3,52,8.0,0.0,0.0,0.0,0.0,27.5398,71.9153,Bhadla_Solar_Park
2023-01-09 08:00:00,9.7,55,1001.1,92,7.7,39.0,91.0,29.0,10.0,27.5398,71.9153,Bhadla_Solar_Park
2023-01-09 09:00:00,12.5,46,1002.0,72,6.6,183.0,300.9,102.0,81.0,27.5398,71.9153,Bhadla_Solar_Park
2023-01-09 10:00:00,15.9,37,1002.5,66,6.5,352.0,478.8,145.0,207.0,27.5398,71.9153,Bhadla_Solar_Park
2023-01-09 11:00:00,18.9,30,1002.1,99,6.1,476.0,519.6,188.0,288.0,27.5398,71.9153,Bhadla_Solar_Park
2023-01-09 12:00:00,20.6,27,1001.3,100,4.2,520.0,408.5,264.0,256.0,27.5398,71.9153,Bhadla_Solar_Park
2023-01-09 13:00:00,21.7,26,1000.1,100,4.1,559.0,491.9,242.0,317.0,27.5398,71.9153,Bhadla_Solar_Park
2023-01-09 14:00:00,22.3,25,999.2,100,6.3,484.0,372.6,258.0,226.0,27.5398,71.9153,Bhadla_Solar_Park
2023-01-09 15:00:00,22.3,26,998.9,100,7.5,349.0,201.8,245.0,104.0,27.5398,71.9153,Bhadla_Solar_Park
2023-01-09 16:00:00,22.1,26,998.9,100,9.6,212.0,116.6,168.0,44.0,27.5398,71.9153,Bhadla_Solar_Park
2023-01-09 17:00:00,21.1,33,999.0,97,11.7,85.0,19.8,81.0,4.0,27.5398,71.9153,Bhadla_Solar_Park
2023-01-09 18:00:00,19.2,37,999.1,21,10.8,11.0,13.7,10.0,1.0,27.5398,71.9153,Bhadla_Solar_Park
2023-01-09 19:00:00,17.7,41,999.8,26,10.7,0.0,0.0,0.0,0.0,27.5398,71.9153,Bhadla_Solar_Park
2023-01-09 20:00:00,16.4,45,1000.2,93,9.3,0.0,0.0,0.0,0.0,27.5398,71.9153,Bhadla_Solar_Park
2023-01-09 21:00:00,15.9,47,1000.5,90,8.9,0.0,0.0,0.0,0.0,27.5398,71.9153,Bhadla_Solar_Park
2023-01-09 22:00:00,15.1,50,1000.5,29,8.8,0.0,0.0,0.0,0.0,27.5398,71.9153,Bhadla_Solar_Park
2023-01-09 23:00:00,13.6,54,1000.0,0,8.9,0.0,0.0,0.0,0.0,27.5398,71.9153,Bhadla_Solar_Park
2023-01-10 00:00:00,12.9,56,999.9,0,10.0,0.0,0.0,0.0,0.0,27.5398,71.9153,Bhadla_Solar_Park
2023-01-10 01:00:00,12.1,59,999.6,0,10.2,0.0,0.0,0.0,0.0,27.5398,71.9153,Bhadla_Solar_Park
2023-01-10 02:00:00,11.3,61,999.3,0,10.2,0.0,0.0,0.0,0.0,27.5398,71.9153,Bhadla_Solar_Park
2023-01-10 03:00:00,10.5,64,999.1,0,9.5,0.0,0.0,0.0,0.0,27.5398,71.9153,Bhadla_Solar_Park
2023-01-10 04:00:00,10.0,66,999.1,0,9.8,0.0,0.0,0.0,0.0,27.5398,71.9153,Bhadla_Solar_Park
2023-01-10 05:00:00,8.9,69,999.4,0,9.2,0.0,0.0,0.0,0.0,27.5398,71.9153,Bhadla_Solar_Park
2023-01-10 06:00:00,7.8,73,999.7,0,9.4,0.0,0.0,0.0,0.0,27.5398,71.9153,Bhadla_Solar_Park
2023-01-10 07:00:00,7.5,74,1000.3,0,9.4,0.0,0.0,0.0,0.0,27.5398,71.9153,Bhadla_Solar_Park
2023-01-10 08:00:00,9.1,66,1001.0,0,8.8,40.0,118.3,27.0,13.0,27.5398,71.9153,Bhadla_Solar_Park
2023-01-10 09:00:00,12.2,54,1002.0,0,6.3,196.0,393.5,90.0,106.0,27.5398,71.9153,Bhadla_Solar_Park
2023-01-10 10:00:00,15.9,42,1002.5,0,5.8,372.0,570.4,125.0,247.0,27.5398,71.9153,Bhadla_Solar_Park
2023-01-10 11:00:00,18.7,34,1002.3,0,7.1,514.0,664.4,145.0,369.0,27.5398,71.9153,Bhadla_Solar_Park
2023-01-10 12:00:00,20.6,28,1001.1,0,7.7,603.0,711.6,156.0,447.0,27.5398,71.9153,Bhadla_Solar_Park
2023-01-10 13:00:00,22.0,23,999.9,0,6.7,626.0,724.0,158.0,468.0,27.5398,71.9153,Bhadla_Solar_Park
2023-01-10 14:00:00,22.9,20,998.6,0,6.6,580.0,704.6,151.0,429.0,27.5398,71.9153,Bhadla_Solar_Park
2023-01-10 15:00:00,23.4,19,997.9,11,7.0,470.0,644.7,136.0,334.0,27.5398,71.9153,Bhadla_Solar_Park
2023-01-10 16:00:00,23.3,19,997.5,0,6.7,312.0,523.5,113.0,199.0,27.5398,71.9153,Bhadla_Solar_Park
2023-01-10 17:00:00,22.2,21,997.3,0,7.3,134.0,312.8,70.0,64.0,27.5398,71.9153,Bhadla_Solar_Park
2023-01-10 18:00:00,19.7,26,997.6,0,9.4,12.0,26.8,10.0,2.0,27.5398,71.9153,Bhadla_Solar_Park
2023-01-10 19:00:00,18.2,31,997.9,54,10.2,0.0,0.0,0.0,0.0,27.5398,71.9153,Bhadla_Solar_Park
2023-01-10 20:00:00,16.9,35,997.9,15,10.6,0.0,0.0,0.0,0.0,27.5398,71.9153,Bhadla_Solar_Park
2023-01-10 21:00:00,15.6,39,998.0,13,10.2,0.0,0.0,0.0,0.0,27.5398,71.9153,Bhadla_Solar_Park
2023-01-10 22:00:00,14.2,42,998.0,57,8.9,0.0,0.0,0.0,0.0,27.5398,71.9153,Bhadla_Solar_Park
2023-01-10 23:00:00,13.1,45,997.6,33,8.2,0.0,0.0,0.0,0.0,27.5398,71.9153,Bhadla_Solar_Park
2023-01-11 00:00:00,12.5,45,996.6,76,9.0,0.0,0.0,0.0,0.0,27.5398,71.9153,Bhadla_Solar_Park
2023-01-11 01:00:00,11.8,44,995.7,96,9.5,0.0,0.0,0.0,0.0,27.5398,71.9153,Bhadla_Solar_Park
2023-01-11 02:00:00,11.2,42,995.0,92,9.4,0.0,0.0,0.0,0.0,27.5398,71.9153,Bhadla_Solar_Park
2023-01-11 03:00:00,10.5,43,994.3,92,10.1,0.0,0.0,0.0,0.0,27.5398,71.9153,Bhadla_Solar_Park
2023-01-11 04:00:00,9.9,44,993.7,11,10.3,0.0,0.0,0.0,0.0,27.5398,71.9153,Bhadla_Solar_Park
2023-01-11 05:00:00,9.4,47,994.2,1,11.6,0.0,0.0,0.0,0.0,27.5398,71.9153,Bhadla_Solar_Park
2023-01-11 06:00:00,8.8,47,994.2,40,12.1,0.0,0.0,0.0,0.0,27.5398,71.9153,Bhadla_Solar_Park
2023-01-11 07:00:00,8.8,48,994.4,33,13.1,0.0,0.0,0.0,0.0,27.5398,71.9153,Bhadla_Solar_Park
2023-01-11 08:00:00,10.4,43,994.7,4,13.3,41.0,127.3,27.0,14.0,27.5398,71.9153,Bhadla_Solar_Park
2023-01-11 09:00:00,14.5,35,995.6,23,13.3,198.0,407.8,88.0,110.0,27.5398,71.9153,Bhadla_Solar_Park
2023-01-11 10:00:00,18.8,29,995.7,12,14.1,374.0,580.9,122.0,252.0,27.5398,71.9153,Bhadla_Solar_Park
2023-01-11 11:00:00,22.1,27,995.4,0,20.4,517.0,675.5,141.0,376.0,27.5398,71.9153,Bhadla_Solar_Park
2023-01-11 12:00:00,23.9,24,994.5,0,21.9,597.0,709.7,150.0,447.0,27.5398,71.9153,Bhadla_Solar_Park
2023-01-11 13:00:00,25.0,25,993.0,0,21.4,615.0,712.4,153.0,462.0,27.5398,71.9153,Bhadla_Solar_Park
2023-01-11 14:00:00,25.6,27,991.7,0,21.9,569.0,688.7,148.0,421.0,27.5398,71.9153,Bhadla_Solar_Park
2023-01-11 15:00:00,25.9,28,990.5,1,25.1,461.0,628.0,134.0,327.0,27.5398,71.9153,Bhadla_Solar_Park
2023-01-11 16:00:00,25.7,31,990.3,0,27.0,305.0,509.1,110.0,195.0,27.5398,71.9153,Bhadla_Solar_Park
2023-01-11 17:00:00,24.9,35,990.2,0,19.8,132.0,303.6,69.0,63.0,27.5398,71.9153,Bhadla_Solar_Park
2023-01-11 18:00:00,23.4,39,990.6,9,15.1,12.0,26.3,10.0,2.0,27.5398,71.9153,Bhadla_Solar_Park
2023-01-11 19:00:00,21.9,44,991.1,3,12.1,0.0,0.0,0.0,0.0,27.5398,71.9153,Bhadla_Solar_Park
2023-01-11 20:00:00,21.0,49,991.5,0,14.9,0.0,0.0,0.0,0.0,27.5398,71.9153,Bhadla_Solar_Park
2023-01-11 21:00:00,20.0,54,992.1,0,17.5,0.0,0.0,0.0,0.0,27.5398,71.9153,Bhadla_Solar_Park
2023-01-11 22:00:00,18.7,57,992.5,0,16.2,0.0,0.0,0.0,0.0,27.5398,71.9153,Bhadla_Solar_Park
2023-01-11 23:00:00,17.1,59,992.4,0,13.3,0.0,0.0,0.0,0.0,27.5398,71.9153,Bhadla_Solar_Park
2023-01-12 00:00:00,16.0,58,992.2,0,14.0,0.0,0.0,0.0,0.0,27.5398,71.9153,Bhadla_Solar_Park
2023-01-12 01:00:00,14.9,59,991.7,0,11.5,0.0,0.0,0.0,0.0,27.5398,71.9153,Bhadla_Solar_Park
2023-01-12 02:00:00,13.9,59,991.0,0,10.2,0.0,0.0,0.0,0.0,27.5398,71.9153,Bhadla_Solar_Park
2023-01-12 03:00:00,13.4,58,990.6,0,11.2,0.0,0.0,0.0,0.0,27.5398,71.9153,Bhadla_Solar_Park
2023-01-12 04:00:00,12.8,57,990.2,0,12.3,0.0,0.0,0.0,0.0,27.5398,71.9153,Bhadla_Solar_Park
2023-01-12 05:00:00,12.0,64,990.7,3,11.5,0.0,0.0,0.0,0.0,27.5398,71.9153,Bhadla_Solar_Park
2023-01-12 06:00:00,11.1,66,990.9,0,11.6,0.0,0.0,0.0,0.0,27.5398,71.9153,Bhadla_Solar_Park
2023-01-12 07:00:00,10.3,68,991.4,0,11.5,0.0,0.0,0.0,0.0,27.5398,71.9153,Bhadla_Solar_Park
2023-01-12 08:00:00,10.9,67,992.2,0,10.1,40.0,118.0,27.0,13.0,27.5398,71.9153,Bhadla_Solar_Park
2023-01-12 09:00:00,12.9,67,992.9,0,8.4,196.0,399.7,88.0,108.0,27.5398,71.9153,Bhadla_Solar_Park
2023-01-12 10:00:00,14.9,68,993.4,0,8.3,373.0,575.1,123.0,250.0,27.5398,71.9153,Bhadla_Solar_Park
2023-01-12 11:00:00,16.9,60,993.3,0,8.8,519.0,672.1,144.0,375.0,27.5398,71.9153,Bhadla_Solar_Park
2023-01-12 12:00:00,19.0,51,992.3,0,10.7,608.0,720.4,153.0,455.0,27.5398,71.9153,Bhadla_Solar_Park
2023-01-12 13:00:00,20.7,44,991.5,0,12.1,633.0,734.6,155.0,478.0,27.5398,71.9153,Bhadla_Solar_Park
2023-01-12 14:00:00,21.7,39,990.6,0,13.4,588.0,715.2,149.0,439.0,27.5398,71.9153,Bhadla_Solar_Park
2023-01-12 15:00:00,22.1,37,990.4,0,14.3,480.0,657.2,136.0,344.0,27.5398,71.9153,Bhadla_Solar_Park
2023-01-12 16:00:00,21.7,38,990.2,0,15.0,320.0,539.0,112.0,208.0,27.5398,71.9153,Bhadla_Solar_Park
2023-01-12 17:00:00,20.4,39,990.6,0,12.3,141.0,328.0,72.0,69.0,27.5398,71.9153,Bhadla_Solar_Park
2023-01-12 18:00:00,18.5,46,991.0,0,9.0,14.0,38.6,11.0,3.0,27.5398,71.9153,Bhadla_Solar_Park
2023-01-12 19:00:00,17.0,52,991.5,0,9.4,0.0,0.0,0.0,0.0,27.5398,71.9153,Bhadla_Solar_Park
2023-01-12 20:00:00,15.9,57,992.1,0,10.6,0.0,0.0,0.0,0.0,27.5398,71.9153,Bhadla_Solar_Park
2023-01-12 21:00:00,14.7,63,992.1,0,10.2,0.0,0.0,0.0,0.0,27.5398,71.9153,Bhadla_Solar_Park
2023-01-12 22:00:00,13.8,70,992.5,0,11.3,0.0,0.0,0.0,0.0,27.5398,71.9153,Bhadla_Solar_Park
2023-01-12 23:00:00,12.9,76,992.5,0,11.0,0.0,0.0,0.0,0.0,27.5398,71.9153,Bhadla_Solar_Park
2023-01-13 00:00:00,12.2,82,992.2,0,11.2,0.0,0.0,0.0,0.0,27.5398,71.9153,Bhadla_Solar_Park
2023-01-13 01:00:00,11.1,87,991.9,0,9.4,0.0,0.0,0.0,0.0,27.5398,71.9153,Bhadla_Solar_Park
2023-01-13 02:00:00,10.4,90,991.7,0,9.4,0.0,0.0,0.0,0.0,27.5398,71.9153,Bhadla_Solar_Park
2023-01-13 03:00:00,9.8,92,991.6,0,10.0,0.0,0.0,0.0,0.0,27.5398,71.9153,Bhadla_Solar_Park
2023-01-13 04:00:00,9.3,93,991.8,0,9.8,0.0,0.0,0.0,0.0,27.5398,71.9153,Bhadla_Solar_Park
2023-01-13 05:00:00,9.2,96,992.1,0,10.1,0.0,0.0,0.0,0.0,27.5398,71.9153,Bhadla_Solar_Park
2023-01-13 06:00:00,8.8,96,992.6,0,10.1,0.0,0.0,0.0,0.0,27.5398,71.9153,Bhadla_Solar_Park
2023-01-13 07:00:00,8.1,92,993.2,0,10.3,0.0,0.0,0.0,0.0,27.5398,71.9153,Bhadla_Solar_Park
2023-01-13 08:00:00,9.0,71,993.8,0,11.2,43.0,136.0,28.0,15.0,27.5398,71.9153,Bhadla_Solar_Park
2023-01-13 09:00:00,11.7,44,995.2,0,11.1,211.0,446.9,90.0,121.0,27.5398,71.9153,Bhadla_Solar_Park
2023-01-13 10:00:00,13.8,27,996.1,0,12.0,399.0,628.9,125.0,274.0,27.5398,71.9153,Bhadla_Solar_Park
2023-01-13 11:00:00,16.3,22,996.0,0,12.0,550.0,724.0,145.0,405.0,27.5398,71.9153,Bhadla_Solar_Park
2023-01-13 12:00:00,18.7,18,995.1,0,12.6,645.0,771.9,156.0,489.0,27.5398,71.9153,Bhadla_Solar_Park
2023-01-13 13:00:00,20.1,13,994.3,0,15.1,673.0,788.8,158.0,515.0,27.5398,71.9153,Bhadla_Solar_Park
2023-01-13 14:00:00,20.4,11,993.6,0,16.0,629.0,772.3,153.0,476.0,27.5398,71.9153,Bhadla_Solar_Park
2023-01-13 15:00:00,20.2,13,993.5,0,16.1,515.0,714.5,139.0,376.0,27.5398,71.9153,Bhadla_Solar_Park
2023-01-13 16:00:00,19.4,18,993.7,0,15.8,346.0,591.6,116.0,230.0,27.5398,71.9153,Bhadla_Solar_Park
2023-01-13 17:00:00,18.4,18,994.6,0,13.7,154.0,370.4,75.0,79.0,27.5398,71.9153,Bhadla_Solar_Park
2023-01-13 18:00:00,15.9,24,995.5,0,10.8,16.0,50.6,12.0,4.0,27.5398,71.9153,Bhadla_Solar_Park
2023-01-13 19:00:00,14.3,29,996.2,0,11.0,0.0,0.0,0.0,0.0,27.5398,71.9153,Bhadla_Solar_Park
2023-01-13 20:00:00,13.1,33,996.3,0,10.9,0.0,0.0,0.0,0.0,27.5398,71.9153,Bhadla_Solar_Park
2023-01-13 21:00:00,11.9,40,997.3,0,9.7,0.0,0.0,0.0,0.0,27.5398,71.9153,Bhadla_Solar_Park
2023-01-13 22:00:00,11.8,61,997.9,0,11.6,0.0,0.0,0.0,0.0,27.5398,71.9153,Bhadla_Solar_Park
2023-01-13 23:00:00,11.4,56,998.0,0,13.3,0.0,0.0,0.0,0.0,27.5398,71.9153,Bhadla_Solar_Park
2023-01-14 00:00:00,10.2,54,997.8,0,12.8,0.0,0.0,0.0,0.0,27.5398,71.9153,Bhadla_Solar_Park
2023-01-14 01:00:00,9.4,58,997.5,26,12.7,0.0,0.0,0.0,0.0,27.5398,71.9153,Bhadla_Solar_Park
2023-01-14 02:00:00,8.5,63,997.3,0,12.5,0.0,0.0,0.0,0.0,27.5398,71.9153,Bhadla_Solar_Park
2023-01-14 03:00:00,7.7,65,997.1,0,12.3,0.0,0.0,0.0,0.0,27.5398,71.9153,Bhadla_Solar_Park
2023-01-14 04:00:00,7.0,65,997.3,21,12.0,0.0,0.0,0.0,0.0,27.5398,71.9153,Bhadla_Solar_Park
2023-01-14 05:00:00,5.8,70,997.5,55,10.1,0.0,0.0,0.0,0.0,27.5398,71.9153,Bhadla_Solar_Park
2023-01-14 06:00:00,5.2,71,997.8,0,10.3,0.0,0.0,0.0,0.0,27.5398,71.9153,Bhadla_Solar_Park
2023-01-14 07:00:00,4.7,71,998.5,10,9.7,0.0,0.0,0.0,0.0,27.5398,71.9153,Bhadla_Solar_Park
2023-01-14 08:00:00,6.2,62,999.6,0,8.3,43.0,126.6,29.0,14.0,27.5398,71.9153,Bhadla_Solar_Park
2023-01-14 09:00:00,8.9,49,1000.6,0,6.8,207.0,423.8,92.0,115.0,27.5398,71.9153,Bhadla_Solar_Park
2023-01-14 10:00:00,12.0,36,1001.5,0,7.3,393.0,609.1,127.0,266.0,27.5398,71.9153,Bhadla_Solar_Park
2023-01-14 11:00:00,14.6,24,1001.1,0,10.0,545.0,707.8,148.0,397.0,27.5398,71.9153,Bhadla_Solar_Park
2023-01-14 12:00:00,16.1,22,1000.4,0,10.9,640.0,757.0,159.0,481.0,27.5398,71.9153,Bhadla_Solar_Park
2023-01-14 13:00:00,17.0,23,999.3,0,12.1,665.0,770.8,160.0,505.0,27.5398,71.9153,Bhadla_Solar_Park
2023-01-14 14:00:00,17.5,21,998.5,0,12.6,620.0,751.3,155.0,465.0,27.5398,71.9153,Bhadla_Solar_Park
2023-01-14 15:00:00,17.6,20,998.1,0,13.0,508.0,693.7,141.0,367.0,27.5398,71.9153,Bhadla_Solar_Park
2023-01-14 16:00:00,17.4,20,998.1,0,13.1,343.0,577.0,117.0,226.0,27.5398,71.9153,Bhadla_Solar_Park
2023-01-14 17:00:00,16.6,19,998.0,0,11.2,154.0,360.7,76.0,78.0,27.5398,71.9153,Bhadla_Solar_Park
2023-01-14 18:00:00,14.6,22,998.3,0,10.8,17.0,49.6,13.0,4.0,27.5398,71.9153,Bhadla_Solar_Park
2023-01-14 19:00:00,12.8,26,998.8,37,9.7,0.0,0.0,0.0,0.0,27.5398,71.9153,Bhadla_Solar_Park
2023-01-14 20:00:00,11.3,29,999.1,15,9.0,0.0,0.0,0.0,0.0,27.5398,71.9153,Bhadla_Solar_Park
2023-01-14 21:00:00,9.9,33,999.0,0,8.3,0.0,0.0,0.0,0.0,27.5398,71.9153,Bhadla_Solar_Park
2023-01-14 22:00:00,9.3,34,999.0,0,7.7,0.0,0.0,0.0,0.0,27.5398,71.9153,Bhadla_Solar_Park
2023-01-14 23:00:00,8.5,36,998.9,0,7.8,0.0,0.0,0.0,0.0,27.5398,71.9153,Bhadla_Solar_Park
2023-01-15 00:00:00,7.2,41,998.4,0,9.1,0.0,0.0,0.0,0.0,27.5398,71.9153,Bhadla_Solar_Park
2023-01-15 01:00:00,6.7,45,998.2,0,10.5,0.0,0.0,0.0,0.0,27.5398,71.9153,Bhadla_Solar_Park
2023-01-15 02:00:00,5.8,50,997.9,0,10.0,0.0,0.0,0.0,0.0,27.5398,71.9153,Bhadla_Solar_Park
2023-01-15 03:00:00,5.0,54,997.2,0,10.4,0.0,0.0,0.0,0.0,27.5398,71.9153,Bhadla_Solar_Park
2023-01-15 04:00:00,4.6,55,996.8,0,11.2,0.0,0.0,0.0,0.0,27.5398,71.9153,Bhadla_Solar_Park
2023-01-15 05:00:00,3.8,60,996.9,0,12.2,0.0,0.0,0.0,0.0,27.5398,71.9153,Bhadla_Solar_Park
2023-01-15 06:00:00,2.6,65,997.0,0,12.8,0.0,0.0,0.0,0.0,27.5398,71.9153,Bhadla_Solar_Park
2023-01-15 07:00:00,2.0,70,997.6,0,11.9,0.0,0.0,0.0,0.0,27.5398,71.9153,Bhadla_Solar_Park
2023-01-15 08:00:00,3.6,61,998.5,0,11.4,44.0,135.3,29.0,15.0,27.5398,71.9153,Bhadla_Solar_Park
2023-01-15 09:00:00,7.6,43,999.3,0,10.3,213.0,444.7,92.0,121.0,27.5398,71.9153,Bhadla_Solar_Park
2023-01-15 10:00:00,11.8,30,999.7,0,10.3,401.0,625.7,127.0,274.0,27.5398,71.9153,Bhadla_Solar_Park
2023-01-15 11:00:00,14.4,22,999.3,0,10.6,554.0,721.8,148.0,406.0,27.5398,71.9153,Bhadla_Solar_Park
2023-01-15 12:00:00,15.4,19,998.0,0,6.2,648.0,770.3,157.0,491.0,27.5398,71.9153,Bhadla_Solar_Park
2023-01-15 13:00:00,16.4,17,997.1,0,5.5,675.0,783.2,160.0,515.0,27.5398,71.9153,Bhadla_Solar_Park
2023-01-15 14:00:00,17.1,16,996.0,28,5.2,628.0,762.6,154.0,474.0,27.5398,71.9153,Bhadla_Solar_Park
2023-01-15 15:00:00,17.4,15,995.2,27,5.1,505.0,659.9,154.0,351.0,27.5398,71.9153,Bhadla_Solar_Park
2023-01-15 16:00:00,17.5,15,994.9,0,5.6,340.0,539.7,127.0,213.0,27.5398,71.9153,Bhadla_Solar_Park
2023-01-15 17:00:00,17.2,16,994.7,0,5.8,158.0,374.1,76.0,82.0,27.5398,71.9153,Bhadla_Solar_Park
2023-01-15 18:00:00,14.9,22,994.8,0,5.8,18.0,48.7,14.0,4.0,27.5398,71.9153,Bhadla_Solar_Park
2023-01-15 19:00:00,13.4,24,995.2,0,6.6,0.0,0.0,0.0,0.0,27.5398,71.9153,Bhadla_Solar_Park
2023-01-15 20:00:00,13.0,24,995.5,0,5.3,0.0,0.0,0.0,0.0,27.5398,71.9153,Bhadla_Solar_Park
2023-01-15 21:00:00,12.9,24,995.6,0,4.9,0.0,0.0,0.0,0.0,27.5398,71.9153,Bhadla_Solar_Park
2023-01-15 22:00:00,11.0,27,995.8,0,6.4,0.0,0.0,0.0,0.0,27.5398,71.9153,Bhadla_Solar_Park
2023-01-15 23:00:00,9.3,31,995.8,0,8.0,0.0,0.0,0.0,0.0,27.5398,71.9153,Bhadla_Solar_Park
2023-01-16 00:00:00,8.5,32,995.5,0,7.9,0.0,0.0,0.0,0.0,27.5398,71.9153,Bhadla_Solar_Park
2023-01-16 01:00:00,7.6,35,995.2,0,8.8,0.0,0.0,0.0,0.0,27.5398,71.9153,Bhadla_Solar_Park
2023-01-16 02:00:00,7.1,35,995.0,0,8.6,0.0,0.0,0.0,0.0,27.5398,71.9153,Bhadla_Solar_Park
2023-01-16 03:00:00,7.2,35,994.9,0,7.3,0.0,0.0,0.0,0.0,27.5398,71.9153,Bhadla_Solar_Park
2023-01-16 04:00:00,8.2,31,995.0,0,5.8,0.0,0.0,0.0,0.0,27.5398,71.9153,Bhadla_Solar_Park
2023-01-16 05:00:00,5.0,40,995.2,0,10.0,0.0,0.0,0.0,0.0,27.5398,71.9153,Bhadla_Solar_Park
2023-01-16 06:00:00,4.0,41,995.9,0,11.9,0.0,0.0,0.0,0.0,27.5398,71.9153,Bhadla_Solar_Park
2023-01-16 07:00:00,3.1,43,996.6,0,12.3,0.0,0.0,0.0,0.0,27.5398,71.9153,Bhadla_Solar_Park
2023-01-16 08:00:00,4.9,38,997.5,0,12.0,43.0,134.8,28.0,15.0,27.5398,71.9153,Bhadla_Solar_Park
2023-01-16 09:00:00,8.9,29,998.6,0,10.7,211.0,439.6,91.0,120.0,27.5398,71.9153,Bhadla_Solar_Park
2023-01-16 10:00:00,13.1,22,999.3,0,8.9,399.0,621.7,126.0,273.0,27.5398,71.9153,Bhadla_Solar_Park
2023-01-16 11:00:00,16.3,17,999.2,0,12.2,552.0,717.9,147.0,405.0,27.5398,71.9153,Bhadla_Solar_Park
2023-01-16 12:00:00,17.8,16,998.1,0,11.2,647.0,766.2,157.0,490.0,27.5398,71.9153,Bhadla_Solar_Park
2023-01-16 13:00:00,18.7,15,997.1,0,8.5,674.0,780.3,159.0,515.0,27.5398,71.9153,Bhadla_Solar_Park
2023-01-16 14:00:00,19.2,13,996.3,0,7.8,630.0,762.4,154.0,476.0,27.5398,71.9153,Bhadla_Solar_Park
2023-01-16 15:00:00,19.5,13,996.0,0,8.4,519.0,706.8,141.0,378.0,27.5398,71.9153,Bhadla_Solar_Park
2023-01-16 16:00:00,19.3,12,996.0,0,8.9,353.0,593.5,117.0,236.0,27.5398,71.9153,Bhadla_Solar_Park
2023-01-16 17:00:00,18.6,14,996.3,0,7.5,161.0,378.2,77.0,84.0,27.5398,71.9153,Bhadla_Solar_Park
2023-01-16 18:00:00,15.6,20,996.5,0,7.4,19.0,59.8,14.0,5.0,27.5398,71.9153,Bhadla_Solar_Park
2023-01-16 19:00:00,14.4,21,996.8,0,8.2,0.0,0.0,0.0,0.0,27.5398,71.9153,Bhadla_Solar_Park
2023-01-16 20:00:00,12.8,24,997.1,0,10.2,0.0,0.0,0.0,0.0,27.5398,71.9153,Bhadla_Solar_Park
2023-01-16 21:00:00,11.9,25,997.4,0,12.0,0.0,0.0,0.0,0.0,27.5398,71.9153,Bhadla_Solar_Park
2023-01-16 22:00:00,10.8,27,997.5,0,12.4,0.0,0.0,0.0,0.0,27.5398,71.9153,Bhadla_Solar_Park
2023-01-16 23:00:00,9.7,29,997.7,0,11.9,0.0,0.0,0.0,0.0,27.5398,71.9153,Bhadla_Solar_Park
2023-01-17 00:00:00,8.3,32,997.6,0,10.3,0.0,0.0,0.0,0.0,27.5398,71.9153,Bhadla_Solar_Park
2023-01-17 01:00:00,7.3,35,997.2,0,9.4,0.0,0.0,0.0,0.0,27.5398,71.9153,Bhadla_Solar_Park
2023-01-17 02:00:00,6.8,36,996.9,0,10.4,0.0,0.0,0.0,0.0,27.5398,71.9153,Bhadla_Solar_Park
2023-01-17 03:00:00,6.0,38,996.5,0,10.3,0.0,0.0,0.0,0.0,27.5398,71.9153,Bhadla_Solar_Park
2023-01-17 04:00:00,5.4,41,996.3,0,10.5,0.0,0.0,0.0,0.0,27.5398,71.9153,Bhadla_Solar_Park
2023-01-17 05:00:00,5.4,46,996.5,0,11.8,0.0,0.0,0.0,0.0,27.5398,71.9153,Bhadla_Solar_Park
2023-01-17 06:00:00,4.9,49,996.4,0,13.7,0.0,0.0,0.0,0.0,27.5398,71.9153,Bhadla_Solar_Park
2023-01-17 07:00:00,4.8,50,997.5,0,13.8,0.0,0.0,0.0,0.0,27.5398,71.9153,Bhadla_Solar_Park
2023-01-17 08:00:00,6.2,46,998.1,0,13.3,43.0,134.3,28.0,15.0,27.5398,71.9153,Bhadla_Solar_Park
2023-01-17 09:00:00,9.6,36,999.1,0,12.0,209.0,430.8,91.0,118.0,27.5398,71.9153,Bhadla_Solar_Park
2023-01-17 10:00:00,13.2,28,999.8,0,10.8,394.0,610.7,125.0,269.0,27.5398,71.9153,Bhadla_Solar_Park
2023-01-17 11:00:00,16.7,21,999.8,0,13.0,545.0,705.0,146.0,399.0,27.5398,71.9153,Bhadla_Solar_Park
2023-01-17 12:00:00,18.6,17,998.8,0,11.5,639.0,751.2,157.0,482.0,27.5398,71.9153,Bhadla_Solar_Park
2023-01-17 13:00:00,19.5,15,997.5,12,6.7,666.0,765.3,159.0,507.0,27.5398,71.9153,Bhadla_Solar_Park
2023-01-17 14:00:00,20.0,14,996.7,0,3.5,623.0,747.9,154.0,469.0,27.5398,71.9153,Bhadla_Solar_Park
2023-01-17 15:00:00,20.2,13,996.1,0,2.0,513.0,691.8,141.0,372.0,27.5398,71.9153,Bhadla_Solar_Park
2023-01-17 16:00:00,20.2,13,996.2,0,4.2,349.0,579.1,117.0,232.0,27.5398,71.9153,Bhadla_Solar_Park
2023-01-17 17:00:00,19.8,14,995.9,0,4.5,160.0,368.8,77.0,83.0,27.5398,71.9153,Bhadla_Solar_Park
2023-01-17 18:00:00,16.9,19,996.3,0,8.1,19.0,58.7,14.0,5.0,27.5398,71.9153,Bhadla_Solar_Park
2023-01-17 19:00:00,16.0,19,997.1,0,11.0,0.0,0.0,0.0,0.0,27.5398,71.9153,Bhadla_Solar_Park
2023-01-17 20:00:00,14.4,21,997.6,0,10.1,0.0,0.0,0.0,0.0,27.5398,71.9153,Bhadla_Solar_Park
2023-01-17 21:00:00,13.3,23,997.9,0,10.8,0.0,0.0,0.0,0.0,27.5398,71.9153,Bhadla_Solar_Park
2023-01-17 22:00:00,12.2,25,998.2,0,11.6,0.0,0.0,0.0,0.0,27.5398,71.9153,Bhadla_Solar_Park
2023-01-17 23:00:00,11.3,26,998.1,0,12.4,0.0,0.0,0.0,0.0,27.5398,71.9153,Bhadla_Solar_Park
2023-01-18 00:00:00,10.4,27,997.8,0,12.3,0.0,0.0,0.0,0.0,27.5398,71.9153,Bhadla_Solar_Park
2023-01-18 01:00:00,9.5,28,997.6,0,13.2,0.0,0.0,0.0,0.0,27.5398,71.9153,Bhadla_Solar_Park
2023-01-18 02:00:00,8.7,31,997.3,0,12.6,0.0,0.0,0.0,0.0,27.5398,71.9153,Bhadla_Solar_Park
2023-01-18 03:00:00,8.1,35,997.0,0,12.1,0.0,0.0,0.0,0.0,27.5398,71.9153,Bhadla_Solar_Park
2023-01-18 04:00:00,7.6,37,997.0,0,12.6,0.0,0.0,0.0,0.0,27.5398,71.9153,Bhadla_Solar_Park
2023-01-18 05:00:00,7.4,39,997.3,0,15.5,0.0,0.0,0.0,0.0,27.5398,71.9153,Bhadla_Solar_Park
2023-01-18 06:00:00,7.0,40,998.2,0,15.0,0.0,0.0,0.0,0.0,27.5398,71.9153,Bhadla_Solar_Park
2023-01-18 07:00:00,6.7,41,998.9,0,14.8,0.0,0.0,0.0,0.0,27.5398,71.9153,Bhadla_Solar_Park
2023-01-18 08:00:00,7.8,38,999.5,0,15.3,42.0,124.9,28.0,14.0,27.5398,71.9153,Bhadla_Solar_Park
2023-01-18 09:00:00,10.7,31,1000.4,0,12.9,205.0,418.3,90.0,115.0,27.5398,71.9153,Bhadla_Solar_Park
2023-01-18 10:00:00,14.2,24,1001.1,0,14.5,390.0,597.4,126.0,264.0,27.5398,71.9153,Bhadla_Solar_Park
2023-01-18 11:00:00,17.6,18,1000.9,0,15.8,540.0,693.9,146.0,394.0,27.5398,71.9153,Bhadla_Solar_Park
2023-01-18 12:00:00,19.7,14,1000.0,0,17.0,634.0,739.3,158.0,476.0,27.5398,71.9153,Bhadla_Solar_Park
2023-01-18 13:00:00,20.8,12,998.9,0,14.6,659.0,750.3,160.0,499.0,27.5398,71.9153,Bhadla_Solar_Park
2023-01-18 14:00:00,21.5,11,997.6,0,14.4,615.0,730.3,155.0,460.0,27.5398,71.9153,Bhadla_Solar_Park
2023-01-18 15:00:00,21.9,11,996.7,0,14.4,506.0,675.0,141.0,365.0,27.5398,71.9153,Bhadla_Solar_Park
2023-01-18 16:00:00,21.7,11,996.5,0,13.3,344.0,562.4,117.0,227.0,27.5398,71.9153,Bhadla_Solar_Park
2023-01-18 17:00:00,20.9,12,996.8,0,11.1,158.0,355.2,77.0,81.0,27.5398,71.9153,Bhadla_Solar_Park
2023-01-18 18:00:00,18.3,15,996.9,0,11.0,19.0,57.7,14.0,5.0,27.5398,71.9153,Bhadla_Solar_Park
2023-01-18 19:00:00,16.9,16,997.7,1,11.8,0.0,0.0,0.0,0.0,27.5398,71.9153,Bhadla_Solar_Park
2023-01-18 20:00:00,15.7,18,998.1,5,12.6,0.0,0.0,0.0,0.0,27.5398,71.9153,Bhadla_Solar_Park
2023-01-18 21:00:00,14.6,20,998.6,9,14.0,0.0,0.0,0.0,0.0,27.5398,71.9153,Bhadla_Solar_Park
2023-01-18 22:00:00,13.8,22,998.8,7,14.8,0.0,0.0,0.0,0.0,27.5398,71.9153,Bhadla_Solar_Park
2023-01-18 23:00:00,13.1,23,998.7,13,16.2,0.0,0.0,0.0,0.0,27.5398,71.9153,Bhadla_Solar_Park
2023-01-19 00:00:00,12.8,24,998.2,16,15.7,0.0,0.0,0.0,0.0,27.5398,71.9153,Bhadla_Solar_Park
2023-01-19 01:00:00,12.3,25,998.1,51,15.6,0.0,0.0,0.0,0.0,27.5398,71.9153,Bhadla_Solar_Park
2023-01-19 02:00:00,12.2,25,997.4,97,15.1,0.0,0.0,0.0,0.0,27.5398,71.9153,Bhadla_Solar_Park
2023-01-19 03:00:00,12.6,24,997.5,42,14.8,0.0,0.0,0.0,0.0,27.5398,71.9153,Bhadla_Solar_Park
2023-01-19 04:00:00,11.6,26,997.2,51,16.0,0.0,0.0,0.0,0.0,27.5398,71.9153,Bhadla_Solar_Park
2023-01-19 05:00:00,11.0,30,998.1,58,14.0,0.0,0.0,0.0,0.0,27.5398,71.9153,Bhadla_Solar_Park
2023-01-19 06:00:00,10.2,34,998.3,51,15.2,0.0,0.0,0.0,0.0,27.5398,71.9153,Bhadla_Solar_Park
2023-01-19 07:00:00,10.1,34,999.1,7,15.5,0.0,0.0,0.0,0.0,27.5398,71.9153,Bhadla_Solar_Park
2023-01-19 08:00:00,10.5,34,999.5,5,17.0,40.0,115.4,27.0,13.0,27.5398,71.9153,Bhadla_Solar_Park
2023-01-19 09:00:00,12.5,31,1000.2,22,14.9,200.0,391.1,92.0,108.0,27.5398,71.9153,Bhadla_Solar_Park
2023-01-19 10:00:00,15.0,27,1000.6,57,17.7,382.0,575.0,127.0,255.0,27.5398,71.9153,Bhadla_Solar_Park
2023-01-19 11:00:00,17.7,25,999.9,59,18.1,530.0,670.5,148.0,382.0,27.5398,71.9153,Bhadla_Solar_Park
2023-01-19 12:00:00,20.0,24,998.7,91,18.5,617.0,704.1,162.0,455.0,27.5398,71.9153,Bhadla_Solar_Park
2023-01-19 13:00:00,21.3,22,997.5,95,16.2,560.0,555.6,189.0,371.0,27.5398,71.9153,Bhadla_Solar_Park
2023-01-19 14:00:00,21.8,20,996.9,100,12.4,475.0,436.2,199.0,276.0,27.5398,71.9153,Bhadla_Solar_Park
2023-01-19 15:00:00,22.0,20,996.6,53,14.9,412.0,345.8,224.0,188.0,27.5398,71.9153,Bhadla_Solar_Park
2023-01-19 16:00:00,21.7,18,996.5,42,20.5,300.0,378.6,146.0,154.0,27.5398,71.9153,Bhadla_Solar_Park
2023-01-19 17:00:00,17.5,31,996.7,42,35.5,141.0,255.4,82.0,59.0,27.5398,71.9153,Bhadla_Solar_Park
2023-01-19 18:00:00,14.8,46,997.7,97,32.1,12.0,0.0,12.0,0.0,27.5398,71.9153,Bhadla_Solar_Park
2023-01-19 19:00:00,14.5,44,998.6,100,25.9,0.0,0.0,0.0,0.0,27.5398,71.9153,Bhadla_Solar_Park
2023-01-19 20:00:00,13.7,47,998.7,93,24.3,0.0,0.0,0.0,0.0,27.5398,71.9153,Bhadla_Solar_Park
2023-01-19 21:00:00,13.3,51,998.7,87,25.1,0.0,0.0,0.0,0.0,27.5398,71.9153,Bhadla_Solar_Park
2023-01-19 22:00:00,12.9,52,998.7,100,22.2,0.0,0.0,0.0,0.0,27.5398,71.9153,Bhadla_Solar_Park
2023-01-19 23:00:00,13.2,51,997.8,100,20.5,0.0,0.0,0.0,0.0,27.5398,71.9153,Bhadla_Solar_Park
2023-01-20 00:00:00,13.3,51,997.4,77,18.1,0.0,0.0,0.0,0.0,27.5398,71.9153,Bhadla_Solar_Park
2023-01-20 01:00:00,12.5,58,997.5,100,17.3,0.0,0.0,0.0,0.0,27.5398,71.9153,Bhadla_Solar_Park
2023-01-20 02:00:00,12.6,61,996.9,100,16.8,0.0,0.0,0.0,0.0,27.5398,71.9153,Bhadla_Solar_Park
2023-01-20 03:00:00,12.7,61,996.5,100,18.9,0.0,0.0,0.0,0.0,27.5398,71.9153,Bhadla_Solar_Park
2023-01-20 04:00:00,12.7,60,995.9,100,19.2,0.0,0.0,0.0,0.0,27.5398,71.9153,Bhadla_Solar_Park
2023-01-20 05:00:00,12.4,59,995.9,100,18.0,0.0,0.0,0.0,0.0,27.5398,71.9153,Bhadla_Solar_Park
2023-01-20 06:00:00,11.6,62,996.7,60,12.0,0.0,0.0,0.0,0.0,27.5398,71.9153,Bhadla_Solar_Park
2023-01-20 07:00:00,11.0,66,997.5,59,12.7,0.0,0.0,0.0,0.0,27.5398,71.9153,Bhadla_Solar_Park
2023-01-20 08:00:00,11.3,67,998.2,92,13.1,34.0,61.8,27.0,7.0,27.5398,71.9153,Bhadla_Solar_Park
2023-01-20 09:00:00,12.8,64,999.0,29,15.0,121.0,64.9,103.0,18.0,27.5398,71.9153,Bhadla_Solar_Park
2023-01-20 10:00:00,14.9,54,999.4,0,17.7,366.0,489.7,148.0,218.0,27.5398,71.9153,Bhadla_Solar_Park
2023-01-20 11:00:00,16.6,48,998.8,0,15.6,485.0,498.4,200.0,285.0,27.5398,71.9153,Bhadla_Solar_Park
2023-01-20 12:00:00,18.1,42,997.9,0,13.3,625.0,715.3,161.0,464.0,27.5398,71.9153,Bhadla_Solar_Park
2023-01-20 13:00:00,19.5,38,996.9,0,12.7,653.0,730.9,163.0,490.0,27.5398,71.9153,Bhadla_Solar_Park
2023-01-20 14:00:00,20.4,34,996.0,0,12.2,611.0,714.2,157.0,454.0,27.5398,71.9153,Bhadla_Solar_Park
2023-01-20 15:00:00,20.8,32,995.6,0,12.5,504.0,660.2,143.0,361.0,27.5398,71.9153,Bhadla_Solar_Park
2023-01-20 16:00:00,20.7,33,995.5,0,16.3,345.0,549.0,120.0,225.0,27.5398,71.9153,Bhadla_Solar_Park
2023-01-20 17:00:00,20.3,33,995.7,0,15.6,161.0,346.0,80.0,81.0,27.5398,71.9153,Bhadla_Solar_Park
2023-01-20 18:00:00,18.3,44,996.1,0,18.4,21.0,55.8,16.0,5.0,27.5398,71.9153,Bhadla_Solar_Park
2023-01-20 19:00:00,16.8,56,996.8,0,20.8,0.0,0.0,0.0,0.0,27.5398,71.9153,Bhadla_Solar_Park
2023-01-20 20:00:00,15.8,60,997.1,0,18.8,0.0,0.0,0.0,0.0,27.5398,71.9153,Bhadla_Solar_Park
2023-01-20 21:00:00,15.0,62,997.5,0,19.4,0.0,0.0,0.0,0.0,27.5398,71.9153,Bhadla_Solar_Park
2023-01-20 22:00:00,14.1,64,997.9,0,18.2,0.0,0.0,0.0,0.0,27.5398,71.9153,Bhadla_Solar_Park
2023-01-20 23:00:00,13.2,68,997.8,0,16.0,0.0,0.0,0.0,0.0,27.5398,71.9153,Bhadla_Solar_Park
2023-01-21 00:00:00,12.3,72,997.9,0,13.9,0.0,0.0,0.0,0.0,27.5398,71.9153,Bhadla_Solar_Park
2023-01-21 01:00:00,11.6,75,997.8,6,13.7,0.0,0.0,0.0,0.0,27.5398,71.9153,Bhadla_Solar_Park
2023-01-21 02:00:00,11.0,78,997.6,9,13.4,0.0,0.0,0.0,0.0,27.5398,71.9153,Bhadla_Solar_Park
2023-01-21 03:00:00,10.5,81,997.0,6,13.1,0.0,0.0,0.0,0.0,27.5398,71.9153,Bhadla_Solar_Park
2023-01-21 04:00:00,10.1,84,996.9,5,14.2,0.0,0.0,0.0,0.0,27.5398,71.9153,Bhadla_Solar_Park
2023-01-21 05:00:00,9.7,87,997.0,1,14.0,0.0,0.0,0.0,0.0,27.5398,71.9153,Bhadla_Solar_Park
2023-01-21 06:00:00,9.4,89,997.5,0,14.8,0.0,0.0,0.0,0.0,27.5398,71.9153,Bhadla_Solar_Park
2023-01-21 07:00:00,9.1,91,998.1,0,14.8,0.0,0.0,0.0,0.0,27.5398,71.9153,Bhadla_Solar_Park
2023-01-21 08:00:00,9.9,88,998.7,0,13.8,43.0,114.2,30.0,13.0,27.5398,71.9153,Bhadla_Solar_Park
2023-01-21 09:00:00,12.1,77,999.7,0,12.2,202.0,391.0,93.0,109.0,27.5398,71.9153,Bhadla_Solar_Park
2023-01-21 10:00:00,14.7,65,1000.3,0,15.8,383.0,566.0,130.0,253.0,27.5398,71.9153,Bhadla_Solar_Park
2023-01-21 11:00:00,17.2,54,999.7,0,17.8,531.0,662.0,151.0,380.0,27.5398,71.9153,Bhadla_Solar_Park
2023-01-21 12:00:00,19.1,44,998.6,0,19.1,623.0,703.3,165.0,458.0,27.5398,71.9153,Bhadla_Solar_Park
2023-01-21 13:00:00,20.3,39,997.3,2,19.1,653.0,721.9,167.0,486.0,27.5398,71.9153,Bhadla_Solar_Park
2023-01-21 14:00:00,20.9,36,996.4,9,18.6,610.0,698.2,164.0,446.0,27.5398,71.9153,Bhadla_Solar_Park
2023-01-21 15:00:00,21.1,35,995.7,7,18.2,499.0,623.6,156.0,343.0,27.5398,71.9153,Bhadla_Solar_Park
2023-01-21 16:00:00,20.9,35,995.3,9,18.9,338.0,510.9,127.0,211.0,27.5398,71.9153,Bhadla_Solar_Park
2023-01-21 17:00:00,19.4,41,995.6,9,17.7,157.0,320.5,81.0,76.0,27.5398,71.9153,Bhadla_Solar_Park
2023-01-21 18:00:00,18.0,46,996.2,11,17.8,21.0,54.8,16.0,5.0,27.5398,71.9153,Bhadla_Solar_Park
2023-01-21 19:00:00,16.7,51,996.7,2,18.8,0.0,0.0,0.0,0.0,27.5398,71.9153,Bhadla_Solar_Park
2023-01-21 20:00:00,15.6,57,996.9,0,17.3,0.0,0.0,0.0,0.0,27.5398,71.9153,Bhadla_Solar_Park
2023-01-21 21:00:00,14.5,64,997.0,1,19.1,0.0,0.0,0.0,0.0,27.5398,71.9153,Bhadla_Solar_Park
2023-01-21 22:00:00,13.9,67,997.2,0,19.5,0.0,0.0,0.0,0.0,27.5398,71.9153,Bhadla_Solar_Park
2023-01-21 23:00:00,13.2,70,997.1,0,17.6,0.0,0.0,0.0,0.0,27.5398,71.9153,Bhadla_Solar_Park
2023-01-22 00:00:00,12.5,74,996.9,0,15.4,0.0,0.0,0.0,0.0,27.5398,71.9153,Bhadla_Solar_Park
2023-01-22 01:00:00,11.8,78,996.5,11,13.6,0.0,0.0,0.0,0.0,27.5398,71.9153,Bhadla_Solar_Park
2023-01-22 02:00:00,11.0,84,996.4,27,12.0,0.0,0.0,0.0,0.0,27.5398,71.9153,Bhadla_Solar_Park
2023-01-22 03:00:00,10.3,89,996.1,29,11.1,0.0,0.0,0.0,0.0,27.5398,71.9153,Bhadla_Solar_Park
2023-01-22 04:00:00,9.8,90,995.8,34,11.0,0.0,0.0,0.0,0.0,27.5398,71.9153,Bhadla_Solar_Park
2023-01-22 05:00:00,9.3,91,995.9,41,9.6,0.0,0.0,0.0,0.0,27.5398,71.9153,Bhadla_Solar_Park
2023-01-22 06:00:00,8.9,92,996.1,55,10.7,0.0,0.0,0.0,0.0,27.5398,71.9153,Bhadla_Solar_Park
2023-01-22 07:00:00,8.6,92,996.9,62,10.3,0.0,0.0,0.0,0.0,27.5398,71.9153,Bhadla_Solar_Park
2023-01-22 08:00:00,9.9,88,997.7,50,9.4,40.0,78.6,31.0,9.0,27.5398,71.9153,Bhadla_Solar_Park
2023-01-22 09:00:00,12.2,76,998.6,100,8.9,156.0,128.5,120.0,36.0,27.5398,71.9153,Bhadla_Solar_Park
2023-01-22 10:00:00,14.5,66,999.5,100,11.4,314.0,265.1,195.0,119.0,27.5398,71.9153,Bhadla_Solar_Park
2023-01-22 11:00:00,16.8,56,999.0,2,14.7,523.0,609.1,172.0,351.0,27.5398,71.9153,Bhadla_Solar_Park
2023-01-22 12:00:00,18.3,47,998.0,0,16.3,632.0,715.8,164.0,468.0,27.5398,71.9153,Bhadla_Solar_Park
2023-01-22 13:00:00,19.2,41,996.9,0,17.4,658.0,726.1,167.0,491.0,27.5398,71.9153,Bhadla_Solar_Park
2023-01-22 14:00:00,19.8,39,996.3,0,18.5,617.0,708.9,162.0,455.0,27.5398,71.9153,Bhadla_Solar_Park
2023-01-22 15:00:00,20.1,37,995.9,12,16.8,513.0,661.6,147.0,366.0,27.5398,71.9153,Bhadla_Solar_Park
2023-01-22 16:00:00,20.1,37,995.6,15,15.5,325.0,437.2,143.0,182.0,27.5398,71.9153,Bhadla_Solar_Park
2023-01-22 17:00:00,19.3,40,995.6,37,19.2,148.0,253.9,87.0,61.0,27.5398,71.9153,Bhadla_Solar_Park
2023-01-22 18:00:00,17.9,45,996.0,73,15.9,23.0,53.9,18.0,5.0,27.5398,71.9153,Bhadla_Solar_Park
2023-01-22 19:00:00,16.9,49,996.5,29,14.8,0.0,0.0,0.0,0.0,27.5398,71.9153,Bhadla_Solar_Park
2023-01-22 20:00:00,16.1,54,996.6,26,14.1,0.0,0.0,0.0,0.0,27.5398,71.9153,Bhadla_Solar_Park
2023-01-22 21:00:00,15.3,57,997.2,40,18.4,0.0,0.0,0.0,0.0,27.5398,71.9153,Bhadla_Solar_Park
2023-01-22 22:00:00,14.9,56,997.6,24,20.8,0.0,0.0,0.0,0.0,27.5398,71.9153,Bhadla_Solar_Park
2023-01-22 23:00:00,13.8,60,997.7,0,18.5,0.0,0.0,0.0,0.0,27.5398,71.9153,Bhadla_Solar_Park
2023-01-23 00:00:00,13.0,64,997.4,3,18.1,0.0,0.0,0.0,0.0,27.5398,71.9153,Bhadla_Solar_Park
2023-01-23 01:00:00,12.5,68,997.0,16,18.2,0.0,0.0,0.0,0.0,27.5398,71.9153,Bhadla_Solar_Park
2023-01-23 02:00:00,12.0,71,996.7,23,17.3,0.0,0.0,0.0,0.0,27.5398,71.9153,Bhadla_Solar_Park
2023-01-23 03:00:00,11.4,75,996.6,23,16.3,0.0,0.0,0.0,0.0,27.5398,71.9153,Bhadla_Solar_Park
2023-01-23 04:00:00,11.2,76,996.4,36,15.6,0.0,0.0,0.0,0.0,27.5398,71.9153,Bhadla_Solar_Park
2023-01-23 05:00:00,11.5,77,996.7,100,14.5,0.0,0.0,0.0,0.0,27.5398,71.9153,Bhadla_Solar_Park
2023-01-23 06:00:00,11.7,76,997.0,100,14.6,0.0,0.0,0.0,0.0,27.5398,71.9153,Bhadla_Solar_Park
2023-01-23 07:00:00,12.0,74,997.5,100,14.8,0.0,0.0,0.0,0.0,27.5398,71.9153,Bhadla_Solar_Park
2023-01-23 08:00:00,12.7,69,998.0,100,14.8,26.0,0.0,26.0,0.0,27.5398,71.9153,Bhadla_Solar_Park
2023-01-23 09:00:00,14.1,63,998.8,100,16.4,129.0,71.0,109.0,20.0,27.5398,71.9153,Bhadla_Solar_Park
2023-01-23 10:00:00,16.0,55,999.3,55,18.4,330.0,308.3,191.0,139.0,27.5398,71.9153,Bhadla_Solar_Park
2023-01-23 11:00:00,17.5,50,998.8,6,18.7,485.0,445.9,227.0,258.0,27.5398,71.9153,Bhadla_Solar_Park
2023-01-23 12:00:00,18.9,47,997.6,2,19.6,595.0,601.7,200.0,395.0,27.5398,71.9153,Bhadla_Solar_Park
2023-01-23 13:00:00,20.1,42,996.5,13,20.7,659.0,720.0,170.0,489.0,27.5398,71.9153,Bhadla_Solar_Park
2023-01-23 14:00:00,21.0,39,995.6,49,18.0,618.0,702.3,165.0,453.0,27.5398,71.9153,Bhadla_Solar_Park
2023-01-23 15:00:00,21.0,37,994.8,40,15.6,409.0,382.7,196.0,213.0,27.5398,71.9153,Bhadla_Solar_Park
2023-01-23 16:00:00,20.9,36,994.5,23,15.7,319.0,443.4,133.0,186.0,27.5398,71.9153,Bhadla_Solar_Park
2023-01-23 17:00:00,20.3,37,994.8,59,15.3,155.0,283.4,86.0,69.0,27.5398,71.9153,Bhadla_Solar_Park
2023-01-23 18:00:00,18.8,42,994.9,39,17.6,22.0,42.4,18.0,4.0,27.5398,71.9153,Bhadla_Solar_Park
2023-01-23 19:00:00,17.6,48,995.2,100,21.1,0.0,0.0,0.0,0.0,27.5398,71.9153,Bhadla_Solar_Park
2023-01-23 20:00:00,16.6,50,995.5,100,23.8,0.0,0.0,0.0,0.0,27.5398,71.9153,Bhadla_Solar_Park
2023-01-23 21:00:00,15.9,51,995.8,100,23.8,0.0,0.0,0.0,0.0,27.5398,71.9153,Bhadla_Solar_Park
2023-01-23 22:00:00,14.9,53,996.2,76,22.4,0.0,0.0,0.0,0.0,27.5398,71.9153,Bhadla_Solar_Park
2023-01-23 23:00:00,13.9,55,996.3,16,19.9,0.0,0.0,0.0,0.0,27.5398,71.9153,Bhadla_Solar_Park
2023-01-24 00:00:00,13.0,57,996.1,1,17.4,0.0,0.0,0.0,0.0,27.5398,71.9153,Bhadla_Solar_Park
2023-01-24 01:00:00,11.8,61,995.9,1,14.4,0.0,0.0,0.0,0.0,27.5398,71.9153,Bhadla_Solar_Park
2023-01-24 02:00:00,11.0,64,995.6,5,13.8,0.0,0.0,0.0,0.0,27.5398,71.9153,Bhadla_Solar_Park
2023-01-24 03:00:00,10.2,67,995.4,8,13.3,0.0,0.0,0.0,0.0,27.5398,71.9153,Bhadla_Solar_Park
2023-01-24 04:00:00,9.6,71,995.2,12,13.0,0.0,0.0,0.0,0.0,27.5398,71.9153,Bhadla_Solar_Park
2023-01-24 05:00:00,8.6,77,994.9,10,11.9,0.0,0.0,0.0,0.0,27.5398,71.9153,Bhadla_Solar_Park
2023-01-24 06:00:00,7.8,84,995.2,0,11.6,0.0,0.0,0.0,0.0,27.5398,71.9153,Bhadla_Solar_Park
2023-01-24 07:00:00,7.2,88,995.8,0,10.8,0.0,0.0,0.0,0.0,27.5398,71.9153,Bhadla_Solar_Park
2023-01-24 08:00:00,8.2,82,996.5,0,10.0,45.0,129.2,30.0,15.0,27.5398,71.9153,Bhadla_Solar_Park
2023-01-24 09:00:00,10.7,64,997.5,0,8.8,209.0,405.7,94.0,115.0,27.5398,71.9153,Bhadla_Solar_Park
2023-01-24 10:00:00,13.5,46,998.2,0,10.9,395.0,582.9,131.0,264.0,27.5398,71.9153,Bhadla_Solar_Park
2023-01-24 11:00:00,16.1,37,997.9,0,11.6,548.0,681.5,152.0,396.0,27.5398,71.9153,Bhadla_Solar_Park
2023-01-24 12:00:00,18.0,33,996.7,0,12.1,645.0,729.6,164.0,481.0,27.5398,71.9153,Bhadla_Solar_Park
2023-01-24 13:00:00,19.2,30,995.6,0,12.6,676.0,747.5,166.0,510.0,27.5398,71.9153,Bhadla_Solar_Park
2023-01-24 14:00:00,19.9,29,994.6,0,14.0,635.0,732.7,160.0,475.0,27.5398,71.9153,Bhadla_Solar_Park
2023-01-24 15:00:00,20.0,27,994.0,0,14.5,528.0,680.6,147.0,381.0,27.5398,71.9153,Bhadla_Solar_Park
2023-01-24 16:00:00,19.8,26,993.9,0,14.3,367.0,574.7,124.0,243.0,27.5398,71.9153,Bhadla_Solar_Park
2023-01-24 17:00:00,18.6,26,993.9,0,14.1,177.0,377.0,84.0,93.0,27.5398,71.9153,Bhadla_Solar_Park
2023-01-24 18:00:00,16.9,29,994.5,0,11.5,27.0,72.9,20.0,7.0,27.5398,71.9153,Bhadla_Solar_Park
2023-01-24 19:00:00,15.5,33,995.1,0,11.2,0.0,0.0,0.0,0.0,27.5398,71.9153,Bhadla_Solar_Park
2023-01-24 20:00:00,14.0,37,995.6,0,10.2,0.0,0.0,0.0,0.0,27.5398,71.9153,Bhadla_Solar_Park
2023-01-24 21:00:00,12.6,42,995.8,0,9.7,0.0,0.0,0.0,0.0,27.5398,71.9153,Bhadla_Solar_Park
2023-01-24 22:00:00,11.1,49,996.0,0,9.2,0.0,0.0,0.0,0.0,27.5398,71.9153,Bhadla_Solar_Park
2023-01-24 23:00:00,9.9,55,995.8,0,7.6,0.0,0.0,0.0,0.0,27.5398,71.9153,Bhadla_Solar_Park
2023-01-25 00:00:00,9.9,55,995.5,0,6.4,0.0,0.0,0.0,0.0,27.5398,71.9153,Bhadla_Solar_Park
2023-01-25 01:00:00,10.1,53,995.4,0,5.6,0.0,0.0,0.0,0.0,27.5398,71.9153,Bhadla_Solar_Park
2023-01-25 02:00:00,9.7,53,995.0,0,5.7,0.0,0.0,0.0,0.0,27.5398,71.9153,Bhadla_Solar_Park
2023-01-25 03:00:00,7.5,60,995.0,0,10.8,0.0,0.0,0.0,0.0,27.5398,71.9153,Bhadla_Solar_Park
2023-01-25 04:00:00,6.5,62,995.1,0,10.5,0.0,0.0,0.0,0.0,27.5398,71.9153,Bhadla_Solar_Park
2023-01-25 05:00:00,5.8,68,995.7,0,11.1,0.0,0.0,0.0,0.0,27.5398,71.9153,Bhadla_Solar_Park
2023-01-25 06:00:00,5.0,69,996.3,0,11.5,0.0,0.0,0.0,0.0,27.5398,71.9153,Bhadla_Solar_Park
2023-01-25 07:00:00,4.4,67,997.0,0,10.4,0.0,0.0,0.0,0.0,27.5398,71.9153,Bhadla_Solar_Park
2023-01-25 08:00:00,6.0,57,997.4,0,9.7,48.0,145.4,31.0,17.0,27.5398,71.9153,Bhadla_Solar_Park
2023-01-25 09:00:00,9.7,42,998.3,0,7.4,222.0,441.7,96.0,126.0,27.5398,71.9153,Bhadla_Solar_Park
2023-01-25 10:00:00,13.2,30,999.0,0,7.7,416.0,624.1,132.0,284.0,27.5398,71.9153,Bhadla_Solar_Park
2023-01-25 11:00:00,15.8,24,999.0,0,8.7,576.0,723.1,154.0,422.0,27.5398,71.9153,Bhadla_Solar_Park
2023-01-25 12:00:00,17.6,17,998.2,0,9.5,677.0,771.7,166.0,511.0,27.5398,71.9153,Bhadla_Solar_Park
2023-01-25 13:00:00,18.8,13,997.4,0,10.1,708.0,787.9,168.0,540.0,27.5398,71.9153,Bhadla_Solar_Park
2023-01-25 14:00:00,19.4,11,996.6,0,10.5,667.0,771.9,164.0,503.0,27.5398,71.9153,Bhadla_Solar_Park
2023-01-25 15:00:00,19.4,11,996.1,0,11.3,556.0,720.9,150.0,406.0,27.5398,71.9153,Bhadla_Solar_Park
2023-01-25 16:00:00,19.1,12,996.3,0,11.2,388.0,612.4,127.0,261.0,27.5398,71.9153,Bhadla_Solar_Park
2023-01-25 17:00:00,18.6,13,996.7,0,12.1,190.0,408.2,88.0,102.0,27.5398,71.9153,Bhadla_Solar_Park
2023-01-25 18:00:00,16.3,17,996.9,0,10.5,29.0,81.9,21.0,8.0,27.5398,71.9153,Bhadla_Solar_Park
2023-01-25 19:00:00,14.5,20,997.8,0,10.5,0.0,0.0,0.0,0.0,27.5398,71.9153,Bhadla_Solar_Park
2023-01-25 20:00:00,12.8,23,998.3,0,10.0,0.0,0.0,0.0,0.0,27.5398,71.9153,Bhadla_Solar_Park
2023-01-25 21:00:00,11.2,28,998.6,0,8.8,0.0,0.0,0.0,0.0,27.5398,71.9153,Bhadla_Solar_Park
2023-01-25 22:00:00,10.8,29,998.7,0,8.6,0.0,0.0,0.0,0.0,27.5398,71.9153,Bhadla_Solar_Park
2023-01-25 23:00:00,10.4,30,998.8,0,7.6,0.0,0.0,0.0,0.0,27.5398,71.9153,Bhadla_Solar_Park
2023-01-26 00:00:00,8.7,36,998.8,0,8.4,0.0,0.0,0.0,0.0,27.5398,71.9153,Bhadla_Solar_Park
2023-01-26 01:00:00,7.6,40,998.6,0,10.9,0.0,0.0,0.0,0.0,27.5398,71.9153,Bhadla_Solar_Park
2023-01-26 02:00:00,6.9,43,998.4,0,11.0,0.0,0.0,0.0,0.0,27.5398,71.9153,Bhadla_Solar_Park
2023-01-26 03:00:00,6.5,44,998.3,0,12.0,0.0,0.0,0.0,0.0,27.5398,71.9153,Bhadla_Solar_Park
2023-01-26 04:00:00,5.9,46,998.5,0,12.0,0.0,0.0,0.0,0.0,27.5398,71.9153,Bhadla_Solar_Park
2023-01-26 05:00:00,5.7,49,998.5,0,12.1,0.0,0.0,0.0,0.0,27.5398,71.9153,Bhadla_Solar_Park
2023-01-26 06:00:00,5.3,51,999.1,0,12.6,0.0,0.0,0.0,0.0,27.5398,71.9153,Bhadla_Solar_Park
2023-01-26 07:00:00,5.1,54,999.7,0,12.3,0.0,0.0,0.0,0.0,27.5398,71.9153,Bhadla_Solar_Park
2023-01-26 08:00:00,6.8,52,1000.6,0,11.2,49.0,135.8,33.0,16.0,27.5398,71.9153,Bhadla_Solar_Park
2023-01-26 09:00:00,10.2,44,1001.7,0,9.0,221.0,431.9,97.0,124.0,27.5398,71.9153,Bhadla_Solar_Park
2023-01-26 10:00:00,13.7,35,1002.8,0,9.8,414.0,612.3,134.0,280.0,27.5398,71.9153,Bhadla_Solar_Park
2023-01-26 11:00:00,16.8,28,1002.4,0,13.7,570.0,707.9,155.0,415.0,27.5398,71.9153,Bhadla_Solar_Park
2023-01-26 12:00:00,18.2,22,1001.5,0,19.1,669.0,754.7,167.0,502.0,27.5398,71.9153,Bhadla_Solar_Park
2023-01-26 13:00:00,18.9,19,1000.7,0,18.3,700.0,769.7,170.0,530.0,27.5398,71.9153,Bhadla_Solar_Park
2023-01-26 14:00:00,19.4,17,1000.0,0,16.9,658.0,754.2,164.0,494.0,27.5398,71.9153,Bhadla_Solar_Park
2023-01-26 15:00:00,19.7,17,999.5,0,16.3,549.0,702.4,151.0,398.0,27.5398,71.9153,Bhadla_Solar_Park
2023-01-26 16:00:00,19.4,18,999.5,0,17.1,383.0,593.6,128.0,255.0,27.5398,71.9153,Bhadla_Solar_Park
2023-01-26 17:00:00,18.8,20,999.4,0,17.5,188.0,391.1,89.0,99.0,27.5398,71.9153,Bhadla_Solar_Park
2023-01-26 18:00:00,16.8,23,999.9,0,13.7,30.0,80.6,22.0,8.0,27.5398,71.9153,Bhadla_Solar_Park
2023-01-26 19:00:00,15.2,26,1000.4,0,14.1,0.0,0.0,0.0,0.0,27.5398,71.9153,Bhadla_Solar_Park
2023-01-26 20:00:00,14.1,29,1000.6,0,15.5,0.0,0.0,0.0,0.0,27.5398,71.9153,Bhadla_Solar_Park
2023-01-26 21:00:00,13.1,31,1000.7,0,14.6,0.0,0.0,0.0,0.0,27.5398,71.9153,Bhadla_Solar_Park
2023-01-26 22:00:00,11.8,35,1000.8,0,13.9,0.0,0.0,0.0,0.0,27.5398,71.9153,Bhadla_Solar_Park
2023-01-26 23:00:00,11.0,39,1000.5,0,13.9,0.0,0.0,0.0,0.0,27.5398,71.9153,Bhadla_Solar_Park
2023-01-27 00:00:00,10.1,42,1000.2,0,14.2,0.0,0.0,0.0,0.0,27.5398,71.9153,Bhadla_Solar_Park
2023-01-27 01:00:00,9.1,46,1000.1,0,13.8,0.0,0.0,0.0,0.0,27.5398,71.9153,Bhadla_Solar_Park
2023-01-27 02:00:00,8.3,50,999.5,1,13.0,0.0,0.0,0.0,0.0,27.5398,71.9153,Bhadla_Solar_Park
2023-01-27 03:00:00,7.5,52,999.0,8,12.2,0.0,0.0,0.0,0.0,27.5398,71.9153,Bhadla_Solar_Park
2023-01-27 04:00:00,6.6,56,998.7,0,10.5,0.0,0.0,0.0,0.0,27.5398,71.9153,Bhadla_Solar_Park
2023-01-27 05:00:00,5.8,62,999.8,0,9.7,0.0,0.0,0.0,0.0,27.5398,71.9153,Bhadla_Solar_Park
2023-01-27 06:00:00,4.9,66,1000.2,0,10.4,0.0,0.0,0.0,0.0,27.5398,71.9153,Bhadla_Solar_Park
2023-01-27 07:00:00,4.7,67,1000.7,0,10.8,0.0,0.0,0.0,0.0,27.5398,71.9153,Bhadla_Solar_Park
2023-01-27 08:00:00,6.3,61,1001.6,0,10.1,49.0,143.2,32.0,17.0,27.5398,71.9153,Bhadla_Solar_Park
2023-01-27 09:00:00,9.6,49,1002.7,0,7.2,223.0,429.0,99.0,124.0,27.5398,71.9153,Bhadla_Solar_Park
2023-01-27 10:00:00,13.3,39,1003.2,0,7.2,415.0,609.1,135.0,280.0,27.5398,71.9153,Bhadla_Solar_Park
2023-01-27 11:00:00,16.1,30,1002.7,0,9.5,573.0,706.3,157.0,416.0,27.5398,71.9153,Bhadla_Solar_Park
2023-01-27 12:00:00,17.7,25,1001.5,0,13.2,673.0,754.3,169.0,504.0,27.5398,71.9153,Bhadla_Solar_Park
2023-01-27 13:00:00,18.9,22,1000.2,0,15.3,702.0,769.0,170.0,532.0,27.5398,71.9153,Bhadla_Solar_Park
2023-01-27 14:00:00,19.7,19,999.0,0,17.1,660.0,751.8,165.0,495.0,27.5398,71.9153,Bhadla_Solar_Park
2023-01-27 15:00:00,20.1,18,998.6,0,17.4,550.0,699.9,151.0,399.0,27.5398,71.9153,Bhadla_Solar_Park
2023-01-27 16:00:00,20.0,18,998.5,0,18.3,384.0,591.2,128.0,256.0,27.5398,71.9153,Bhadla_Solar_Park
2023-01-27 17:00:00,19.2,20,998.6,0,17.6,190.0,393.9,89.0,101.0,27.5398,71.9153,Bhadla_Solar_Park
2023-01-27 18:00:00,17.4,23,998.8,55,13.4,31.0,89.2,22.0,9.0,27.5398,71.9153,Bhadla_Solar_Park
2023-01-27 19:00:00,15.5,27,999.5,93,11.0,0.0,0.0,0.0,0.0,27.5398,71.9153,Bhadla_Solar_Park
2023-01-27 20:00:00,14.6,28,999.4,96,13.0,0.0,0.0,0.0,0.0,27.5398,71.9153,Bhadla_Solar_Park
2023-01-27 21:00:00,13.9,30,999.3,100,12.0,0.0,0.0,0.0,0.0,27.5398,71.9153,Bhadla_Solar_Park
2023-01-27 22:00:00,13.5,30,999.5,92,10.8,0.0,0.0,0.0,0.0,27.5398,71.9153,Bhadla_Solar_Park
2023-01-27 23:00:00,12.6,33,999.1,0,12.0,0.0,0.0,0.0,0.0,27.5398,71.9153,Bhadla_Solar_Park
2023-01-28 00:00:00,11.0,36,998.4,7,12.7,0.0,0.0,0.0,0.0,27.5398,71.9153,Bhadla_Solar_Park
2023-01-28 01:00:00,10.0,39,998.0,0,12.3,0.0,0.0,0.0,0.0,27.5398,71.9153,Bhadla_Solar_Park
2023-01-28 02:00:00,9.2,42,997.3,0,12.4,0.0,0.0,0.0,0.0,27.5398,71.9153,Bhadla_Solar_Park
2023-01-28 03:00:00,8.6,46,996.7,0,12.1,0.0,0.0,0.0,0.0,27.5398,71.9153,Bhadla_Solar_Park
2023-01-28 04:00:00,8.1,51,996.1,0,12.1,0.0,0.0,0.0,0.0,27.5398,71.9153,Bhadla_Solar_Park
2023-01-28 05:00:00,7.1,58,996.5,0,11.4,0.0,0.0,0.0,0.0,27.5398,71.9153,Bhadla_Solar_Park
2023-01-28 06:00:00,6.0,64,996.5,0,12.3,0.0,0.0,0.0,0.0,27.5398,71.9153,Bhadla_Solar_Park
2023-01-28 07:00:00,5.5,67,996.9,0,12.0,0.0,0.0,0.0,0.0,27.5398,71.9153,Bhadla_Solar_Park
2023-01-28 08:00:00,6.7,62,997.7,0,10.5,51.0,150.4,33.0,18.0,27.5398,71.9153,Bhadla_Solar_Park
2023-01-28 09:00:00,10.2,50,998.7,0,8.4,226.0,439.7,98.0,128.0,27.5398,71.9153,Bhadla_Solar_Park
2023-01-28 10:00:00,13.8,40,999.1,0,6.9,419.0,616.8,134.0,285.0,27.5398,71.9153,Bhadla_Solar_Park
2023-01-28 11:00:00,16.8,31,998.5,0,8.6,579.0,714.8,156.0,423.0,27.5398,71.9153,Bhadla_Solar_Park
2023-01-28 12:00:00,18.7,25,997.2,0,10.3,680.0,764.3,167.0,513.0,27.5398,71.9153,Bhadla_Solar_Park
2023-01-28 13:00:00,19.8,22,995.9,0,10.6,711.0,779.7,169.0,542.0,27.5398,71.9153,Bhadla_Solar_Park
2023-01-28 14:00:00,20.8,19,994.5,0,10.7,670.0,763.0,165.0,505.0,27.5398,71.9153,Bhadla_Solar_Park
2023-01-28 15:00:00,21.4,17,993.4,0,11.2,560.0,713.0,151.0,409.0,27.5398,71.9153,Bhadla_Solar_Park
2023-01-28 16:00:00,21.6,17,993.2,0,11.9,393.0,609.5,127.0,266.0,27.5398,71.9153,Bhadla_Solar_Park
2023-01-28 17:00:00,21.1,18,992.8,0,12.0,196.0,408.2,90.0,106.0,27.5398,71.9153,Bhadla_Solar_Park
2023-01-28 18:00:00,18.6,21,992.8,0,10.5,32.0,97.5,22.0,10.0,27.5398,71.9153,Bhadla_Solar_Park
2023-01-28 19:00:00,16.9,24,993.4,0,11.6,0.0,0.0,0.0,0.0,27.5398,71.9153,Bhadla_Solar_Park
2023-01-28 20:00:00,15.7,27,993.5,11,13.0,0.0,0.0,0.0,0.0,27.5398,71.9153,Bhadla_Solar_Park
2023-01-28 21:00:00,14.5,29,993.6,34,12.8,0.0,0.0,0.0,0.0,27.5398,71.9153,Bhadla_Solar_Park
2023-01-28 22:00:00,13.4,32,993.4,100,13.0,0.0,0.0,0.0,0.0,27.5398,71.9153,Bhadla_Solar_Park
2023-01-28 23:00:00,13.0,33,992.9,98,12.6,0.0,0.0,0.0,0.0,27.5398,71.9153,Bhadla_Solar_Park
2023-01-29 00:00:00,12.0,35,991.8,98,12.4,0.0,0.0,0.0,0.0,27.5398,71.9153,Bhadla_Solar_Park
2023-01-29 01:00:00,11.2,35,991.3,81,12.1,0.0,0.0,0.0,0.0,27.5398,71.9153,Bhadla_Solar_Park
2023-01-29 02:00:00,10.4,37,990.9,92,10.4,0.0,0.0,0.0,0.0,27.5398,71.9153,Bhadla_Solar_Park
2023-01-29 03:00:00,10.8,35,990.5,92,10.3,0.0,0.0,0.0,0.0,27.5398,71.9153,Bhadla_Solar_Park
2023-01-29 04:00:00,10.4,37,990.2,96,10.2,0.0,0.0,0.0,0.0,27.5398,71.9153,Bhadla_Solar_Park
2023-01-29 05:00:00,10.6,39,990.4,87,11.5,0.0,0.0,0.0,0.0,27.5398,71.9153,Bhadla_Solar_Park
2023-01-29 06:00:00,10.1,43,990.5,70,10.5,0.0,0.0,0.0,0.0,27.5398,71.9153,Bhadla_Solar_Park
2023-01-29 07:00:00,9.5,46,991.0,11,10.5,0.0,0.0,0.0,0.0,27.5398,71.9153,Bhadla_Solar_Park
2023-01-29 08:00:00,10.3,43,991.5,0,10.8,47.0,124.3,32.0,15.0,27.5398,71.9153,Bhadla_Solar_Park
2023-01-29 09:00:00,13.0,39,992.2,5,8.5,216.0,412.7,95.0,121.0,27.5398,71.9153,Bhadla_Solar_Park
2023-01-29 10:00:00,16.2,41,992.5,0,6.7,400.0,574.7,133.0,267.0,27.5398,71.9153,Bhadla_Solar_Park
2023-01-29 11:00:00,19.9,38,991.7,2,9.2,552.0,669.4,154.0,398.0,27.5398,71.9153,Bhadla_Solar_Park
2023-01-29 12:00:00,22.4,35,990.9,9,15.6,643.0,694.0,175.0,468.0,27.5398,71.9153,Bhadla_Solar_Park
2023-01-29 13:00:00,23.3,32,989.9,10,15.4,669.0,695.8,183.0,486.0,27.5398,71.9153,Bhadla_Solar_Park
2023-01-29 14:00:00,23.9,29,988.9,3,14.4,604.0,631.3,184.0,420.0,27.5398,71.9153,Bhadla_Solar_Park
2023-01-29 15:00:00,24.0,25,988.3,0,16.0,504.0,585.7,166.0,338.0,27.5398,71.9153,Bhadla_Solar_Park
2023-01-29 16:00:00,23.5,22,988.3,1,16.6,350.0,479.7,139.0,211.0,27.5398,71.9153,Bhadla_Solar_Park
2023-01-29 17:00:00,23.8,20,988.7,0,20.7,185.0,365.1,89.0,96.0,27.5398,71.9153,Bhadla_Solar_Park
2023-01-29 18:00:00,21.3,23,989.3,8,19.6,31.0,86.3,22.0,9.0,27.5398,71.9153,Bhadla_Solar_Park
2023-01-29 19:00:00,19.8,23,990.2,0,15.3,0.0,0.0,0.0,0.0,27.5398,71.9153,Bhadla_Solar_Park
2023-01-29 20:00:00,17.7,26,991.1,0,7.9,0.0,0.0,0.0,0.0,27.5398,71.9153,Bhadla_Solar_Park
2023-01-29 21:00:00,16.6,30,992.1,0,6.6,0.0,0.0,0.0,0.0,27.5398,71.9153,Bhadla_Solar_Park
2023-01-29 22:00:00,17.0,32,992.5,0,5.4,0.0,0.0,0.0,0.0,27.5398,71.9153,Bhadla_Solar_Park
2023-01-29 23:00:00,15.6,33,992.6,0,5.8,0.0,0.0,0.0,0.0,27.5398,71.9153,Bhadla_Solar_Park
2023-01-30 00:00:00,13.3,72,992.7,0,13.3,0.0,0.0,0.0,0.0,27.5398,71.9153,Bhadla_Solar_Park
2023-01-30 01:00:00,12.6,95,992.8,1,13.0,0.0,0.0,0.0,0.0,27.5398,71.9153,Bhadla_Solar_Park
2023-01-30 02:00:00,11.7,96,992.9,0,11.7,0.0,0.0,0.0,0.0,27.5398,71.9153,Bhadla_Solar_Park
2023-01-30 03:00:00,11.3,96,992.8,0,10.5,0.0,0.0,0.0,0.0,27.5398,71.9153,Bhadla_Solar_Park
2023-01-30 04:00:00,10.1,98,993.0,0,8.9,0.0,0.0,0.0,0.0,27.5398,71.9153,Bhadla_Solar_Park
2023-01-30 05:00:00,10.7,100,993.8,0,7.7,0.0,0.0,0.0,0.0,27.5398,71.9153,Bhadla_Solar_Park
2023-01-30 06:00:00,10.1,100,995.0,100,4.6,0.0,0.0,0.0,0.0,27.5398,71.9153,Bhadla_Solar_Park
2023-01-30 07:00:00,9.8,100,996.0,100,5.0,0.0,0.0,0.0,0.0,27.5398,71.9153,Bhadla_Solar_Park
2023-01-30 08:00:00,10.6,98,997.2,100,6.9,31.0,0.0,31.0,0.0,27.5398,71.9153,Bhadla_Solar_Park
2023-01-30 09:00:00,12.5,96,998.2,100,6.0,110.0,20.3,104.0,6.0,27.5398,71.9153,Bhadla_Solar_Park
2023-01-30 10:00:00,14.2,96,999.3,100,4.0,215.0,53.5,190.0,25.0,27.5398,71.9153,Bhadla_Solar_Park
2023-01-30 11:00:00,15.4,88,999.0,39,1.1,352.0,113.8,284.0,68.0,27.5398,71.9153,Bhadla_Solar_Park
2023-01-30 12:00:00,18.0,69,998.2,0,2.8,584.0,438.3,287.0,297.0,27.5398,71.9153,Bhadla_Solar_Park
2023-01-30 13:00:00,20.9,39,997.4,0,7.4,697.0,740.8,177.0,520.0,27.5398,71.9153,Bhadla_Solar_Park
2023-01-30 14:00:00,22.3,27,996.8,0,12.1,660.0,740.1,165.0,495.0,27.5398,71.9153,Bhadla_Solar_Park
2023-01-30 15:00:00,22.8,22,996.6,0,14.3,553.0,690.6,152.0,401.0,27.5398,71.9153,Bhadla_Solar_Park
2023-01-30 16:00:00,22.6,22,997.0,0,16.1,389.0,586.4,129.0,260.0,27.5398,71.9153,Bhadla_Solar_Park
2023-01-30 17:00:00,21.6,26,997.4,0,17.4,195.0,390.6,91.0,104.0,27.5398,71.9153,Bhadla_Solar_Park
2023-01-30 18:00:00,19.7,33,998.1,0,14.4,34.0,94.4,24.0,10.0,27.5398,71.9153,Bhadla_Solar_Park
2023-01-30 19:00:00,18.1,41,998.7,0,12.3,0.0,0.0,0.0,0.0,27.5398,71.9153,Bhadla_Solar_Park
2023-01-30 20:00:00,16.6,48,999.4,0,11.5,0.0,0.0,0.0,0.0,27.5398,71.9153,Bhadla_Solar_Park
2023-01-30 21:00:00,15.4,55,999.5,0,12.2,0.0,0.0,0.0,0.0,27.5398,71.9153,Bhadla_Solar_Park
2023-01-30 22:00:00,14.3,63,999.9,0,12.3,0.0,0.0,0.0,0.0,27.5398,71.9153,Bhadla_Solar_Park
2023-01-30 23:00:00,13.2,71,1000.3,0,12.3,0.0,0.0,0.0,0.0,27.5398,71.9153,Bhadla_Solar_Park
2023-01-31 00:00:00,12.2,78,1000.4,0,11.5,0.0,0.0,0.0,0.0,27.5398,71.9153,Bhadla_Solar_Park
2023-01-31 01:00:00,11.3,84,1000.3,0,11.2,0.0,0.0,0.0,0.0,27.5398,71.9153,Bhadla_Solar_Park
2023-01-31 02:00:00,10.7,87,1000.3,0,11.5,0.0,0.0,0.0,0.0,27.5398,71.9153,Bhadla_Solar_Park
2023-01-31 03:00:00,10.3,90,1000.1,0,12.0,0.0,0.0,0.0,0.0,27.5398,71.9153,Bhadla_Solar_Park
2023-01-31 04:00:00,9.8,91,1000.2,0,11.9,0.0,0.0,0.0,0.0,27.5398,71.9153,Bhadla_Solar_Park
2023-01-31 05:00:00,9.4,92,1000.4,0,10.7,0.0,0.0,0.0,0.0,27.5398,71.9153,Bhadla_Solar_Park
2023-01-31 06:00:00,8.8,93,1000.7,0,11.8,0.0,0.0,0.0,0.0,27.5398,71.9153,Bhadla_Solar_Park
2023-01-31 07:00:00,8.5,94,1001.4,0,12.1,0.0,0.0,0.0,0.0,27.5398,71.9153,Bhadla_Solar_Park
2023-01-31 08:00:00,9.7,92,1002.1,0,11.0,52.0,138.3,35.0,17.0,27.5398,71.9153,Bhadla_Solar_Park
2023-01-31 09:00:00,12.4,81,1003.0,0,8.2,225.0,416.5,101.0,124.0,27.5398,71.9153,Bhadla_Solar_Park
2023-01-31 10:00:00,15.4,67,1003.9,0,10.5,415.0,589.6,138.0,277.0,27.5398,71.9153,Bhadla_Solar_Park
2023-01-31 11:00:00,18.1,54,1003.2,0,13.9,571.0,684.5,160.0,411.0,27.5398,71.9153,Bhadla_Solar_Park
2023-01-31 12:00:00,20.0,42,1002.7,0,15.8,671.0,734.4,171.0,500.0,27.5398,71.9153,Bhadla_Solar_Park
2023-01-31 13:00:00,21.2,34,1001.6,0,17.7,701.0,747.1,174.0,527.0,27.5398,71.9153,Bhadla_Solar_Park
2023-01-31 14:00:00,21.8,32,1000.5,0,18.3,659.0,728.7,169.0,490.0,27.5398,71.9153,Bhadla_Solar_Park
2023-01-31 15:00:00,22.1,30,999.7,0,17.2,551.0,677.8,155.0,396.0,27.5398,71.9153,Bhadla_Solar_Park
2023-01-31 16:00:00,21.9,30,999.4,0,15.9,388.0,575.2,131.0,257.0,27.5398,71.9153,Bhadla_Solar_Park
2023-01-31 17:00:00,20.2,39,999.8,0,12.5,196.0,385.8,92.0,104.0,27.5398,71.9153,Bhadla_Solar_Park
2023-01-31 18:00:00,18.2,48,999.8,0,10.5,35.0,93.0,25.0,10.0,27.5398,71.9153,Bhadla_Solar_Park
2023-01-31 19:00:00,16.7,54,1000.3,0,10.9,0.0,0.0,0.0,0.0,27.5398,71.9153,Bhadla_Solar_Park
2023-01-31 20:00:00,15.3,60,1000.6,0,10.2,0.0,0.0,0.0,0.0,27.5398,71.9153,Bhadla_Solar_Park
2023-01-31 21:00:00,13.9,65,1000.7,0,9.7,0.0,0.0,0.0,0.0,27.5398,71.9153,Bhadla_Solar_Park
2023-01-31 22:00:00,12.8,71,1000.8,0,9.2,0.0,0.0,0.0,0.0,27.5398,71.9153,Bhadla_Solar_Park
2023-01-31 23:00:00,11.9,76,1000.8,0,9.1,0.0,0.0,0.0,0.0,27.5398,71.9153,Bhadla_Solar_Park
2023-02-01 00:00:00,11.4,77,1000.5,0,10.8,0.0,0.0,0.0,0.0,27.5398,71.9153,Bhadla_Solar_Park
2023-02-01 01:00:00,10.7,80,1000.3,0,11.2,0.0,0.0,0.0,0.0,27.5398,71.9153,Bhadla_Solar_Park
2023-02-01 02:00:00,10.0,83,999.9,0,11.1,0.0,0.0,0.0,0.0,27.5398,71.9153,Bhadla_Solar_Park
2023-02-01 03:00:00,9.6,86,999.5,0,11.4,0.0,0.0,0.0,0.0,27.5398,71.9153,Bhadla_Solar_Park
2023-02-01 04:00:00,9.5,87,998.9,0,12.3,0.0,0.0,0.0,0.0,27.5398,71.9153,Bhadla_Solar_Park
2023-02-01 05:00:00,9.0,88,999.0,0,11.3,0.0,0.0,0.0,0.0,27.5398,71.9153,Bhadla_Solar_Park
2023-02-01 06:00:00,8.4,89,999.5,0,11.0,0.0,0.0,0.0,0.0,27.5398,71.9153,Bhadla_Solar_Park
2023-02-01 07:00:00,8.0,90,1000.3,0,10.8,0.0,0.0,0.0,0.0,27.5398,71.9153,Bhadla_Solar_Park
2023-02-01 08:00:00,9.4,85,1001.0,0,9.3,53.0,145.1,35.0,18.0,27.5398,71.9153,Bhadla_Solar_Park
2023-02-01 09:00:00,12.6,71,1002.0,0,7.1,227.0,419.9,101.0,126.0,27.5398,71.9153,Bhadla_Solar_Park
2023-02-01 10:00:00,16.0,58,1002.7,0,7.1,418.0,592.6,138.0,280.0,27.5398,71.9153,Bhadla_Solar_Park
2023-02-01 11:00:00,18.6,46,1002.4,0,9.0,575.0,687.6,160.0,415.0,27.5398,71.9153,Bhadla_Solar_Park
2023-02-01 12:00:00,20.3,38,1001.3,0,9.9,675.0,736.7,171.0,504.0,27.5398,71.9153,Bhadla_Solar_Park
2023-02-01 13:00:00,21.5,33,1000.0,0,9.8,707.0,750.5,175.0,532.0,27.5398,71.9153,Bhadla_Solar_Park
2023-02-01 14:00:00,22.2,32,999.2,0,6.7,666.0,735.2,169.0,497.0,27.5398,71.9153,Bhadla_Solar_Park
2023-02-01 15:00:00,22.6,30,998.7,0,5.8,556.0,683.9,154.0,402.0,27.5398,71.9153,Bhadla_Solar_Park
2023-02-01 16:00:00,22.8,29,998.7,0,7.9,392.0,579.6,131.0,261.0,27.5398,71.9153,Bhadla_Solar_Park
2023-02-01 17:00:00,22.3,31,998.4,0,9.8,199.0,388.5,93.0,106.0,27.5398,71.9153,Bhadla_Solar_Park
2023-02-01 18:00:00,19.9,40,998.4,0,10.4,37.0,100.7,26.0,11.0,27.5398,71.9153,Bhadla_Solar_Park
2023-02-01 19:00:00,18.4,44,998.7,0,12.2,0.0,0.0,0.0,0.0,27.5398,71.9153,Bhadla_Solar_Park
2023-02-01 20:00:00,17.0,49,998.8,0,11.2,0.0,0.0,0.0,0.0,27.5398,71.9153,Bhadla_Solar_Park
2023-02-01 21:00:00,15.6,55,999.0,0,10.0,0.0,0.0,0.0,0.0,27.5398,71.9153,Bhadla_Solar_Park
2023-02-01 22:00:00,14.7,56,999.0,0,10.8,0.0,0.0,0.0,0.0,27.5398,71.9153,Bhadla_Solar_Park
2023-02-01 23:00:00,13.2,63,998.8,0,9.0,0.0,0.0,0.0,0.0,27.5398,71.9153,Bhadla_Solar_Park
2023-02-02 00:00:00,12.5,65,998.6,0,8.0,0.0,0.0,0.0,0.0,27.5398,71.9153,Bhadla_Solar_Park
2023-02-02 01:00:00,11.7,68,998.1,0,8.1,0.0,0.0,0.0,0.0,27.5398,71.9153,Bhadla_Solar_Park
2023-02-02 02:00:00,11.3,69,997.9,0,7.4,0.0,0.0,0.0,0.0,27.5398,71.9153,Bhadla_Solar_Park
2023-02-02 03:00:00,11.3,69,997.3,0,6.6,0.0,0.0,0.0,0.0,27.5398,71.9153,Bhadla_Solar_Park
2023-02-02 04:00:00,10.8,71,996.9,0,6.9,0.0,0.0,0.0,0.0,27.5398,71.9153,Bhadla_Solar_Park
2023-02-02 05:00:00,10.1,77,997.1,0,7.4,0.0,0.0,0.0,0.0,27.5398,71.9153,Bhadla_Solar_Park
2023-02-02 06:00:00,9.1,79,997.5,0,7.6,0.0,0.0,0.0,0.0,27.5398,71.9153,Bhadla_Solar_Park
2023-02-02 07:00:00,8.0,84,998.1,0,8.7,0.0,0.0,0.0,0.0,27.5398,71.9153,Bhadla_Solar_Park
2023-02-02 08:00:00,9.7,80,999.0,0,9.8,54.0,151.7,35.0,19.0,27.5398,71.9153,Bhadla_Solar_Park
2023-02-02 09:00:00,12.9,65,1000.1,0,8.2,229.0,423.1,101.0,128.0,27.5398,71.9153,Bhadla_Solar_Park
2023-02-02 10:00:00,16.8,50,1001.1,0,7.1,421.0,597.5,137.0,284.0,27.5398,71.9153,Bhadla_Solar_Park
2023-02-02 11:00:00,19.9,40,1000.7,0,7.6,579.0,692.4,159.0,420.0,27.5398,71.9153,Bhadla_Solar_Park
2023-02-02 12:00:00,22.0,33,999.9,0,7.2,679.0,740.4,170.0,509.0,27.5398,71.9153,Bhadla_Solar_Park
2023-02-02 13:00:00,23.4,26,998.5,0,6.2,712.0,755.2,174.0,538.0,27.5398,71.9153,Bhadla_Solar_Park
2023-02-02 14:00:00,24.4,22,997.6,0,5.8,672.0,741.6,168.0,504.0,27.5398,71.9153,Bhadla_Solar_Park
2023-02-02 15:00:00,25.0,20,997.0,0,6.6,563.0,691.6,154.0,409.0,27.5398,71.9153,Bhadla_Solar_Park
2023-02-02 16:00:00,25.0,19,996.6,0,7.7,399.0,590.6,131.0,268.0,27.5398,71.9153,Bhadla_Solar_Park
2023-02-02 17:00:00,25.2,19,996.1,0,7.7,204.0,402.0,93.0,111.0,27.5398,71.9153,Bhadla_Solar_Park
2023-02-02 18:00:00,22.0,27,996.2,0,9.0,38.0,108.2,26.0,12.0,27.5398,71.9153,Bhadla_Solar_Park
2023-02-02 19:00:00,20.4,30,996.6,0,10.6,0.0,0.0,0.0,0.0,27.5398,71.9153,Bhadla_Solar_Park
2023-02-02 20:00:00,19.0,32,997.1,0,12.0,0.0,0.0,0.0,0.0,27.5398,71.9153,Bhadla_Solar_Park
2023-02-02 21:00:00,17.2,37,997.5,0,10.4,0.0,0.0,0.0,0.0,27.5398,71.9153,Bhadla_Solar_Park
2023-02-02 22:00:00,15.8,44,998.1,0,10.0,0.0,0.0,0.0,0.0,27.5398,71.9153,Bhadla_Solar_Park
2023-02-02 23:00:00,14.5,53,998.0,0,9.9,0.0,0.0,0.0,0.0,27.5398,71.9153,Bhadla_Solar_Park
2023-02-03 00:00:00,13.7,57,997.6,0,10.3,0.0,0.0,0.0,0.0,27.5398,71.9153,Bhadla_Solar_Park
2023-02-03 01:00:00,12.9,61,997.3,0,11.5,0.0,0.0,0.0,0.0,27.5398,71.9153,Bhadla_Solar_Park
2023-02-03 02:00:00,12.0,65,996.9,0,10.7,0.0,0.0,0.0,0.0,27.5398,71.9153,Bhadla_Solar_Park
2023-02-03 03:00:00,11.4,67,996.6,0,11.0,0.0,0.0,0.0,0.0,27.5398,71.9153,Bhadla_Solar_Park
2023-02-03 04:00:00,11.0,67,996.3,0,11.5,0.0,0.0,0.0,0.0,27.5398,71.9153,Bhadla_Solar_Park
2023-02-03 05:00:00,11.4,68,996.5,0,13.2,0.0,0.0,0.0,0.0,27.5398,71.9153,Bhadla_Solar_Park
2023-02-03 06:00:00,11.0,68,996.7,0,13.8,0.0,0.0,0.0,0.0,27.5398,71.9153,Bhadla_Solar_Park
2023-02-03 07:00:00,10.7,69,997.2,0,14.6,0.0,0.0,0.0,0.0,27.5398,71.9153,Bhadla_Solar_Park
2023-02-03 08:00:00,12.4,61,997.7,0,14.7,55.0,150.3,36.0,19.0,27.5398,71.9153,Bhadla_Solar_Park
2023-02-03 09:00:00,16.0,48,998.5,0,12.5,231.0,429.5,100.0,131.0,27.5398,71.9153,Bhadla_Solar_Park
2023-02-03 10:00:00,19.7,38,998.9,0,11.7,425.0,602.3,137.0,288.0,27.5398,71.9153,Bhadla_Solar_Park
2023-02-03 11:00:00,23.3,29,998.5,0,12.8,583.0,697.0,158.0,425.0,27.5398,71.9153,Bhadla_Solar_Park
2023-02-03 12:00:00,25.7,22,997.6,0,11.5,683.0,742.6,170.0,513.0,27.5398,71.9153,Bhadla_Solar_Park
2023-02-03 13:00:00,27.0,18,996.5,0,9.2,714.0,757.1,172.0,542.0,27.5398,71.9153,Bhadla_Solar_Park
2023-02-03 14:00:00,27.7,17,995.4,0,8.9,673.0,740.6,167.0,506.0,27.5398,71.9153,Bhadla_Solar_Park
2023-02-03 15:00:00,28.0,15,994.9,0,9.1,564.0,689.1,154.0,410.0,27.5398,71.9153,Bhadla_Solar_Park
2023-02-03 16:00:00,27.9,15,994.7,0,8.4,400.0,588.3,131.0,269.0,27.5398,71.9153,Bhadla_Solar_Park
2023-02-03 17:00:00,27.6,15,994.8,0,7.2,206.0,400.9,94.0,112.0,27.5398,71.9153,Bhadla_Solar_Park
2023-02-03 18:00:00,24.1,22,995.0,0,7.7,39.0,106.7,27.0,12.0,27.5398,71.9153,Bhadla_Solar_Park
2023-02-03 19:00:00,22.6,24,995.4,0,10.9,0.0,0.0,0.0,0.0,27.5398,71.9153,Bhadla_Solar_Park
2023-02-03 20:00:00,21.0,26,995.6,0,11.2,0.0,0.0,0.0,0.0,27.5398,71.9153,Bhadla_Solar_Park
2023-02-03 21:00:00,19.5,30,995.8,0,10.2,0.0,0.0,0.0,0.0,27.5398,71.9153,Bhadla_Solar_Park
2023-02-03 22:00:00,18.1,33,996.1,0,10.0,0.0,0.0,0.0,0.0,27.5398,71.9153,Bhadla_Solar_Park
2023-02-03 23:00:00,17.7,32,995.9,0,11.9,0.0,0.0,0.0,0.0,27.5398,71.9153,Bhadla_Solar_Park
2023-02-04 00:00:00,16.7,34,995.5,0,12.0,0.0,0.0,0.0,0.0,27.5398,71.9153,Bhadla_Solar_Park
2023-02-04 01:00:00,15.7,37,995.1,0,11.6,0.0,0.0,0.0,0.0,27.5398,71.9153,Bhadla_Solar_Park
2023-02-04 02:00:00,14.8,40,994.5,0,10.8,0.0,0.0,0.0,0.0,27.5398,71.9153,Bhadla_Solar_Park
2023-02-04 03:00:00,13.8,46,994.1,0,9.1,0.0,0.0,0.0,0.0,27.5398,71.9153,Bhadla_Solar_Park
2023-02-04 04:00:00,13.9,49,994.1,0,5.7,0.0,0.0,0.0,0.0,27.5398,71.9153,Bhadla_Solar_Park
2023-02-04 05:00:00,12.5,63,994.3,0,11.8,0.0,0.0,0.0,0.0,27.5398,71.9153,Bhadla_Solar_Park
2023-02-04 06:00:00,11.5,65,994.5,0,12.5,0.0,0.0,0.0,0.0,27.5398,71.9153,Bhadla_Solar_Park
2023-02-04 07:00:00,11.4,62,995.0,0,13.3,0.0,0.0,0.0,0.0,27.5398,71.9153,Bhadla_Solar_Park
2023-02-04 08:00:00,13.2,53,995.6,0,13.2,55.0,148.8,36.0,19.0,27.5398,71.9153,Bhadla_Solar_Park
2023-02-04 09:00:00,17.2,40,996.3,0,11.7,229.0,419.4,100.0,129.0,27.5398,71.9153,Bhadla_Solar_Park
2023-02-04 10:00:00,21.1,31,997.3,0,7.7,419.0,590.4,135.0,284.0,27.5398,71.9153,Bhadla_Solar_Park
2023-02-04 11:00:00,24.5,24,997.0,0,7.7,576.0,683.6,157.0,419.0,27.5398,71.9153,Bhadla_Solar_Park
2023-02-04 12:00:00,26.3,20,996.1,0,4.3,676.0,730.3,169.0,507.0,27.5398,71.9153,Bhadla_Solar_Park
2023-02-04 13:00:00,27.2,18,995.1,0,1.4,708.0,743.6,173.0,535.0,27.5398,71.9153,Bhadla_Solar_Park
2023-02-04 14:00:00,27.9,17,994.1,0,4.6,667.0,728.0,167.0,500.0,27.5398,71.9153,Bhadla_Solar_Park
2023-02-04 15:00:00,28.3,16,993.6,0,6.6,559.0,676.6,154.0,405.0,27.5398,71.9153,Bhadla_Solar_Park
2023-02-04 16:00:00,28.2,16,993.3,0,7.2,397.0,577.4,131.0,266.0,27.5398,71.9153,Bhadla_Solar_Park
2023-02-04 17:00:00,28.3,16,993.0,0,6.9,205.0,392.7,94.0,111.0,27.5398,71.9153,Bhadla_Solar_Park
2023-02-04 18:00:00,25.7,20,993.3,0,9.3,40.0,113.9,27.0,13.0,27.5398,71.9153,Bhadla_Solar_Park
2023-02-04 19:00:00,23.9,23,993.7,0,10.7,0.0,0.0,0.0,0.0,27.5398,71.9153,Bhadla_Solar_Park
2023-02-04 20:00:00,22.6,25,994.1,0,12.6,0.0,0.0,0.0,0.0,27.5398,71.9153,Bhadla_Solar_Park
2023-02-04 21:00:00,21.2,27,994.3,0,11.9,0.0,0.0,0.0,0.0,27.5398,71.9153,Bhadla_Solar_Park
2023-02-04 22:00:00,19.8,31,994.4,0,10.5,0.0,0.0,0.0,0.0,27.5398,71.9153,Bhadla_Solar_Park
2023-02-04 23:00:00,18.8,33,994.2,0,11.7,0.0,0.0,0.0,0.0,27.5398,71.9153,Bhadla_Solar_Park
2023-02-05 00:00:00,18.2,34,993.6,0,12.3,0.0,0.0,0.0,0.0,27.5398,71.9153,Bhadla_Solar_Park
2023-02-05 01:00:00,17.3,37,993.1,0,13.4,0.0,0.0,0.0,0.0,27.5398,71.9153,Bhadla_Solar_Park
2023-02-05 02:00:00,16.6,42,992.3,0,13.5,0.0,0.0,0.0,0.0,27.5398,71.9153,Bhadla_Solar_Park
2023-02-05 03:00:00,15.8,46,991.9,0,12.5,0.0,0.0,0.0,0.0,27.5398,71.9153,Bhadla_Solar_Park
2023-02-05 04:00:00,15.2,45,991.7,0,12.2,0.0,0.0,0.0,0.0,27.5398,71.9153,Bhadla_Solar_Park
2023-02-05 05:00:00,13.8,54,992.3,0,11.9,0.0,0.0,0.0,0.0,27.5398,71.9153,Bhadla_Solar_Park
2023-02-05 06:00:00,12.7,58,992.5,0,12.1,0.0,0.0,0.0,0.0,27.5398,71.9153,Bhadla_Solar_Park
2023-02-05 07:00:00,12.4,60,993.2,0,13.0,0.0,0.0,0.0,0.0,27.5398,71.9153,Bhadla_Solar_Park
2023-02-05 08:00:00,13.9,55,993.5,0,14.2,57.0,155.0,37.0,20.0,27.5398,71.9153,Bhadla_Solar_Park
2023-02-05 09:00:00,17.1,45,994.5,0,11.9,232.0,422.3,101.0,131.0,27.5398,71.9153,Bhadla_Solar_Park
2023-02-05 10:00:00,20.9,35,994.6,0,13.7,422.0,593.0,135.0,287.0,27.5398,71.9153,Bhadla_Solar_Park
2023-02-05 11:00:00,24.7,27,994.3,0,13.8,579.0,686.5,156.0,423.0,27.5398,71.9153,Bhadla_Solar_Park
2023-02-05 12:00:00,27.5,21,993.4,0,16.3,679.0,732.4,168.0,511.0,27.5398,71.9153,Bhadla_Solar_Park
2023-02-05 13:00:00,29.1,18,992.1,0,17.8,711.0,746.8,171.0,540.0,27.5398,71.9153,Bhadla_Solar_Park
2023-02-05 14:00:00,29.8,17,990.9,0,17.7,671.0,731.4,166.0,505.0,27.5398,71.9153,Bhadla_Solar_Park
2023-02-05 15:00:00,30.3,16,989.9,0,18.3,564.0,682.6,153.0,411.0,27.5398,71.9153,Bhadla_Solar_Park
2023-02-05 16:00:00,30.3,16,989.5,0,21.1,402.0,586.0,130.0,272.0,27.5398,71.9153,Bhadla_Solar_Park
2023-02-05 17:00:00,30.0,16,989.4,0,19.3,209.0,405.8,93.0,116.0,27.5398,71.9153,Bhadla_Solar_Park
2023-02-05 18:00:00,27.6,18,989.5,0,13.2,42.0,121.0,28.0,14.0,27.5398,71.9153,Bhadla_Solar_Park
2023-02-05 19:00:00,25.3,21,989.9,0,11.8,0.0,0.0,0.0,0.0,27.5398,71.9153,Bhadla_Solar_Park
2023-02-05 20:00:00,23.8,23,990.1,0,12.8,0.0,0.0,0.0,0.0,27.5398,71.9153,Bhadla_Solar_Park
2023-02-05 21:00:00,22.7,25,990.5,0,14.9,0.0,0.0,0.0,0.0,27.5398,71.9153,Bhadla_Solar_Park
2023-02-05 22:00:00,21.6,27,990.6,0,15.0,0.0,0.0,0.0,0.0,27.5398,71.9153,Bhadla_Solar_Park
2023-02-05 23:00:00,21.0,29,990.3,0,16.1,0.0,0.0,0.0,0.0,27.5398,71.9153,Bhadla_Solar_Park
2023-02-06 00:00:00,21.1,31,990.4,0,18.7,0.0,0.0,0.0,0.0,27.5398,71.9153,Bhadla_Solar_Park
2023-02-06 01:00:00,20.1,35,990.3,0,16.3,0.0,0.0,0.0,0.0,27.5398,71.9153,Bhadla_Solar_Park
2023-02-06 02:00:00,19.1,40,990.2,0,16.3,0.0,0.0,0.0,0.0,27.5398,71.9153,Bhadla_Solar_Park
2023-02-06 03:00:00,18.4,45,990.0,0,15.7,0.0,0.0,0.0,0.0,27.5398,71.9153,Bhadla_Solar_Park
2023-02-06 04:00:00,17.7,51,990.1,0,16.1,0.0,0.0,0.0,0.0,27.5398,71.9153,Bhadla_Solar_Park
2023-02-06 05:00:00,16.1,63,990.3,0,12.9,0.0,0.0,0.0,0.0,27.5398,71.9153,Bhadla_Solar_Park
2023-02-06 06:00:00,15.2,70,991.1,0,13.1,0.0,0.0,0.0,0.0,27.5398,71.9153,Bhadla_Solar_Park
2023-02-06 07:00:00,14.8,74,991.7,0,13.5,0.0,0.0,0.0,0.0,27.5398,71.9153,Bhadla_Solar_Park
2023-02-06 08:00:00,16.1,71,992.5,0,12.0,59.0,161.1,38.0,21.0,27.5398,71.9153,Bhadla_Solar_Park
2023-02-06 09:00:00,18.8,61,993.6,0,9.8,232.0,418.7,101.0,131.0,27.5398,71.9153,Bhadla_Solar_Park
2023-02-06 10:00:00,21.4,52,994.3,0,12.3,423.0,585.2,138.0,285.0,27.5398,71.9153,Bhadla_Solar_Park
2023-02-06 11:00:00,23.6,42,994.2,0,12.4,580.0,681.2,158.0,422.0,27.5398,71.9153,Bhadla_Solar_Park
2023-02-06 12:00:00,25.4,33,993.8,0,13.1,682.0,730.2,170.0,512.0,27.5398,71.9153,Bhadla_Solar_Park
2023-02-06 13:00:00,26.7,28,992.7,0,13.5,716.0,745.9,174.0,542.0,27.5398,71.9153,Bhadla_Solar_Park
2023-02-06 14:00:00,27.4,26,992.0,0,15.9,678.0,733.4,169.0,509.0,27.5398,71.9153,Bhadla_Solar_Park
2023-02-06 15:00:00,27.6,26,991.4,0,16.9,571.0,686.8,155.0,416.0,27.5398,71.9153,Bhadla_Solar_Park
2023-02-06 16:00:00,27.4,25,991.5,0,16.3,408.0,590.3,132.0,276.0,27.5398,71.9153,Bhadla_Solar_Park
2023-02-06 17:00:00,26.7,24,992.0,0,15.8,214.0,408.2,96.0,118.0,27.5398,71.9153,Bhadla_Solar_Park
2023-02-06 18:00:00,24.8,27,992.4,0,12.6,45.0,119.3,31.0,14.0,27.5398,71.9153,Bhadla_Solar_Park
2023-02-06 19:00:00,23.2,30,993.1,0,12.5,0.0,0.0,0.0,0.0,27.5398,71.9153,Bhadla_Solar_Park
2023-02-06 20:00:00,21.6,31,993.5,0,12.6,0.0,0.0,0.0,0.0,27.5398,71.9153,Bhadla_Solar_Park
2023-02-06 21:00:00,20.0,34,993.9,0,13.1,0.0,0.0,0.0,0.0,27.5398,71.9153,Bhadla_Solar_Park
2023-02-06 22:00:00,18.7,41,994.3,0,13.6,0.0,0.0,0.0,0.0,27.5398,71.9153,Bhadla_Solar_Park
2023-02-06 23:00:00,17.7,47,994.0,0,13.6,0.0,0.0,0.0,0.0,27.5398,71.9153,Bhadla_Solar_Park
2023-02-07 00:00:00,16.6,53,993.9,0,13.8,0.0,0.0,0.0,0.0,27.5398,71.9153,Bhadla_Solar_Park
2023-02-07 01:00:00,15.5,59,993.8,0,12.4,0.0,0.0,0.0,0.0,27.5398,71.9153,Bhadla_Solar_Park
2023-02-07 02:00:00,14.6,64,993.4,0,11.8,0.0,0.0,0.0,0.0,27.5398,71.9153,Bhadla_Solar_Park
2023-02-07 03:00:00,13.7,70,993.0,0,10.7,0.0,0.0,0.0,0.0,27.5398,71.9153,Bhadla_Solar_Park
2023-02-07 04:00:00,12.9,75,993.0,0,10.0,0.0,0.0,0.0,0.0,27.5398,71.9153,Bhadla_Solar_Park
2023-02-07 05:00:00,12.0,86,993.2,0,8.3,0.0,0.0,0.0,0.0,27.5398,71.9153,Bhadla_Solar_Park
2023-02-07 06:00:00,11.8,87,993.8,0,7.4,0.0,0.0,0.0,0.0,27.5398,71.9153,Bhadla_Solar_Park
2023-02-07 07:00:00,12.1,85,994.5,0,5.5,0.0,0.0,0.0,0.0,27.5398,71.9153,Bhadla_Solar_Park
2023-02-07 08:00:00,13.2,82,995.1,0,4.0,61.0,167.1,39.0,22.0,27.5398,71.9153,Bhadla_Solar_Park
2023-02-07 09:00:00,16.2,68,995.7,0,2.5,240.0,434.0,103.0,137.0,27.5398,71.9153,Bhadla_Solar_Park
2023-02-07 10:00:00,19.4,55,996.4,0,2.5,435.0,604.0,139.0,296.0,27.5398,71.9153,Bhadla_Solar_Park
2023-02-07 11:00:00,21.9,44,996.3,0,3.5,595.0,696.9,161.0,434.0,27.5398,71.9153,Bhadla_Solar_Park
2023-02-07 12:00:00,23.6,33,995.5,0,4.0,696.0,742.2,173.0,523.0,27.5398,71.9153,Bhadla_Solar_Park
2023-02-07 13:00:00,24.7,28,994.7,0,4.9,728.0,757.3,175.0,553.0,27.5398,71.9153,Bhadla_Solar_Park
2023-02-07 14:00:00,25.5,25,993.7,0,7.1,688.0,741.0,171.0,517.0,27.5398,71.9153,Bhadla_Solar_Park
2023-02-07 15:00:00,25.9,23,993.2,0,8.6,580.0,694.3,157.0,423.0,27.5398,71.9153,Bhadla_Solar_Park
2023-02-07 16:00:00,26.0,21,992.9,0,8.5,416.0,596.6,135.0,281.0,27.5398,71.9153,Bhadla_Solar_Park
2023-02-07 17:00:00,26.1,20,992.5,0,9.4,219.0,417.4,97.0,122.0,27.5398,71.9153,Bhadla_Solar_Park
2023-02-07 18:00:00,24.0,24,992.9,0,8.1,46.0,126.1,31.0,15.0,27.5398,71.9153,Bhadla_Solar_Park
2023-02-07 19:00:00,22.0,28,993.4,0,8.2,0.0,0.0,0.0,0.0,27.5398,71.9153,Bhadla_Solar_Park
2023-02-07 20:00:00,20.4,32,993.6,0,8.7,0.0,0.0,0.0,0.0,27.5398,71.9153,Bhadla_Solar_Park
2023-02-07 21:00:00,18.8,36,993.7,0,8.2,0.0,0.0,0.0,0.0,27.5398,71.9153,Bhadla_Solar_Park
2023-02-07 22:00:00,20.0,33,994.1,0,5.5,0.0,0.0,0.0,0.0,27.5398,71.9153,Bhadla_Solar_Park
2023-02-07 23:00:00,21.1,31,994.0,0,2.2,0.0,0.0,0.0,0.0,27.5398,71.9153,Bhadla_Solar_Park
2023-02-08 00:00:00,20.5,32,993.7,0,2.1,0.0,0.0,0.0,0.0,27.5398,71.9153,Bhadla_Solar_Park
2023-02-08 01:00:00,16.2,42,993.0,0,8.4,0.0,0.0,0.0,0.0,27.5398,71.9153,Bhadla_Solar_Park
2023-02-08 02:00:00,15.2,43,992.8,0,12.2,0.0,0.0,0.0,0.0,27.5398,71.9153,Bhadla_Solar_Park
2023-02-08 03:00:00,14.2,46,992.2,0,11.0,0.0,0.0,0.0,0.0,27.5398,71.9153,Bhadla_Solar_Park
2023-02-08 04:00:00,13.7,47,992.4,0,12.2,0.0,0.0,0.0,0.0,27.5398,71.9153,Bhadla_Solar_Park
2023-02-08 05:00:00,12.9,55,993.0,0,12.3,0.0,0.0,0.0,0.0,27.5398,71.9153,Bhadla_Solar_Park
2023-02-08 06:00:00,12.5,56,993.6,0,12.5,0.0,0.0,0.0,0.0,27.5398,71.9153,Bhadla_Solar_Park
2023-02-08 07:00:00,12.5,55,994.3,0,13.3,0.0,0.0,0.0,0.0,27.5398,71.9153,Bhadla_Solar_Park
2023-02-08 08:00:00,14.4,48,995.2,0,12.6,62.0,165.3,40.0,22.0,27.5398,71.9153,Bhadla_Solar_Park
2023-02-08 09:00:00,18.6,36,995.9,0,12.4,241.0,433.3,103.0,138.0,27.5398,71.9153,Bhadla_Solar_Park
2023-02-08 10:00:00,22.9,27,996.6,1,12.7,434.0,598.1,139.0,295.0,27.5398,71.9153,Bhadla_Solar_Park
2023-02-08 11:00:00,25.9,21,996.4,7,18.3,592.0,689.9,160.0,432.0,27.5398,71.9153,Bhadla_Solar_Park
2023-02-08 12:00:00,27.6,18,995.2,0,19.6,693.0,735.6,172.0,521.0,27.5398,71.9153,Bhadla_Solar_Park
2023-02-08 13:00:00,28.7,16,994.0,9,20.3,726.0,749.4,176.0,550.0,27.5398,71.9153,Bhadla_Solar_Park
2023-02-08 14:00:00,29.6,15,992.9,0,20.2,687.0,735.7,171.0,516.0,27.5398,71.9153,Bhadla_Solar_Park
2023-02-08 15:00:00,30.0,14,992.1,0,20.4,579.0,688.6,157.0,422.0,27.5398,71.9153,Bhadla_Solar_Park
2023-02-08 16:00:00,30.0,13,991.4,22,20.2,415.0,592.3,134.0,281.0,27.5398,71.9153,Bhadla_Solar_Park
2023-02-08 17:00:00,29.2,14,991.5,5,19.0,219.0,412.9,97.0,122.0,27.5398,71.9153,Bhadla_Solar_Park
2023-02-08 18:00:00,26.9,17,991.8,9,13.0,47.0,132.8,31.0,16.0,27.5398,71.9153,Bhadla_Solar_Park
2023-02-08 19:00:00,24.6,20,992.1,21,12.0,0.0,0.0,0.0,0.0,27.5398,71.9153,Bhadla_Solar_Park
2023-02-08 20:00:00,23.2,22,992.2,33,14.1,0.0,0.0,0.0,0.0,27.5398,71.9153,Bhadla_Solar_Park
2023-02-08 21:00:00,22.3,23,992.5,82,15.9,0.0,0.0,0.0,0.0,27.5398,71.9153,Bhadla_Solar_Park
2023-02-08 22:00:00,21.7,24,992.5,0,17.8,0.0,0.0,0.0,0.0,27.5398,71.9153,Bhadla_Solar_Park
2023-02-08 23:00:00,21.0,25,992.3,23,19.2,0.0,0.0,0.0,0.0,27.5398,71.9153,Bhadla_Solar_Park
2023-02-09 00:00:00,20.3,26,991.6,0,20.4,0.0,0.0,0.0,0.0,27.5398,71.9153,Bhadla_Solar_Park
2023-02-09 01:00:00,19.8,27,991.1,0,20.9,0.0,0.0,0.0,0.0,27.5398,71.9153,Bhadla_Solar_Park
2023-02-09 02:00:00,19.3,28,990.6,15,20.9,0.0,0.0,0.0,0.0,27.5398,71.9153,Bhadla_Solar_Park
2023-02-09 03:00:00,18.8,30,990.0,7,20.6,0.0,0.0,0.0,0.0,27.5398,71.9153,Bhadla_Solar_Park
2023-02-09 04:00:00,18.3,32,989.7,21,20.0,0.0,0.0,0.0,0.0,27.5398,71.9153,Bhadla_Solar_Park
2023-02-09 05:00:00,17.4,37,989.9,10,19.8,0.0,0.0,0.0,0.0,27.5398,71.9153,Bhadla_Solar_Park
2023-02-09 06:00:00,16.8,39,990.2,19,20.2,0.0,0.0,0.0,0.0,27.5398,71.9153,Bhadla_Solar_Park
2023-02-09 07:00:00,16.5,41,990.7,14,20.2,0.0,0.0,0.0,0.0,27.5398,71.9153,Bhadla_Solar_Park
2023-02-09 08:00:00,17.5,40,991.3,28,20.5,63.0,170.9,40.0,23.0,27.5398,71.9153,Bhadla_Solar_Park
2023-02-09 09:00:00,20.1,35,992.1,40,19.6,242.0,429.3,104.0,138.0,27.5398,71.9153,Bhadla_Solar_Park
2023-02-09 10:00:00,23.0,28,992.4,14,27.0,435.0,598.2,138.0,297.0,27.5398,71.9153,Bhadla_Solar_Park
2023-02-09 11:00:00,25.6,24,992.3,6,28.1,594.0,690.9,159.0,435.0,27.5398,71.9153,Bhadla_Solar_Park
2023-02-09 12:00:00,28.1,21,991.3,11,28.6,695.0,737.5,170.0,525.0,27.5398,71.9153,Bhadla_Solar_Park
2023-02-09 13:00:00,29.6,20,990.2,40,29.5,729.0,752.5,174.0,555.0,27.5398,71.9153,Bhadla_Solar_Park
2023-02-09 14:00:00,30.4,20,989.1,20,29.9,689.0,739.0,168.0,521.0,27.5398,71.9153,Bhadla_Solar_Park
2023-02-09 15:00:00,30.7,20,988.5,8,29.4,582.0,691.1,156.0,426.0,27.5398,71.9153,Bhadla_Solar_Park
2023-02-09 16:00:00,30.6,21,988.4,2,28.7,418.0,596.5,133.0,285.0,27.5398,71.9153,Bhadla_Solar_Park
2023-02-09 17:00:00,30.4,21,988.7,18,21.9,222.0,411.9,99.0,123.0,27.5398,71.9153,Bhadla_Solar_Park
2023-02-09 18:00:00,28.4,24,988.9,20,16.8,49.0,131.0,33.0,16.0,27.5398,71.9153,Bhadla_Solar_Park
2023-02-09 19:00:00,26.6,27,989.5,24,14.6,0.0,0.0,0.0,0.0,27.5398,71.9153,Bhadla_Solar_Park
2023-02-09 20:00:00,24.9,30,989.6,33,12.0,0.0,0.0,0.0,0.0,27.5398,71.9153,Bhadla_Solar_Park
2023-02-09 21:00:00,23.9,32,989.6,3,14.3,0.0,0.0,0.0,0.0,27.5398,71.9153,Bhadla_Solar_Park
2023-02-09 22:00:00,24.2,31,989.7,8,21.1,0.0,0.0,0.0,0.0,27.5398,71.9153,Bhadla_Solar_Park
2023-02-09 23:00:00,24.7,29,989.8,1,26.2,0.0,0.0,0.0,0.0,27.5398,71.9153,Bhadla_Solar_Park
2023-02-10 00:00:00,24.1,31,989.6,5,26.3,0.0,0.0,0.0,0.0,27.5398,71.9153,Bhadla_Solar_Park
2023-02-10 01:00:00,23.3,30,989.4,17,26.0,0.0,0.0,0.0,0.0,27.5398,71.9153,Bhadla_Solar_Park
2023-02-10 02:00:00,22.3,30,989.1,25,23.7,0.0,0.0,0.0,0.0,27.5398,71.9153,Bhadla_Solar_Park
2023-02-10 03:00:00,21.3,34,988.9,5,22.5,0.0,0.0,0.0,0.0,27.5398,71.9153,Bhadla_Solar_Park
2023-02-10 04:00:00,20.4,40,988.6,15,22.3,0.0,0.0,0.0,0.0,27.5398,71.9153,Bhadla_Solar_Park
2023-02-10 05:00:00,19.3,48,988.8,11,21.1,0.0,0.0,0.0,0.0,27.5398,71.9153,Bhadla_Solar_Park
2023-02-10 06:00:00,18.7,54,989.2,13,21.4,0.0,0.0,0.0,0.0,27.5398,71.9153,Bhadla_Solar_Park
2023-02-10 07:00:00,18.0,63,990.0,1,19.9,0.0,0.0,0.0,0.0,27.5398,71.9153,Bhadla_Solar_Park
2023-02-10 08:00:00,18.8,67,990.9,2,17.4,64.0,169.0,41.0,23.0,27.5398,71.9153,Bhadla_Solar_Park
2023-02-10 09:00:00,20.5,65,992.1,2,17.3,241.0,422.2,104.0,137.0,27.5398,71.9153,Bhadla_Solar_Park
2023-02-10 10:00:00,22.1,62,993.0,0,18.7,432.0,584.2,140.0,292.0,27.5398,71.9153,Bhadla_Solar_Park
2023-02-10 11:00:00,23.6,57,992.9,1,17.1,589.0,672.8,163.0,426.0,27.5398,71.9153,Bhadla_Solar_Park
2023-02-10 12:00:00,25.2,50,992.5,0,16.9,688.0,719.7,173.0,515.0,27.5398,71.9153,Bhadla_Solar_Park
2023-02-10 13:00:00,26.4,44,991.6,0,16.1,720.0,732.5,177.0,543.0,27.5398,71.9153,Bhadla_Solar_Park
2023-02-10 14:00:00,27.2,39,990.8,0,14.8,681.0,719.6,171.0,510.0,27.5398,71.9153,Bhadla_Solar_Park
2023-02-10 15:00:00,27.6,33,990.3,0,12.6,576.0,674.2,158.0,418.0,27.5398,71.9153,Bhadla_Solar_Park
2023-02-10 16:00:00,27.6,29,990.0,0,11.1,416.0,583.9,135.0,281.0,27.5398,71.9153,Bhadla_Solar_Park
2023-02-10 17:00:00,27.2,29,990.1,0,8.9,223.0,414.2,98.0,125.0,27.5398,71.9153,Bhadla_Solar_Park
2023-02-10 18:00:00,25.5,31,990.8,32,8.1,50.0,137.4,33.0,17.0,27.5398,71.9153,Bhadla_Solar_Park
2023-02-10 19:00:00,23.8,34,991.2,34,9.1,0.0,0.0,0.0,0.0,27.5398,71.9153,Bhadla_Solar_Park
2023-02-10 20:00:00,22.5,37,991.7,9,9.8,0.0,0.0,0.0,0.0,27.5398,71.9153,Bhadla_Solar_Park
2023-02-10 21:00:00,21.6,39,992.0,20,11.0,0.0,0.0,0.0,0.0,27.5398,71.9153,Bhadla_Solar_Park
2023-02-10 22:00:00,20.8,41,992.4,24,12.3,0.0,0.0,0.0,0.0,27.5398,71.9153,Bhadla_Solar_Park
2023-02-10 23:00:00,19.9,43,992.4,7,11.8,0.0,0.0,0.0,0.0,27.5398,71.9153,Bhadla_Solar_Park
2023-02-11 00:00:00,18.7,46,992.2,12,10.2,0.0,0.0,0.0,0.0,27.5398,71.9153,Bhadla_Solar_Park
2023-02-11 01:00:00,17.4,51,992.3,0,9.2,0.0,0.0,0.0,0.0,27.5398,71.9153,Bhadla_Solar_Park
2023-02-11 02:00:00,16.4,56,992.2,0,7.9,0.0,0.0,0.0,0.0,27.5398,71.9153,Bhadla_Solar_Park
2023-02-11 03:00:00,15.9,60,992.0,0,6.6,0.0,0.0,0.0,0.0,27.5398,71.9153,Bhadla_Solar_Park
2023-02-11 04:00:00,15.5,63,992.2,0,5.9,0.0,0.0,0.0,0.0,27.5398,71.9153,Bhadla_Solar_Park
2023-02-11 05:00:00,14.8,70,992.6,0,7.9,0.0,0.0,0.0,0.0,27.5398,71.9153,Bhadla_Solar_Park
2023-02-11 06:00:00,14.4,73,993.4,0,8.6,0.0,0.0,0.0,0.0,27.5398,71.9153,Bhadla_Solar_Park
2023-02-11 07:00:00,13.5,79,994.7,0,7.9,0.0,0.0,0.0,0.0,27.5398,71.9153,Bhadla_Solar_Park
2023-02-11 08:00:00,15.3,72,995.9,0,5.6,68.0,174.4,44.0,24.0,27.5398,71.9153,Bhadla_Solar_Park
2023-02-11 09:00:00,18.2,60,997.1,0,4.0,250.0,436.4,107.0,143.0,27.5398,71.9153,Bhadla_Solar_Park
2023-02-11 10:00:00,21.6,49,998.0,0,2.1,447.0,604.1,143.0,304.0,27.5398,71.9153,Bhadla_Solar_Park
2023-02-11 11:00:00,24.1,38,998.0,0,2.7,609.0,695.7,166.0,443.0,27.5398,71.9153,Bhadla_Solar_Park
2023-02-11 12:00:00,25.9,28,997.4,0,8.4,713.0,743.8,178.0,535.0,27.5398,71.9153,Bhadla_Solar_Park
2023-02-11 13:00:00,27.1,21,996.4,0,10.9,747.0,759.6,181.0,566.0,27.5398,71.9153,Bhadla_Solar_Park
2023-02-11 14:00:00,27.6,18,995.5,0,12.5,707.0,745.3,176.0,531.0,27.5398,71.9153,Bhadla_Solar_Park
2023-02-11 15:00:00,27.6,17,995.0,0,13.6,598.0,699.1,162.0,436.0,27.5398,71.9153,Bhadla_Solar_Park
2023-02-11 16:00:00,27.3,16,994.8,0,12.1,431.0,602.5,139.0,292.0,27.5398,71.9153,Bhadla_Solar_Park
2023-02-11 17:00:00,26.9,15,994.8,0,12.9,232.0,426.3,102.0,130.0,27.5398,71.9153,Bhadla_Solar_Park
2023-02-11 18:00:00,25.0,18,995.4,0,12.0,53.0,143.7,35.0,18.0,27.5398,71.9153,Bhadla_Solar_Park
2023-02-11 19:00:00,23.4,20,996.1,0,13.8,0.0,0.0,0.0,0.0,27.5398,71.9153,Bhadla_Solar_Park
2023-02-11 20:00:00,21.9,23,996.7,0,12.0,0.0,0.0,0.0,0.0,27.5398,71.9153,Bhadla_Solar_Park
2023-02-11 21:00:00,20.2,25,997.3,0,11.0,0.0,0.0,0.0,0.0,27.5398,71.9153,Bhadla_Solar_Park
2023-02-11 22:00:00,19.0,26,997.9,0,11.2,0.0,0.0,0.0,0.0,27.5398,71.9153,Bhadla_Solar_Park
2023-02-11 23:00:00,18.2,25,997.9,0,12.7,0.0,0.0,0.0,0.0,27.5398,71.9153,Bhadla_Solar_Park
2023-02-12 00:00:00,17.4,27,997.9,0,13.3,0.0,0.0,0.0,0.0,27.5398,71.9153,Bhadla_Solar_Park
2023-02-12 01:00:00,16.9,28,997.6,0,14.3,0.0,0.0,0.0,0.0,27.5398,71.9153,Bhadla_Solar_Park
2023-02-12 02:00:00,16.7,23,997.3,0,16.4,0.0,0.0,0.0,0.0,27.5398,71.9153,Bhadla_Solar_Park
2023-02-12 03:00:00,16.9,21,997.3,0,18.8,0.0,0.0,0.0,0.0,27.5398,71.9153,Bhadla_Solar_Park
2023-02-12 04:00:00,15.9,23,997.2,0,18.2,0.0,0.0,0.0,0.0,27.5398,71.9153,Bhadla_Solar_Park
2023-02-12 05:00:00,14.7,28,998.1,0,15.0,0.0,0.0,0.0,0.0,27.5398,71.9153,Bhadla_Solar_Park
2023-02-12 06:00:00,14.0,30,998.7,0,14.7,0.0,0.0,0.0,0.0,27.5398,71.9153,Bhadla_Solar_Park
2023-02-12 07:00:00,13.1,32,999.4,0,13.4,0.0,0.0,0.0,0.0,27.5398,71.9153,Bhadla_Solar_Park
2023-02-12 08:00:00,14.3,30,1000.5,0,11.3,72.0,186.7,46.0,26.0,27.5398,71.9153,Bhadla_Solar_Park
2023-02-12 09:00:00,16.8,27,1001.7,0,10.5,262.0,456.3,111.0,151.0,27.5398,71.9153,Bhadla_Solar_Park
2023-02-12 10:00:00,19.3,25,1002.5,0,16.3,465.0,625.6,148.0,317.0,27.5398,71.9153,Bhadla_Solar_Park
2023-02-12 11:00:00,21.6,19,1002.5,0,21.0,632.0,718.2,172.0,460.0,27.5398,71.9153,Bhadla_Solar_Park
2023-02-12 12:00:00,23.2,13,1001.9,0,22.1,738.0,766.2,184.0,554.0,27.5398,71.9153,Bhadla_Solar_Park
2023-02-12 13:00:00,23.9,11,1001.0,0,20.9,772.0,781.1,187.0,585.0,27.5398,71.9153,Bhadla_Solar_Park
2023-02-12 14:00:00,24.3,10,1000.4,0,19.8,733.0,767.9,183.0,550.0,27.5398,71.9153,Bhadla_Solar_Park
2023-02-12 15:00:00,24.4,9,999.9,0,18.5,621.0,720.6,169.0,452.0,27.5398,71.9153,Bhadla_Solar_Park
2023-02-12 16:00:00,24.2,8,999.8,0,17.9,450.0,624.9,145.0,305.0,27.5398,71.9153,Bhadla_Solar_Park
2023-02-12 17:00:00,23.1,10,1000.1,0,15.0,244.0,444.6,107.0,137.0,27.5398,71.9153,Bhadla_Solar_Park
2023-02-12 18:00:00,21.2,13,1000.7,0,11.6,56.0,149.8,37.0,19.0,27.5398,71.9153,Bhadla_Solar_Park
2023-02-12 19:00:00,19.5,18,1001.3,0,12.6,0.0,0.0,0.0,0.0,27.5398,71.9153,Bhadla_Solar_Park
2023-02-12 20:00:00,18.3,20,1001.6,0,14.2,0.0,0.0,0.0,0.0,27.5398,71.9153,Bhadla_Solar_Park
2023-02-12 21:00:00,17.1,20,1001.8,0,13.9,0.0,0.0,0.0,0.0,27.5398,71.9153,Bhadla_Solar_Park
2023-02-12 22:00:00,15.9,21,1001.7,0,13.2,0.0,0.0,0.0,0.0,27.5398,71.9153,Bhadla_Solar_Park
2023-02-12 23:00:00,14.8,21,1001.6,0,14.8,0.0,0.0,0.0,0.0,27.5398,71.9153,Bhadla_Solar_Park
2023-02-13 00:00:00,13.8,22,1001.2,0,13.9,0.0,0.0,0.0,0.0,27.5398,71.9153,Bhadla_Solar_Park
2023-02-13 01:00:00,12.6,25,1000.5,0,12.5,0.0,0.0,0.0,0.0,27.5398,71.9153,Bhadla_Solar_Park
2023-02-13 02:00:00,11.6,29,999.9,0,11.4,0.0,0.0,0.0,0.0,27.5398,71.9153,Bhadla_Solar_Park
2023-02-13 03:00:00,10.7,34,999.4,0,10.8,0.0,0.0,0.0,0.0,27.5398,71.9153,Bhadla_Solar_Park
2023-02-13 04:00:00,9.9,39,999.1,0,10.0,0.0,0.0,0.0,0.0,27.5398,71.9153,Bhadla_Solar_Park
2023-02-13 05:00:00,8.9,41,999.8,0,9.5,0.0,0.0,0.0,0.0,27.5398,71.9153,Bhadla_Solar_Park
2023-02-13 06:00:00,8.3,44,999.3,0,11.0,0.0,0.0,0.0,0.0,27.5398,71.9153,Bhadla_Solar_Park
2023-02-13 07:00:00,7.4,49,1000.1,1,8.9,0.0,0.0,0.0,0.0,27.5398,71.9153,Bhadla_Solar_Park
2023-02-13 08:00:00,9.8,42,1000.8,0,8.0,74.0,191.6,47.0,27.0,27.5398,71.9153,Bhadla_Solar_Park
2023-02-13 09:00:00,13.5,33,1001.6,1,6.6,265.0,457.8,112.0,153.0,27.5398,71.9153,Bhadla_Solar_Park
2023-02-13 10:00:00,17.3,24,1001.7,0,6.4,466.0,621.3,149.0,317.0,27.5398,71.9153,Bhadla_Solar_Park
2023-02-13 11:00:00,19.9,17,1001.2,0,5.6,629.0,712.5,170.0,459.0,27.5398,71.9153,Bhadla_Solar_Park
2023-02-13 12:00:00,21.7,12,1000.2,0,3.3,734.0,758.0,183.0,551.0,27.5398,71.9153,Bhadla_Solar_Park
2023-02-13 13:00:00,23.2,9,998.8,0,3.8,767.0,771.8,186.0,581.0,27.5398,71.9153,Bhadla_Solar_Park
2023-02-13 14:00:00,24.6,7,997.7,0,8.4,726.0,756.9,181.0,545.0,27.5398,71.9153,Bhadla_Solar_Park
2023-02-13 15:00:00,25.4,6,996.6,20,11.5,614.0,708.5,167.0,447.0,27.5398,71.9153,Bhadla_Solar_Park
2023-02-13 16:00:00,25.7,6,996.2,0,12.9,444.0,612.4,143.0,301.0,27.5398,71.9153,Bhadla_Solar_Park
2023-02-13 17:00:00,26.3,7,996.0,0,14.1,240.0,433.7,105.0,135.0,27.5398,71.9153,Bhadla_Solar_Park
2023-02-13 18:00:00,24.0,8,996.0,12,11.4,56.0,148.0,37.0,19.0,27.5398,71.9153,Bhadla_Solar_Park
2023-02-13 19:00:00,22.4,9,996.5,9,12.1,0.0,0.0,0.0,0.0,27.5398,71.9153,Bhadla_Solar_Park
2023-02-13 20:00:00,20.8,11,996.5,11,10.8,0.0,0.0,0.0,0.0,27.5398,71.9153,Bhadla_Solar_Park
2023-02-13 21:00:00,19.4,13,996.9,0,10.1,0.0,0.0,0.0,0.0,27.5398,71.9153,Bhadla_Solar_Park
2023-02-13 22:00:00,18.4,13,997.3,6,10.7,0.0,0.0,0.0,0.0,27.5398,71.9153,Bhadla_Solar_Park
2023-02-13 23:00:00,17.8,14,997.1,33,11.5,0.0,0.0,0.0,0.0,27.5398,71.9153,Bhadla_Solar_Park
2023-02-14 00:00:00,16.7,14,996.8,23,11.9,0.0,0.0,0.0,0.0,27.5398,71.9153,Bhadla_Solar_Park
2023-02-14 01:00:00,15.5,16,996.5,51,10.4,0.0,0.0,0.0,0.0,27.5398,71.9153,Bhadla_Solar_Park
2023-02-14 02:00:00,14.8,17,996.2,69,10.2,0.0,0.0,0.0,0.0,27.5398,71.9153,Bhadla_Solar_Park
2023-02-14 03:00:00,14.4,17,995.5,33,10.7,0.0,0.0,0.0,0.0,27.5398,71.9153,Bhadla_Solar_Park
2023-02-14 04:00:00,13.9,18,995.4,49,11.3,0.0,0.0,0.0,0.0,27.5398,71.9153,Bhadla_Solar_Park
2023-02-14 05:00:00,12.8,19,995.9,48,12.6,0.0,0.0,0.0,0.0,27.5398,71.9153,Bhadla_Solar_Park
2023-02-14 06:00:00,12.0,21,996.3,63,13.3,0.0,0.0,0.0,0.0,27.5398,71.9153,Bhadla_Solar_Park
2023-02-14 07:00:00,11.9,22,997.1,36,12.2,0.0,0.0,0.0,0.0,27.5398,71.9153,Bhadla_Solar_Park
2023-02-14 08:00:00,14.3,19,997.9,59,11.2,74.0,182.3,48.0,26.0,27.5398,71.9153,Bhadla_Solar_Park
2023-02-14 09:00:00,19.0,14,998.7,31,10.1,261.0,444.3,111.0,150.0,27.5398,71.9153,Bhadla_Solar_Park
2023-02-14 10:00:00,23.7,11,999.1,53,10.8,461.0,611.1,147.0,314.0,27.5398,71.9153,Bhadla_Solar_Park
2023-02-14 11:00:00,26.6,10,998.9,49,13.7,624.0,702.2,169.0,455.0,27.5398,71.9153,Bhadla_Solar_Park
2023-02-14 12:00:00,28.2,10,998.2,57,12.5,727.0,745.8,182.0,545.0,27.5398,71.9153,Bhadla_Solar_Park
2023-02-14 13:00:00,29.2,10,997.0,23,10.5,760.0,757.3,187.0,573.0,27.5398,71.9153,Bhadla_Solar_Park
2023-02-14 14:00:00,30.1,10,995.7,9,10.2,720.0,744.6,181.0,539.0,27.5398,71.9153,Bhadla_Solar_Park
2023-02-14 15:00:00,30.6,10,994.5,10,8.9,610.0,699.7,166.0,444.0,27.5398,71.9153,Bhadla_Solar_Park
2023-02-14 16:00:00,30.8,9,993.9,19,9.2,441.0,604.1,142.0,299.0,27.5398,71.9153,Bhadla_Solar_Park
2023-02-14 17:00:00,30.5,10,994.2,0,7.1,240.0,429.3,105.0,135.0,27.5398,71.9153,Bhadla_Solar_Park
2023-02-14 18:00:00,29.3,11,994.6,14,3.9,57.0,153.9,37.0,20.0,27.5398,71.9153,Bhadla_Solar_Park
2023-02-14 19:00:00,28.4,12,995.1,0,2.6,0.0,0.0,0.0,0.0,27.5398,71.9153,Bhadla_Solar_Park
2023-02-14 20:00:00,27.0,13,995.4,19,3.7,0.0,0.0,0.0,0.0,27.5398,71.9153,Bhadla_Solar_Park
2023-02-14 21:00:00,25.6,14,995.8,9,4.0,0.0,0.0,0.0,0.0,27.5398,71.9153,Bhadla_Solar_Park
2023-02-14 22:00:00,21.9,18,995.5,23,6.6,0.0,0.0,0.0,0.0,27.5398,71.9153,Bhadla_Solar_Park
2023-02-14 23:00:00,19.1,22,995.4,13,8.5,0.0,0.0,0.0,0.0,27.5398,71.9153,Bhadla_Solar_Park
2023-02-15 00:00:00,17.9,23,995.2,13,10.1,0.0,0.0,0.0,0.0,27.5398,71.9153,Bhadla_Solar_Park
2023-02-15 01:00:00,17.0,24,994.8,24,10.5,0.0,0.0,0.0,0.0,27.5398,71.9153,Bhadla_Solar_Park
2023-02-15 02:00:00,16.5,24,994.3,2,11.8,0.0,0.0,0.0,0.0,27.5398,71.9153,Bhadla_Solar_Park
2023-02-15 03:00:00,16.2,25,993.8,3,12.6,0.0,0.0,0.0,0.0,27.5398,71.9153,Bhadla_Solar_Park
2023-02-15 04:00:00,15.9,25,993.5,3,13.0,0.0,0.0,0.0,0.0,27.5398,71.9153,Bhadla_Solar_Park
2023-02-15 05:00:00,15.1,28,993.7,0,12.1,0.0,0.0,0.0,0.0,27.5398,71.9153,Bhadla_Solar_Park
2023-02-15 06:00:00,13.8,31,993.8,0,12.6,0.0,0.0,0.0,0.0,27.5398,71.9153,Bhadla_Solar_Park
2023-02-15 07:00:00,13.6,32,994.5,0,12.4,0.0,0.0,0.0,0.0,27.5398,71.9153,Bhadla_Solar_Park
2023-02-15 08:00:00,16.1,28,995.3,0,10.3,77.0,194.0,49.0,28.0,27.5398,71.9153,Bhadla_Solar_Park
2023-02-15 09:00:00,20.8,22,996.1,0,8.4,267.0,457.4,111.0,156.0,27.5398,71.9153,Bhadla_Solar_Park
2023-02-15 10:00:00,25.2,18,996.6,0,8.1,468.0,620.2,147.0,321.0,27.5398,71.9153,Bhadla_Solar_Park
2023-02-15 11:00:00,28.4,16,996.7,0,10.5,632.0,710.3,169.0,463.0,27.5398,71.9153,Bhadla_Solar_Park
2023-02-15 12:00:00,30.3,15,996.0,0,12.6,736.0,755.4,181.0,555.0,27.5398,71.9153,Bhadla_Solar_Park
2023-02-15 13:00:00,31.6,13,995.0,0,14.4,769.0,769.2,184.0,585.0,27.5398,71.9153,Bhadla_Solar_Park
2023-02-15 14:00:00,32.3,12,994.1,0,16.7,729.0,755.9,179.0,550.0,27.5398,71.9153,Bhadla_Solar_Park
2023-02-15 15:00:00,32.6,12,993.5,3,15.7,619.0,709.8,166.0,453.0,27.5398,71.9153,Bhadla_Solar_Park
2023-02-15 16:00:00,32.3,13,993.1,0,15.3,450.0,616.0,143.0,307.0,27.5398,71.9153,Bhadla_Solar_Park
2023-02-15 17:00:00,32.2,13,992.7,7,12.6,246.0,440.9,106.0,140.0,27.5398,71.9153,Bhadla_Solar_Park
2023-02-15 18:00:00,28.8,17,992.9,0,10.2,61.0,159.7,40.0,21.0,27.5398,71.9153,Bhadla_Solar_Park
2023-02-15 19:00:00,26.1,20,993.1,0,9.2,0.0,0.0,0.0,0.0,27.5398,71.9153,Bhadla_Solar_Park
2023-02-15 20:00:00,25.9,20,993.5,0,5.9,0.0,0.0,0.0,0.0,27.5398,71.9153,Bhadla_Solar_Park
2023-02-15 21:00:00,26.6,19,994.0,2,4.4,0.0,0.0,0.0,0.0,27.5398,71.9153,Bhadla_Solar_Park
2023-02-15 22:00:00,25.7,20,994.2,14,3.6,0.0,0.0,0.0,0.0,27.5398,71.9153,Bhadla_Solar_Park
2023-02-15 23:00:00,24.9,21,994.5,19,3.8,0.0,0.0,0.0,0.0,27.5398,71.9153,Bhadla_Solar_Park
2023-02-16 00:00:00,23.9,23,994.3,0,3.3,0.0,0.0,0.0,0.0,27.5398,71.9153,Bhadla_Solar_Park
2023-02-16 01:00:00,22.8,24,993.9,5,3.0,0.0,0.0,0.0,0.0,27.5398,71.9153,Bhadla_Solar_Park
2023-02-16 02:00:00,21.9,26,993.7,39,3.4,0.0,0.0,0.0,0.0,27.5398,71.9153,Bhadla_Solar_Park
2023-02-16 03:00:00,21.1,28,993.4,22,4.2,0.0,0.0,0.0,0.0,27.5398,71.9153,Bhadla_Solar_Park
2023-02-16 04:00:00,17.7,35,993.2,49,7.3,0.0,0.0,0.0,0.0,27.5398,71.9153,Bhadla_Solar_Park
2023-02-16 05:00:00,15.6,42,993.2,20,11.8,0.0,0.0,0.0,0.0,27.5398,71.9153,Bhadla_Solar_Park
2023-02-16 06:00:00,14.3,46,993.6,16,12.5,0.0,0.0,0.0,0.0,27.5398,71.9153,Bhadla_Solar_Park
2023-02-16 07:00:00,13.5,49,994.6,20,12.4,1.0,0.0,1.0,0.0,27.5398,71.9153,Bhadla_Solar_Park
2023-02-16 08:00:00,15.5,43,995.4,16,10.5,80.0,205.3,50.0,30.0,27.5398,71.9153,Bhadla_Solar_Park
2023-02-16 09:00:00,21.4,30,996.3,24,8.7,273.0,464.3,113.0,160.0,27.5398,71.9153,Bhadla_Solar_Park
2023-02-16 10:00:00,26.9,22,996.9,24,7.7,475.0,625.4,149.0,326.0,27.5398,71.9153,Bhadla_Solar_Park
2023-02-16 11:00:00,30.0,18,997.0,10,10.5,638.0,712.3,171.0,467.0,27.5398,71.9153,Bhadla_Solar_Park
2023-02-16 12:00:00,31.5,18,996.1,16,10.2,742.0,756.8,183.0,559.0,27.5398,71.9153,Bhadla_Solar_Park
2023-02-16 13:00:00,32.7,16,995.2,7,10.0,774.0,770.5,185.0,589.0,27.5398,71.9153,Bhadla_Solar_Park
2023-02-16 14:00:00,33.6,15,994.2,5,9.9,732.0,754.7,180.0,552.0,27.5398,71.9153,Bhadla_Solar_Park
2023-02-16 15:00:00,34.1,14,993.5,1,10.6,621.0,707.3,167.0,454.0,27.5398,71.9153,Bhadla_Solar_Park
2023-02-16 16:00:00,34.2,14,993.3,6,10.0,452.0,613.9,144.0,308.0,27.5398,71.9153,Bhadla_Solar_Park
2023-02-16 17:00:00,33.8,15,993.0,0,8.5,248.0,439.7,107.0,141.0,27.5398,71.9153,Bhadla_Solar_Park
2023-02-16 18:00:00,31.0,18,993.3,24,5.8,62.0,165.3,40.0,22.0,27.5398,71.9153,Bhadla_Solar_Park
2023-02-16 19:00:00,28.6,21,993.8,0,7.4,0.0,0.0,0.0,0.0,27.5398,71.9153,Bhadla_Solar_Park
2023-02-16 20:00:00,26.6,24,994.3,98,7.7,0.0,0.0,0.0,0.0,27.5398,71.9153,Bhadla_Solar_Park
2023-02-16 21:00:00,24.6,27,994.6,99,8.9,0.0,0.0,0.0,0.0,27.5398,71.9153,Bhadla_Solar_Park
2023-02-16 22:00:00,23.0,30,994.9,100,9.4,0.0,0.0,0.0,0.0,27.5398,71.9153,Bhadla_Solar_Park
2023-02-16 23:00:00,22.1,31,995.0,37,10.9,0.0,0.0,0.0,0.0,27.5398,71.9153,Bhadla_Solar_Park
2023-02-17 00:00:00,20.7,33,994.6,32,9.9,0.0,0.0,0.0,0.0,27.5398,71.9153,Bhadla_Solar_Park
2023-02-17 01:00:00,22.4,30,994.5,62,6.2,0.0,0.0,0.0,0.0,27.5398,71.9153,Bhadla_Solar_Park
2023-02-17 02:00:00,21.9,31,994.1,37,6.5,0.0,0.0,0.0,0.0,27.5398,71.9153,Bhadla_Solar_Park
2023-02-17 03:00:00,21.7,31,993.7,35,5.2,0.0,0.0,0.0,0.0,27.5398,71.9153,Bhadla_Solar_Park
2023-02-17 04:00:00,21.2,32,993.7,74,2.3,0.0,0.0,0.0,0.0,27.5398,71.9153,Bhadla_Solar_Park
2023-02-17 05:00:00,20.2,35,993.8,60,3.2,0.0,0.0,0.0,0.0,27.5398,71.9153,Bhadla_Solar_Park
2023-02-17 06:00:00,18.4,40,994.4,18,5.8,0.0,0.0,0.0,0.0,27.5398,71.9153,Bhadla_Solar_Park
2023-02-17 07:00:00,16.3,45,995.0,0,7.1,1.0,0.0,1.0,0.0,27.5398,71.9153,Bhadla_Solar_Park
2023-02-17 08:00:00,17.6,42,995.9,0,7.9,83.0,209.6,52.0,31.0,27.5398,71.9153,Bhadla_Solar_Park
2023-02-17 09:00:00,21.0,34,996.9,11,2.9,279.0,468.2,116.0,163.0,27.5398,71.9153,Bhadla_Solar_Park
2023-02-17 10:00:00,24.8,26,997.5,14,1.8,482.0,630.4,151.0,331.0,27.5398,71.9153,Bhadla_Solar_Park
2023-02-17 11:00:00,28.2,22,997.5,0,0.5,647.0,718.7,173.0,474.0,27.5398,71.9153,Bhadla_Solar_Park
2023-02-17 12:00:00,30.9,18,996.9,0,1.1,752.0,763.6,185.0,567.0,27.5398,71.9153,Bhadla_Solar_Park
2023-02-17 13:00:00,32.5,15,995.9,0,2.9,786.0,777.0,189.0,597.0,27.5398,71.9153,Bhadla_Solar_Park
2023-02-17 14:00:00,33.3,13,995.1,0,5.1,744.0,761.6,184.0,560.0,27.5398,71.9153,Bhadla_Solar_Park
2023-02-17 15:00:00,33.7,13,994.4,0,5.6,631.0,714.2,170.0,461.0,27.5398,71.9153,Bhadla_Solar_Park
2023-02-17 16:00:00,33.7,12,994.2,0,5.2,460.0,619.7,147.0,313.0,27.5398,71.9153,Bhadla_Solar_Park
2023-02-17 17:00:00,33.6,14,994.0,0,5.4,254.0,447.8,109.0,145.0,27.5398,71.9153,Bhadla_Solar_Park
2023-02-17 18:00:00,30.3,18,994.4,0,7.6,64.0,163.4,42.0,22.0,27.5398,71.9153,Bhadla_Solar_Park
2023-02-17 19:00:00,28.3,20,994.9,0,10.5,0.0,0.0,0.0,0.0,27.5398,71.9153,Bhadla_Solar_Park
2023-02-17 20:00:00,26.5,23,995.4,0,11.4,0.0,0.0,0.0,0.0,27.5398,71.9153,Bhadla_Solar_Park
2023-02-17 21:00:00,24.8,25,995.5,0,10.6,0.0,0.0,0.0,0.0,27.5398,71.9153,Bhadla_Solar_Park
2023-02-17 22:00:00,23.1,27,995.7,0,10.1,0.0,0.0,0.0,0.0,27.5398,71.9153,Bhadla_Solar_Park
2023-02-17 23:00:00,21.7,30,995.4,0,9.7,0.0,0.0,0.0,0.0,27.5398,71.9153,Bhadla_Solar_Park
2023-02-18 00:00:00,20.4,33,995.0,0,9.4,0.0,0.0,0.0,0.0,27.5398,71.9153,Bhadla_Solar_Park
2023-02-18 01:00:00,19.0,36,994.7,0,9.0,0.0,0.0,0.0,0.0,27.5398,71.9153,Bhadla_Solar_Park
2023-02-18 02:00:00,18.2,37,994.4,0,10.3,0.0,0.0,0.0,0.0,27.5398,71.9153,Bhadla_Solar_Park
2023-02-18 03:00:00,17.1,40,993.9,0,9.8,0.0,0.0,0.0,0.0,27.5398,71.9153,Bhadla_Solar_Park
2023-02-18 04:00:00,16.1,42,993.6,0,9.7,0.0,0.0,0.0,0.0,27.5398,71.9153,Bhadla_Solar_Park
2023-02-18 05:00:00,15.0,47,993.9,0,9.3,0.0,0.0,0.0,0.0,27.5398,71.9153,Bhadla_Solar_Park
2023-02-18 06:00:00,14.3,49,994.2,0,9.1,0.0,0.0,0.0,0.0,27.5398,71.9153,Bhadla_Solar_Park
2023-02-18 07:00:00,13.6,52,995.2,0,7.9,1.0,0.0,1.0,0.0,27.5398,71.9153,Bhadla_Solar_Park
2023-02-18 08:00:00,16.0,45,995.9,0,7.0,86.0,213.7,54.0,32.0,27.5398,71.9153,Bhadla_Solar_Park
2023-02-18 09:00:00,19.6,36,996.8,0,5.2,282.0,469.0,117.0,165.0,27.5398,71.9153,Bhadla_Solar_Park
2023-02-18 10:00:00,24.1,28,997.4,0,4.7,485.0,629.7,152.0,333.0,27.5398,71.9153,Bhadla_Solar_Park
2023-02-18 11:00:00,28.2,22,997.3,0,6.6,651.0,718.9,174.0,477.0,27.5398,71.9153,Bhadla_Solar_Park
2023-02-18 12:00:00,30.8,18,996.4,0,5.4,757.0,764.9,186.0,571.0,27.5398,71.9153,Bhadla_Solar_Park
2023-02-18 13:00:00,32.1,15,995.0,0,4.0,791.0,779.5,189.0,602.0,27.5398,71.9153,Bhadla_Solar_Park
2023-02-18 14:00:00,32.9,13,994.2,0,2.9,750.0,765.8,184.0,566.0,27.5398,71.9153,Bhadla_Solar_Park
2023-02-18 15:00:00,33.5,12,993.5,7,2.6,638.0,719.5,171.0,467.0,27.5398,71.9153,Bhadla_Solar_Park
2023-02-18 16:00:00,33.6,11,993.1,20,3.3,466.0,627.4,147.0,319.0,27.5398,71.9153,Bhadla_Solar_Park
2023-02-18 17:00:00,33.6,13,992.8,83,2.5,258.0,452.8,110.0,148.0,27.5398,71.9153,Bhadla_Solar_Park
2023-02-18 18:00:00,32.9,13,993.3,0,1.8,66.0,169.0,43.0,23.0,27.5398,71.9153,Bhadla_Solar_Park
2023-02-18 19:00:00,30.8,16,993.9,0,4.9,0.0,0.0,0.0,0.0,27.5398,71.9153,Bhadla_Solar_Park
2023-02-18 20:00:00,27.5,20,994.3,0,7.1,0.0,0.0,0.0,0.0,27.5398,71.9153,Bhadla_Solar_Park
2023-02-18 21:00:00,28.6,18,994.8,0,4.2,0.0,0.0,0.0,0.0,27.5398,71.9153,Bhadla_Solar_Park
2023-02-18 22:00:00,27.0,20,995.0,0,5.2,0.0,0.0,0.0,0.0,27.5398,71.9153,Bhadla_Solar_Park
2023-02-18 23:00:00,26.3,21,994.7,0,4.1,0.0,0.0,0.0,0.0,27.5398,71.9153,Bhadla_Solar_Park
2023-02-19 00:00:00,25.5,23,994.1,0,2.7,0.0,0.0,0.0,0.0,27.5398,71.9153,Bhadla_Solar_Park
2023-02-19 01:00:00,25.2,23,993.5,0,4.4,0.0,0.0,0.0,0.0,27.5398,71.9153,Bhadla_Solar_Park
2023-02-19 02:00:00,19.8,32,992.8,0,10.9,0.0,0.0,0.0,0.0,27.5398,71.9153,Bhadla_Solar_Park
2023-02-19 03:00:00,18.2,35,992.0,0,10.5,0.0,0.0,0.0,0.0,27.5398,71.9153,Bhadla_Solar_Park
2023-02-19 04:00:00,17.5,36,991.6,0,12.1,0.0,0.0,0.0,0.0,27.5398,71.9153,Bhadla_Solar_Park
2023-02-19 05:00:00,15.9,40,992.3,0,12.2,0.0,0.0,0.0,0.0,27.5398,71.9153,Bhadla_Solar_Park
2023-02-19 06:00:00,15.5,41,992.7,0,12.1,0.0,0.0,0.0,0.0,27.5398,71.9153,Bhadla_Solar_Park
2023-02-19 07:00:00,15.2,42,993.6,0,11.4,1.0,0.0,1.0,0.0,27.5398,71.9153,Bhadla_Solar_Park
2023-02-19 08:00:00,18.0,36,994.4,27,10.2,88.0,217.7,55.0,33.0,27.5398,71.9153,Bhadla_Solar_Park
2023-02-19 09:00:00,22.7,28,995.3,88,8.7,283.0,467.0,117.0,166.0,27.5398,71.9153,Bhadla_Solar_Park
2023-02-19 10:00:00,27.0,23,995.7,26,8.1,483.0,615.7,155.0,328.0,27.5398,71.9153,Bhadla_Solar_Park
2023-02-19 11:00:00,30.2,20,995.4,18,10.2,647.0,707.2,175.0,472.0,27.5398,71.9153,Bhadla_Solar_Park
2023-02-19 12:00:00,32.0,19,994.6,20,12.7,751.0,751.5,187.0,564.0,27.5398,71.9153,Bhadla_Solar_Park
2023-02-19 13:00:00,33.1,16,993.4,28,13.4,783.0,764.0,190.0,593.0,27.5398,71.9153,Bhadla_Solar_Park
2023-02-19 14:00:00,34.0,14,992.3,31,13.7,741.0,747.1,186.0,555.0,27.5398,71.9153,Bhadla_Solar_Park
2023-02-19 15:00:00,34.5,13,991.6,31,13.6,630.0,703.3,171.0,459.0,27.5398,71.9153,Bhadla_Solar_Park
2023-02-19 16:00:00,34.7,12,991.3,34,12.9,461.0,613.5,147.0,314.0,27.5398,71.9153,Bhadla_Solar_Park
2023-02-19 17:00:00,35.0,10,990.9,6,14.2,256.0,445.6,109.0,147.0,27.5398,71.9153,Bhadla_Solar_Park
2023-02-19 18:00:00,31.5,13,990.9,2,10.2,67.0,167.1,44.0,23.0,27.5398,71.9153,Bhadla_Solar_Park
2023-02-19 19:00:00,28.8,15,991.0,68,10.0,0.0,0.0,0.0,0.0,27.5398,71.9153,Bhadla_Solar_Park
2023-02-19 20:00:00,27.2,16,991.5,18,11.5,0.0,0.0,0.0,0.0,27.5398,71.9153,Bhadla_Solar_Park
2023-02-19 21:00:00,26.2,16,991.6,69,14.4,0.0,0.0,0.0,0.0,27.5398,71.9153,Bhadla_Solar_Park
2023-02-19 22:00:00,25.7,16,991.4,78,16.9,0.0,0.0,0.0,0.0,27.5398,71.9153,Bhadla_Solar_Park
2023-02-19 23:00:00,25.4,16,991.0,24,18.0,0.0,0.0,0.0,0.0,27.5398,71.9153,Bhadla_Solar_Park
2023-02-20 00:00:00,24.4,17,990.4,8,20.1,0.0,0.0,0.0,0.0,27.5398,71.9153,Bhadla_Solar_Park
2023-02-20 01:00:00,23.7,17,990.1,72,22.8,0.0,0.0,0.0,0.0,27.5398,71.9153,Bhadla_Solar_Park
2023-02-20 02:00:00,23.3,17,990.1,99,23.0,0.0,0.0,0.0,0.0,27.5398,71.9153,Bhadla_Solar_Park
2023-02-20 03:00:00,22.5,17,989.5,54,20.7,0.0,0.0,0.0,0.0,27.5398,71.9153,Bhadla_Solar_Park
2023-02-20 04:00:00,21.6,18,989.5,20,19.3,0.0,0.0,0.0,0.0,27.5398,71.9153,Bhadla_Solar_Park
2023-02-20 05:00:00,20.8,20,989.9,14,19.2,0.0,0.0,0.0,0.0,27.5398,71.9153,Bhadla_Solar_Park
2023-02-20 06:00:00,19.8,24,990.0,3,19.4,0.0,0.0,0.0,0.0,27.5398,71.9153,Bhadla_Solar_Park
2023-02-20 07:00:00,19.3,27,990.8,17,19.4,1.0,0.0,1.0,0.0,27.5398,71.9153,Bhadla_Solar_Park
2023-02-20 08:00:00,20.7,27,991.5,4,18.9,90.0,221.5,56.0,34.0,27.5398,71.9153,Bhadla_Solar_Park
2023-02-20 09:00:00,23.4,24,992.1,7,15.9,288.0,478.9,116.0,172.0,27.5398,71.9153,Bhadla_Solar_Park
2023-02-20 10:00:00,26.0,21,992.6,13,19.8,490.0,631.8,151.0,339.0,27.5398,71.9153,Bhadla_Solar_Park
2023-02-20 11:00:00,28.5,20,992.3,32,19.1,651.0,711.9,173.0,478.0,27.5398,71.9153,Bhadla_Solar_Park
2023-02-20 12:00:00,30.6,18,991.6,41,19.3,754.0,751.5,187.0,567.0,27.5398,71.9153,Bhadla_Solar_Park
2023-02-20 13:00:00,32.0,17,990.5,77,19.4,784.0,756.3,194.0,590.0,27.5398,71.9153,Bhadla_Solar_Park
2023-02-20 14:00:00,32.9,17,989.8,73,19.7,739.0,729.9,194.0,545.0,27.5398,71.9153,Bhadla_Solar_Park
2023-02-20 15:00:00,33.5,16,989.1,98,19.9,626.0,684.2,177.0,449.0,27.5398,71.9153,Bhadla_Solar_Park
2023-02-20 16:00:00,33.3,16,988.9,100,19.1,435.0,489.2,183.0,252.0,27.5398,71.9153,Bhadla_Solar_Park
2023-02-20 17:00:00,32.5,18,988.9,100,17.6,226.0,252.3,142.0,84.0,27.5398,71.9153,Bhadla_Solar_Park
2023-02-20 18:00:00,30.6,20,989.3,100,12.6,59.0,57.5,51.0,8.0,27.5398,71.9153,Bhadla_Solar_Park
2023-02-20 19:00:00,28.2,24,989.5,100,10.6,0.0,0.0,0.0,0.0,27.5398,71.9153,Bhadla_Solar_Park
2023-02-20 20:00:00,26.3,27,989.9,100,9.8,0.0,0.0,0.0,0.0,27.5398,71.9153,Bhadla_Solar_Park
2023-02-20 21:00:00,25.0,30,990.2,27,10.4,0.0,0.0,0.0,0.0,27.5398,71.9153,Bhadla_Solar_Park
2023-02-20 22:00:00,23.7,33,990.4,50,10.2,0.0,0.0,0.0,0.0,27.5398,71.9153,Bhadla_Solar_Park
2023-02-20 23:00:00,22.5,36,990.4,65,10.2,0.0,0.0,0.0,0.0,27.5398,71.9153,Bhadla_Solar_Park
2023-02-21 00:00:00,21.6,40,990.2,96,10.2,0.0,0.0,0.0,0.0,27.5398,71.9153,Bhadla_Solar_Park
2023-02-21 01:00:00,20.4,46,989.9,7,8.5,0.0,0.0,0.0,0.0,27.5398,71.9153,Bhadla_Solar_Park
2023-02-21 02:00:00,19.6,52,989.6,0,7.6,0.0,0.0,0.0,0.0,27.5398,71.9153,Bhadla_Solar_Park
2023-02-21 03:00:00,20.0,53,989.5,0,5.1,0.0,0.0,0.0,0.0,27.5398,71.9153,Bhadla_Solar_Park
2023-02-21 04:00:00,20.6,52,989.6,0,3.6,0.0,0.0,0.0,0.0,27.5398,71.9153,Bhadla_Solar_Park
2023-02-21 05:00:00,20.5,57,990.4,0,3.2,0.0,0.0,0.0,0.0,27.5398,71.9153,Bhadla_Solar_Park
2023-02-21 06:00:00,18.2,66,990.8,0,6.4,0.0,0.0,0.0,0.0,27.5398,71.9153,Bhadla_Solar_Park
2023-02-21 07:00:00,17.2,68,991.7,0,13.4,2.0,0.0,2.0,0.0,27.5398,71.9153,Bhadla_Solar_Park
2023-02-21 08:00:00,18.7,59,992.5,0,8.0,89.0,212.4,56.0,33.0,27.5398,71.9153,Bhadla_Solar_Park
2023-02-21 09:00:00,22.6,46,993.4,0,6.1,281.0,454.6,116.0,165.0,27.5398,71.9153,Bhadla_Solar_Park
2023-02-21 10:00:00,26.4,39,993.8,0,5.8,480.0,608.7,151.0,329.0,27.5398,71.9153,Bhadla_Solar_Park
2023-02-21 11:00:00,28.5,34,993.8,0,4.3,641.0,692.9,173.0,468.0,27.5398,71.9153,Bhadla_Solar_Park
2023-02-21 12:00:00,30.1,27,993.2,0,4.1,742.0,735.7,184.0,558.0,27.5398,71.9153,Bhadla_Solar_Park
2023-02-21 13:00:00,31.5,21,992.4,0,5.6,774.0,748.7,187.0,587.0,27.5398,71.9153,Bhadla_Solar_Park
2023-02-21 14:00:00,32.4,18,991.5,0,9.0,734.0,735.6,182.0,552.0,27.5398,71.9153,Bhadla_Solar_Park
2023-02-21 15:00:00,32.9,16,991.2,0,13.4,625.0,692.6,168.0,457.0,27.5398,71.9153,Bhadla_Solar_Park
2023-02-21 16:00:00,32.8,15,990.9,0,15.0,459.0,601.8,147.0,312.0,27.5398,71.9153,Bhadla_Solar_Park
2023-02-21 17:00:00,31.7,17,991.1,0,13.5,257.0,437.5,110.0,147.0,27.5398,71.9153,Bhadla_Solar_Park
2023-02-21 18:00:00,30.1,19,991.5,0,12.6,69.0,170.7,45.0,24.0,27.5398,71.9153,Bhadla_Solar_Park
2023-02-21 19:00:00,28.2,22,992.0,0,13.0,0.0,0.0,0.0,0.0,27.5398,71.9153,Bhadla_Solar_Park
2023-02-21 20:00:00,26.6,24,992.5,0,14.3,0.0,0.0,0.0,0.0,27.5398,71.9153,Bhadla_Solar_Park
2023-02-21 21:00:00,25.4,25,992.6,1,13.2,0.0,0.0,0.0,0.0,27.5398,71.9153,Bhadla_Solar_Park
2023-02-21 22:00:00,24.3,26,992.7,2,11.8,0.0,0.0,0.0,0.0,27.5398,71.9153,Bhadla_Solar_Park
2023-02-21 23:00:00,23.0,28,992.6,0,13.0,0.0,0.0,0.0,0.0,27.5398,71.9153,Bhadla_Solar_Park
2023-02-22 00:00:00,22.2,36,992.7,0,16.9,0.0,0.0,0.0,0.0,27.5398,71.9153,Bhadla_Solar_Park
2023-02-22 01:00:00,20.9,48,992.7,0,16.1,0.0,0.0,0.0,0.0,27.5398,71.9153,Bhadla_Solar_Park
2023-02-22 02:00:00,19.9,56,992.4,0,14.9,0.0,0.0,0.0,0.0,27.5398,71.9153,Bhadla_Solar_Park
2023-02-22 03:00:00,19.2,61,992.1,62,15.1,0.0,0.0,0.0,0.0,27.5398,71.9153,Bhadla_Solar_Park
2023-02-22 04:00:00,18.7,57,991.9,97,14.3,0.0,0.0,0.0,0.0,27.5398,71.9153,Bhadla_Solar_Park
2023-02-22 05:00:00,17.9,58,991.9,100,13.4,0.0,0.0,0.0,0.0,27.5398,71.9153,Bhadla_Solar_Park
2023-02-22 06:00:00,18.5,56,992.2,100,14.0,0.0,0.0,0.0,0.0,27.5398,71.9153,Bhadla_Solar_Park
2023-02-22 07:00:00,18.5,57,992.8,100,14.2,2.0,0.0,2.0,0.0,27.5398,71.9153,Bhadla_Solar_Park
2023-02-22 08:00:00,20.1,53,993.2,100,14.0,86.0,126.2,66.0,20.0,27.5398,71.9153,Bhadla_Solar_Park
2023-02-22 09:00:00,23.0,44,993.7,99,11.8,260.0,299.9,150.0,110.0,27.5398,71.9153,Bhadla_Solar_Park
2023-02-22 10:00:00,26.7,33,994.2,92,13.3,484.0,595.1,160.0,324.0,27.5398,71.9153,Bhadla_Solar_Park
2023-02-22 11:00:00,29.7,24,994.0,100,15.0,642.0,659.4,194.0,448.0,27.5398,71.9153,Bhadla_Solar_Park
2023-02-22 12:00:00,30.9,18,993.3,99,9.8,704.0,586.3,257.0,447.0,27.5398,71.9153,Bhadla_Solar_Park
2023-02-22 13:00:00,31.7,17,992.3,100,10.0,737.0,592.7,270.0,467.0,27.5398,71.9153,Bhadla_Solar_Park
2023-02-22 14:00:00,32.3,16,991.1,97,10.3,715.0,641.8,231.0,484.0,27.5398,71.9153,Bhadla_Solar_Park
2023-02-22 15:00:00,32.6,15,990.5,92,9.9,609.0,610.6,204.0,405.0,27.5398,71.9153,Bhadla_Solar_Park
2023-02-22 16:00:00,32.6,15,990.3,100,8.6,438.0,492.6,181.0,257.0,27.5398,71.9153,Bhadla_Solar_Park
2023-02-22 17:00:00,32.4,15,990.5,97,7.0,225.0,233.1,146.0,79.0,27.5398,71.9153,Bhadla_Solar_Park
2023-02-22 18:00:00,30.6,18,991.0,41,4.3,67.0,119.6,50.0,17.0,27.5398,71.9153,Bhadla_Solar_Park
2023-02-22 19:00:00,28.1,20,991.3,8,6.9,0.0,0.0,0.0,0.0,27.5398,71.9153,Bhadla_Solar_Park
2023-02-22 20:00:00,26.6,22,991.5,24,7.2,0.0,0.0,0.0,0.0,27.5398,71.9153,Bhadla_Solar_Park
2023-02-22 21:00:00,25.3,24,991.9,59,9.6,0.0,0.0,0.0,0.0,27.5398,71.9153,Bhadla_Solar_Park
2023-02-22 22:00:00,23.9,27,992.1,7,8.9,0.0,0.0,0.0,0.0,27.5398,71.9153,Bhadla_Solar_Park
2023-02-22 23:00:00,22.5,30,992.3,3,8.4,0.0,0.0,0.0,0.0,27.5398,71.9153,Bhadla_Solar_Park
2023-02-23 00:00:00,21.3,35,991.8,21,8.2,0.0,0.0,0.0,0.0,27.5398,71.9153,Bhadla_Solar_Park
2023-02-23 01:00:00,20.4,40,991.5,4,9.2,0.0,0.0,0.0,0.0,27.5398,71.9153,Bhadla_Solar_Park
2023-02-23 02:00:00,19.3,45,991.3,3,7.9,0.0,0.0,0.0,0.0,27.5398,71.9153,Bhadla_Solar_Park
2023-02-23 03:00:00,20.2,44,991.1,9,4.8,0.0,0.0,0.0,0.0,27.5398,71.9153,Bhadla_Solar_Park
2023-02-23 04:00:00,19.3,47,991.4,0,4.5,0.0,0.0,0.0,0.0,27.5398,71.9153,Bhadla_Solar_Park
2023-02-23 05:00:00,19.3,51,992.0,0,2.9,0.0,0.0,0.0,0.0,27.5398,71.9153,Bhadla_Solar_Park
2023-02-23 06:00:00,18.1,56,992.5,0,5.1,0.0,0.0,0.0,0.0,27.5398,71.9153,Bhadla_Solar_Park
2023-02-23 07:00:00,16.4,62,992.8,0,7.7,2.0,0.0,2.0,0.0,27.5398,71.9153,Bhadla_Solar_Park
2023-02-23 08:00:00,19.0,47,993.7,13,8.9,94.0,222.1,58.0,36.0,27.5398,71.9153,Bhadla_Solar_Park
2023-02-23 09:00:00,21.5,39,994.8,10,5.0,290.0,461.5,119.0,171.0,27.5398,71.9153,Bhadla_Solar_Park
2023-02-23 10:00:00,23.4,35,995.3,0,3.7,491.0,614.6,154.0,337.0,27.5398,71.9153,Bhadla_Solar_Park
2023-02-23 11:00:00,26.1,30,995.0,3,6.4,654.0,699.5,176.0,478.0,27.5398,71.9153,Bhadla_Solar_Park
2023-02-23 12:00:00,28.7,27,994.2,3,9.5,757.0,743.7,187.0,570.0,27.5398,71.9153,Bhadla_Solar_Park
2023-02-23 13:00:00,30.5,25,993.3,6,10.4,789.0,756.5,190.0,599.0,27.5398,71.9153,Bhadla_Solar_Park
2023-02-23 14:00:00,31.9,19,992.3,10,10.1,747.0,740.3,186.0,561.0,27.5398,71.9153,Bhadla_Solar_Park
2023-02-23 15:00:00,32.3,16,991.7,99,9.1,635.0,694.3,172.0,463.0,27.5398,71.9153,Bhadla_Solar_Park
2023-02-23 16:00:00,32.2,16,991.5,83,8.2,461.0,581.0,156.0,305.0,27.5398,71.9153,Bhadla_Solar_Park
2023-02-23 17:00:00,31.6,16,991.9,99,7.9,257.0,409.5,117.0,140.0,27.5398,71.9153,Bhadla_Solar_Park
2023-02-23 18:00:00,29.8,18,992.1,100,7.9,67.0,90.5,54.0,13.0,27.5398,71.9153,Bhadla_Solar_Park
2023-02-23 19:00:00,28.0,21,992.6,100,9.0,0.0,0.0,0.0,0.0,27.5398,71.9153,Bhadla_Solar_Park
2023-02-23 20:00:00,26.6,23,992.8,100,8.3,0.0,0.0,0.0,0.0,27.5398,71.9153,Bhadla_Solar_Park
2023-02-23 21:00:00,25.7,24,993.2,100,10.2,0.0,0.0,0.0,0.0,27.5398,71.9153,Bhadla_Solar_Park
2023-02-23 22:00:00,24.7,26,993.5,100,13.4,0.0,0.0,0.0,0.0,27.5398,71.9153,Bhadla_Solar_Park
2023-02-23 23:00:00,24.0,24,993.3,100,16.5,0.0,0.0,0.0,0.0,27.5398,71.9153,Bhadla_Solar_Park
2023-02-24 00:00:00,23.1,25,993.7,98,16.7,0.0,0.0,0.0,0.0,27.5398,71.9153,Bhadla_Solar_Park
2023-02-24 01:00:00,21.8,28,993.5,100,13.2,0.0,0.0,0.0,0.0,27.5398,71.9153,Bhadla_Solar_Park
2023-02-24 02:00:00,21.1,28,993.1,100,13.6,0.0,0.0,0.0,0.0,27.5398,71.9153,Bhadla_Solar_Park
2023-02-24 03:00:00,20.2,30,992.6,100,12.2,0.0,0.0,0.0,0.0,27.5398,71.9153,Bhadla_Solar_Park
2023-02-24 04:00:00,19.0,33,992.4,100,10.7,0.0,0.0,0.0,0.0,27.5398,71.9153,Bhadla_Solar_Park
2023-02-24 05:00:00,19.2,44,992.8,100,8.6,0.0,0.0,0.0,0.0,27.5398,71.9153,Bhadla_Solar_Park
2023-02-24 06:00:00,19.1,45,993.5,100,12.0,0.0,0.0,0.0,0.0,27.5398,71.9153,Bhadla_Solar_Park
2023-02-24 07:00:00,18.5,47,994.2,100,13.8,2.0,0.0,2.0,0.0,27.5398,71.9153,Bhadla_Solar_Park
2023-02-24 08:00:00,20.5,42,994.9,100,12.4,81.0,66.4,70.0,11.0,27.5398,71.9153,Bhadla_Solar_Park
2023-02-24 09:00:00,24.2,34,996.0,100,11.8,241.0,189.6,170.0,71.0,27.5398,71.9153,Bhadla_Solar_Park
2023-02-24 10:00:00,27.4,29,996.4,100,15.1,425.0,338.6,238.0,187.0,27.5398,71.9153,Bhadla_Solar_Park
2023-02-24 11:00:00,29.3,27,996.4,100,14.8,577.0,427.7,283.0,294.0,27.5398,71.9153,Bhadla_Solar_Park
2023-02-24 12:00:00,30.7,24,995.6,99,12.9,673.0,454.3,323.0,350.0,27.5398,71.9153,Bhadla_Solar_Park
2023-02-24 13:00:00,31.7,21,994.6,95,11.9,730.0,544.2,297.0,433.0,27.5398,71.9153,Bhadla_Solar_Park
2023-02-24 14:00:00,32.3,18,994.0,99,10.5,718.0,639.5,231.0,487.0,27.5398,71.9153,Bhadla_Solar_Park
2023-02-24 15:00:00,32.6,17,993.3,86,9.0,611.0,586.3,218.0,393.0,27.5398,71.9153,Bhadla_Solar_Park
2023-02-24 16:00:00,32.6,16,993.0,74,8.5,448.0,515.0,176.0,272.0,27.5398,71.9153,Bhadla_Solar_Park
2023-02-24 17:00:00,32.3,16,993.3,25,6.8,259.0,411.8,117.0,142.0,27.5398,71.9153,Bhadla_Solar_Park
2023-02-24 18:00:00,30.6,19,993.7,6,7.6,73.0,172.4,48.0,25.0,27.5398,71.9153,Bhadla_Solar_Park
2023-02-24 19:00:00,28.8,21,994.0,0,10.2,0.0,0.0,0.0,0.0,27.5398,71.9153,Bhadla_Solar_Park
2023-02-24 20:00:00,27.1,23,994.2,0,10.6,0.0,0.0,0.0,0.0,27.5398,71.9153,Bhadla_Solar_Park
2023-02-24 21:00:00,25.8,25,994.9,0,12.0,0.0,0.0,0.0,0.0,27.5398,71.9153,Bhadla_Solar_Park
2023-02-24 22:00:00,25.0,25,995.3,0,12.8,0.0,0.0,0.0,0.0,27.5398,71.9153,Bhadla_Solar_Park
2023-02-24 23:00:00,23.7,27,995.2,0,11.5,0.0,0.0,0.0,0.0,27.5398,71.9153,Bhadla_Solar_Park
2023-02-25 00:00:00,21.8,31,995.0,0,8.9,0.0,0.0,0.0,0.0,27.5398,71.9153,Bhadla_Solar_Park
2023-02-25 01:00:00,21.6,31,994.9,0,13.5,0.0,0.0,0.0,0.0,27.5398,71.9153,Bhadla_Solar_Park
2023-02-25 02:00:00,20.9,32,994.6,0,12.4,0.0,0.0,0.0,0.0,27.5398,71.9153,Bhadla_Solar_Park
2023-02-25 03:00:00,19.7,35,994.5,0,12.0,0.0,0.0,0.0,0.0,27.5398,71.9153,Bhadla_Solar_Park
2023-02-25 04:00:00,18.3,40,994.4,0,8.5,0.0,0.0,0.0,0.0,27.5398,71.9153,Bhadla_Solar_Park
2023-02-25 05:00:00,19.5,47,994.7,0,13.7,0.0,0.0,0.0,0.0,27.5398,71.9153,Bhadla_Solar_Park
2023-02-25 06:00:00,18.2,54,995.3,0,11.5,0.0,0.0,0.0,0.0,27.5398,71.9153,Bhadla_Solar_Park
2023-02-25 07:00:00,17.5,58,996.0,0,10.7,3.0,0.0,3.0,0.0,27.5398,71.9153,Bhadla_Solar_Park
2023-02-25 08:00:00,19.8,52,996.9,0,10.2,98.0,218.4,61.0,37.0,27.5398,71.9153,Bhadla_Solar_Park
2023-02-25 09:00:00,23.3,42,997.8,0,10.1,293.0,454.8,121.0,172.0,27.5398,71.9153,Bhadla_Solar_Park
2023-02-25 10:00:00,26.3,35,998.1,0,12.1,493.0,605.8,156.0,337.0,27.5398,71.9153,Bhadla_Solar_Park
2023-02-25 11:00:00,28.8,29,997.9,0,11.6,656.0,689.9,179.0,477.0,27.5398,71.9153,Bhadla_Solar_Park
2023-02-25 12:00:00,30.6,24,997.2,0,10.4,758.0,732.3,191.0,567.0,27.5398,71.9153,Bhadla_Solar_Park
2023-02-25 13:00:00,31.6,20,996.0,0,10.5,790.0,745.5,194.0,596.0,27.5398,71.9153,Bhadla_Solar_Park
2023-02-25 14:00:00,32.0,18,994.9,0,10.1,749.0,731.8,189.0,560.0,27.5398,71.9153,Bhadla_Solar_Park
2023-02-25 15:00:00,32.2,17,994.3,0,8.4,637.0,685.7,175.0,462.0,27.5398,71.9153,Bhadla_Solar_Park
2023-02-25 16:00:00,32.1,17,994.0,1,6.2,468.0,596.6,151.0,317.0,27.5398,71.9153,Bhadla_Solar_Park
2023-02-25 17:00:00,31.8,17,993.8,1,1.5,264.0,431.4,114.0,150.0,27.5398,71.9153,Bhadla_Solar_Park
2023-02-25 18:00:00,30.3,20,994.2,0,4.3,75.0,177.5,49.0,26.0,27.5398,71.9153,Bhadla_Solar_Park
2023-02-25 19:00:00,28.7,20,994.8,0,9.7,0.0,0.0,0.0,0.0,27.5398,71.9153,Bhadla_Solar_Park
2023-02-25 20:00:00,26.8,21,995.5,0,8.0,0.0,0.0,0.0,0.0,27.5398,71.9153,Bhadla_Solar_Park
2023-02-25 21:00:00,27.8,19,996.4,9,4.7,0.0,0.0,0.0,0.0,27.5398,71.9153,Bhadla_Solar_Park
2023-02-25 22:00:00,24.6,26,996.5,3,11.2,0.0,0.0,0.0,0.0,27.5398,71.9153,Bhadla_Solar_Park
2023-02-25 23:00:00,23.9,28,996.5,15,6.5,0.0,0.0,0.0,0.0,27.5398,71.9153,Bhadla_Solar_Park
2023-02-26 00:00:00,25.5,26,996.4,7,2.3,0.0,0.0,0.0,0.0,27.5398,71.9153,Bhadla_Solar_Park
2023-02-26 01:00:00,21.3,32,995.9,8,9.0,0.0,0.0,0.0,0.0,27.5398,71.9153,Bhadla_Solar_Park
2023-02-26 02:00:00,24.2,25,995.9,47,3.4,0.0,0.0,0.0,0.0,27.5398,71.9153,Bhadla_Solar_Park
2023-02-26 03:00:00,23.6,27,996.1,15,4.7,0.0,0.0,0.0,0.0,27.5398,71.9153,Bhadla_Solar_Park
2023-02-26 04:00:00,18.9,38,996.0,15,9.7,0.0,0.0,0.0,0.0,27.5398,71.9153,Bhadla_Solar_Park
2023-02-26 05:00:00,19.1,40,996.3,29,11.0,0.0,0.0,0.0,0.0,27.5398,71.9153,Bhadla_Solar_Park
2023-02-26 06:00:00,17.9,45,996.7,73,8.4,0.0,0.0,0.0,0.0,27.5398,71.9153,Bhadla_Solar_Park
2023-02-26 07:00:00,17.8,46,997.3,94,7.9,3.0,0.0,3.0,0.0,27.5398,71.9153,Bhadla_Solar_Park
2023-02-26 08:00:00,20.9,39,998.1,87,7.1,101.0,219.5,63.0,38.0,27.5398,71.9153,Bhadla_Solar_Park
2023-02-26 09:00:00,24.6,31,999.3,100,6.1,295.0,442.3,126.0,169.0,27.5398,71.9153,Bhadla_Solar_Park
2023-02-26 10:00:00,28.0,25,999.8,100,8.0,492.0,581.9,166.0,326.0,27.5398,71.9153,Bhadla_Solar_Park
2023-02-26 11:00:00,29.8,22,999.7,100,7.9,635.0,595.4,221.0,414.0,27.5398,71.9153,Bhadla_Solar_Park
2023-02-26 12:00:00,31.2,20,999.0,100,7.3,743.0,666.9,224.0,519.0,27.5398,71.9153,Bhadla_Solar_Park
2023-02-26 13:00:00,32.3,18,997.8,97,6.5,777.0,685.9,226.0,551.0,27.5398,71.9153,Bhadla_Solar_Park
2023-02-26 14:00:00,32.9,16,996.9,100,6.1,739.0,682.9,214.0,525.0,27.5398,71.9153,Bhadla_Solar_Park
2023-02-26 15:00:00,33.2,15,996.4,100,7.0,625.0,632.1,197.0,428.0,27.5398,71.9153,Bhadla_Solar_Park
2023-02-26 16:00:00,33.3,14,996.2,100,9.5,448.0,492.1,185.0,263.0,27.5398,71.9153,Bhadla_Solar_Park
2023-02-26 17:00:00,32.6,15,996.3,100,10.6,237.0,253.9,148.0,89.0,27.5398,71.9153,Bhadla_Solar_Park
2023-02-26 18:00:00,31.1,17,996.6,63,8.2,75.0,162.3,51.0,24.0,27.5398,71.9153,Bhadla_Solar_Park
2023-02-26 19:00:00,28.5,21,997.3,55,7.1,1.0,0.0,1.0,0.0,27.5398,71.9153,Bhadla_Solar_Park
2023-02-26 20:00:00,27.0,23,997.5,61,7.2,0.0,0.0,0.0,0.0,27.5398,71.9153,Bhadla_Solar_Park
2023-02-26 21:00:00,25.9,25,998.1,68,6.5,0.0,0.0,0.0,0.0,27.5398,71.9153,Bhadla_Solar_Park
2023-02-26 22:00:00,24.3,28,998.2,100,9.2,0.0,0.0,0.0,0.0,27.5398,71.9153,Bhadla_Solar_Park
2023-02-26 23:00:00,23.7,28,997.9,97,8.4,0.0,0.0,0.0,0.0,27.5398,71.9153,Bhadla_Solar_Park
2023-02-27 00:00:00,24.4,27,997.6,68,5.8,0.0,0.0,0.0,0.0,27.5398,71.9153,Bhadla_Solar_Park
2023-02-27 01:00:00,21.5,32,997.0,75,10.0,0.0,0.0,0.0,0.0,27.5398,71.9153,Bhadla_Solar_Park
2023-02-27 02:00:00,21.9,31,996.4,3,7.3,0.0,0.0,0.0,0.0,27.5398,71.9153,Bhadla_Solar_Park
2023-02-27 03:00:00,22.2,30,996.2,0,7.4,0.0,0.0,0.0,0.0,27.5398,71.9153,Bhadla_Solar_Park
2023-02-27 04:00:00,20.2,34,996.1,30,11.2,0.0,0.0,0.0,0.0,27.5398,71.9153,Bhadla_Solar_Park
2023-02-27 05:00:00,19.1,39,996.8,52,13.0,0.0,0.0,0.0,0.0,27.5398,71.9153,Bhadla_Solar_Park
2023-02-27 06:00:00,18.3,41,997.3,0,13.3,0.0,0.0,0.0,0.0,27.5398,71.9153,Bhadla_Solar_Park
2023-02-27 07:00:00,18.0,42,997.8,0,14.7,4.0,0.0,4.0,0.0,27.5398,71.9153,Bhadla_Solar_Park
2023-02-27 08:00:00,20.2,37,998.7,0,14.6,104.0,226.2,64.0,40.0,27.5398,71.9153,Bhadla_Solar_Park
2023-02-27 09:00:00,24.1,30,999.5,0,11.2,303.0,463.8,124.0,179.0,27.5398,71.9153,Bhadla_Solar_Park
2023-02-27 10:00:00,28.1,24,999.8,0,13.4,505.0,611.5,160.0,345.0,27.5398,71.9153,Bhadla_Solar_Park
2023-02-27 11:00:00,31.2,18,999.7,0,16.6,668.0,695.0,182.0,486.0,27.5398,71.9153,Bhadla_Solar_Park
2023-02-27 12:00:00,32.5,14,999.0,0,12.1,771.0,736.4,195.0,576.0,27.5398,71.9153,Bhadla_Solar_Park
2023-02-27 13:00:00,33.1,12,997.7,0,6.5,802.0,748.4,198.0,604.0,27.5398,71.9153,Bhadla_Solar_Park
2023-02-27 14:00:00,33.4,11,996.6,1,3.3,759.0,734.1,192.0,567.0,27.5398,71.9153,Bhadla_Solar_Park
2023-02-27 15:00:00,33.5,11,995.9,2,1.6,646.0,686.3,179.0,467.0,27.5398,71.9153,Bhadla_Solar_Park
2023-02-27 16:00:00,33.4,11,995.3,2,2.1,475.0,595.3,155.0,320.0,27.5398,71.9153,Bhadla_Solar_Park
2023-02-27 17:00:00,32.8,13,995.4,2,5.2,270.0,432.9,117.0,153.0,27.5398,71.9153,Bhadla_Solar_Park
2023-02-27 18:00:00,31.1,15,995.5,3,5.6,78.0,180.9,51.0,27.0,27.5398,71.9153,Bhadla_Solar_Park
2023-02-27 19:00:00,29.0,18,995.7,10,7.7,1.0,0.0,1.0,0.0,27.5398,71.9153,Bhadla_Solar_Park
2023-02-27 20:00:00,30.6,15,996.0,25,4.5,0.0,0.0,0.0,0.0,27.5398,71.9153,Bhadla_Solar_Park
2023-02-27 21:00:00,26.1,20,996.1,36,9.0,0.0,0.0,0.0,0.0,27.5398,71.9153,Bhadla_Solar_Park
2023-02-27 22:00:00,24.9,17,996.3,0,10.2,0.0,0.0,0.0,0.0,27.5398,71.9153,Bhadla_Solar_Park
2023-02-27 23:00:00,23.7,19,996.1,0,7.6,0.0,0.0,0.0,0.0,27.5398,71.9153,Bhadla_Solar_Park
2023-02-28 00:00:00,25.3,16,996.0,0,4.1,0.0,0.0,0.0,0.0,27.5398,71.9153,Bhadla_Solar_Park
2023-02-28 01:00:00,21.6,21,995.6,0,10.5,0.0,0.0,0.0,0.0,27.5398,71.9153,Bhadla_Solar_Park
2023-02-28 02:00:00,20.1,25,995.4,0,9.8,0.0,0.0,0.0,0.0,27.5398,71.9153,Bhadla_Solar_Park
2023-02-28 03:00:00,19.2,27,994.9,0,9.4,0.0,0.0,0.0,0.0,27.5398,71.9153,Bhadla_Solar_Park
2023-02-28 04:00:00,19.6,26,994.8,0,13.8,0.0,0.0,0.0,0.0,27.5398,71.9153,Bhadla_Solar_Park
2023-02-28 05:00:00,20.0,32,994.9,0,14.8,0.0,0.0,0.0,0.0,27.5398,71.9153,Bhadla_Solar_Park
2023-02-28 06:00:00,20.1,32,995.3,0,15.2,0.0,0.0,0.0,0.0,27.5398,71.9153,Bhadla_Solar_Park
2023-02-28 07:00:00,19.8,33,996.1,0,17.8,4.0,0.0,4.0,0.0,27.5398,71.9153,Bhadla_Solar_Park
2023-02-28 08:00:00,22.4,30,996.9,0,17.7,106.0,227.0,65.0,41.0,27.5398,71.9153,Bhadla_Solar_Park
2023-02-28 09:00:00,26.3,24,997.6,0,13.4,304.0,461.7,124.0,180.0,27.5398,71.9153,Bhadla_Solar_Park
2023-02-28 10:00:00,29.8,19,998.0,0,19.7,504.0,607.3,159.0,345.0,27.5398,71.9153,Bhadla_Solar_Park
2023-02-28 11:00:00,31.9,18,997.9,0,16.6,665.0,688.2,181.0,484.0,27.5398,71.9153,Bhadla_Solar_Park
2023-02-28 12:00:00,33.3,15,997.2,15,15.5,767.0,729.0,194.0,573.0,27.5398,71.9153,Bhadla_Solar_Park
2023-02-28 13:00:00,33.9,14,996.0,10,16.9,754.0,667.2,213.0,541.0,27.5398,71.9153,Bhadla_Solar_Park
2023-02-28 14:00:00,34.5,13,995.0,8,16.3,730.0,674.0,207.0,523.0,27.5398,71.9153,Bhadla_Solar_Park
2023-02-28 15:00:00,34.4,13,994.0,4,15.9,641.0,669.8,183.0,458.0,27.5398,71.9153,Bhadla_Solar_Park
2023-02-28 16:00:00,34.1,13,993.5,3,15.0,469.0,577.1,157.0,312.0,27.5398,71.9153,Bhadla_Solar_Park
2023-02-28 17:00:00,33.5,13,993.7,3,14.1,267.0,421.1,117.0,150.0,27.5398,71.9153,Bhadla_Solar_Park
2023-02-28 18:00:00,31.7,15,994.0,1,9.5,81.0,185.9,53.0,28.0,27.5398,71.9153,Bhadla_Solar_Park
2023-02-28 19:00:00,29.0,18,994.3,2,8.1,1.0,0.0,1.0,0.0,27.5398,71.9153,Bhadla_Solar_Park
2023-02-28 20:00:00,28.0,19,994.9,57,7.9,0.0,0.0,0.0,0.0,27.5398,71.9153,Bhadla_Solar_Park
2023-02-28 21:00:00,27.5,20,995.8,18,14.5,0.0,0.0,0.0,0.0,27.5398,71.9153,Bhadla_Solar_Park
2023-02-28 22:00:00,25.9,23,996.4,3,14.2,0.0,0.0,0.0,0.0,27.5398,71.9153,Bhadla_Solar_Park
2023-02-28 23:00:00,24.6,28,996.3,7,14.1,0.0,0.0,0.0,0.0,27.5398,71.9153,Bhadla_Solar_Park
2023-03-01 00:00:00,22.7,32,996.0,30,10.7,0.0,0.0,0.0,0.0,27.5398,71.9153,Bhadla_Solar_Park
2023-03-01 01:00:00,22.1,31,995.8,33,12.2,0.0,0.0,0.0,0.0,27.5398,71.9153,Bhadla_Solar_Park
2023-03-01 02:00:00,22.1,31,995.3,32,14.2,0.0,0.0,0.0,0.0,27.5398,71.9153,Bhadla_Solar_Park
2023-03-01 03:00:00,21.7,38,994.9,18,17.5,0.0,0.0,0.0,0.0,27.5398,71.9153,Bhadla_Solar_Park
2023-03-01 04:00:00,21.3,41,994.5,17,19.7,0.0,0.0,0.0,0.0,27.5398,71.9153,Bhadla_Solar_Park
2023-03-01 05:00:00,18.9,58,996.8,13,15.3,0.0,0.0,0.0,0.0,27.5398,71.9153,Bhadla_Solar_Park
2023-03-01 06:00:00,18.3,64,997.7,22,18.1,0.0,0.0,0.0,0.0,27.5398,71.9153,Bhadla_Solar_Park
2023-03-01 07:00:00,18.3,65,998.3,9,17.1,4.0,0.0,4.0,0.0,27.5398,71.9153,Bhadla_Solar_Park
2023-03-01 08:00:00,19.5,61,998.8,0,15.6,106.0,216.9,66.0,40.0,27.5398,71.9153,Bhadla_Solar_Park
2023-03-01 09:00:00,22.3,52,999.6,0,19.2,303.0,449.4,126.0,177.0,27.5398,71.9153,Bhadla_Solar_Park
2023-03-01 10:00:00,25.2,43,1000.2,0,17.6,503.0,597.7,161.0,342.0,27.5398,71.9153,Bhadla_Solar_Park
2023-03-01 11:00:00,27.3,37,1000.1,0,13.6,657.0,667.4,185.0,472.0,27.5398,71.9153,Bhadla_Solar_Park
2023-03-01 12:00:00,29.4,31,999.2,0,13.7,762.0,716.5,196.0,566.0,27.5398,71.9153,Bhadla_Solar_Park
2023-03-01 13:00:00,31.1,25,998.0,0,11.0,793.0,729.2,199.0,594.0,27.5398,71.9153,Bhadla_Solar_Park
2023-03-01 14:00:00,32.2,21,996.8,8,7.7,752.0,717.1,193.0,559.0,27.5398,71.9153,Bhadla_Solar_Park
2023-03-01 15:00:00,32.9,18,995.7,21,3.3,627.0,644.7,184.0,443.0,27.5398,71.9153,Bhadla_Solar_Park
2023-03-01 16:00:00,31.9,21,995.5,86,17.4,413.0,434.1,177.0,236.0,27.5398,71.9153,Bhadla_Solar_Park
2023-03-01 17:00:00,31.5,18,995.9,84,3.3,184.0,167.1,124.0,60.0,27.5398,71.9153,Bhadla_Solar_Park
2023-03-01 18:00:00,30.5,20,996.1,14,8.1,72.0,144.7,50.0,22.0,27.5398,71.9153,Bhadla_Solar_Park
2023-03-01 19:00:00,28.6,25,996.8,5,17.0,1.0,0.0,1.0,0.0,27.5398,71.9153,Bhadla_Solar_Park
2023-03-01 20:00:00,26.8,30,997.4,0,15.6,0.0,0.0,0.0,0.0,27.5398,71.9153,Bhadla_Solar_Park
2023-03-01 21:00:00,25.6,33,998.2,0,18.6,0.0,0.0,0.0,0.0,27.5398,71.9153,Bhadla_Solar_Park
2023-03-01 22:00:00,24.3,40,998.5,0,19.4,0.0,0.0,0.0,0.0,27.5398,71.9153,Bhadla_Solar_Park
2023-03-01 23:00:00,23.4,44,998.5,6,17.9,0.0,0.0,0.0,0.0,27.5398,71.9153,Bhadla_Solar_Park
2023-03-02 00:00:00,22.2,48,998.3,0,15.3,0.0,0.0,0.0,0.0,27.5398,71.9153,Bhadla_Solar_Park
2023-03-02 01:00:00,21.2,54,998.1,0,16.7,0.0,0.0,0.0,0.0,27.5398,71.9153,Bhadla_Solar_Park
2023-03-02 02:00:00,20.1,60,997.8,0,18.9,0.0,0.0,0.0,0.0,27.5398,71.9153,Bhadla_Solar_Park
2023-03-02 03:00:00,19.1,63,997.6,0,19.1,0.0,0.0,0.0,0.0,27.5398,71.9153,Bhadla_Solar_Park
2023-03-02 04:00:00,18.3,66,997.7,0,19.7,0.0,0.0,0.0,0.0,27.5398,71.9153,Bhadla_Solar_Park
2023-03-02 05:00:00,18.1,70,998.8,0,16.7,0.0,0.0,0.0,0.0,27.5398,71.9153,Bhadla_Solar_Park
2023-03-02 06:00:00,17.5,74,999.6,11,16.3,0.0,0.0,0.0,0.0,27.5398,71.9153,Bhadla_Solar_Park
2023-03-02 07:00:00,17.1,78,1000.3,4,13.2,5.0,0.0,5.0,0.0,27.5398,71.9153,Bhadla_Solar_Park
2023-03-02 08:00:00,18.3,73,1000.7,9,12.4,108.0,212.3,68.0,40.0,27.5398,71.9153,Bhadla_Solar_Park
2023-03-02 09:00:00,20.4,64,1001.4,2,14.3,304.0,444.9,127.0,177.0,27.5398,71.9153,Bhadla_Solar_Park
2023-03-02 10:00:00,23.0,55,1001.5,0,16.0,501.0,584.8,164.0,337.0,27.5398,71.9153,Bhadla_Solar_Park
2023-03-02 11:00:00,25.7,45,1000.9,59,13.0,661.0,669.2,185.0,476.0,27.5398,71.9153,Bhadla_Solar_Park
2023-03-02 12:00:00,27.9,38,1000.3,11,9.7,757.0,689.0,210.0,547.0,27.5398,71.9153,Bhadla_Solar_Park
2023-03-02 13:00:00,29.5,33,999.3,0,7.4,793.0,720.9,203.0,590.0,27.5398,71.9153,Bhadla_Solar_Park
2023-03-02 14:00:00,30.6,29,998.2,0,7.9,752.0,711.3,195.0,557.0,27.5398,71.9153,Bhadla_Solar_Park
2023-03-02 15:00:00,31.3,26,997.1,40,10.9,641.0,667.7,180.0,461.0,27.5398,71.9153,Bhadla_Solar_Park
2023-03-02 16:00:00,31.3,25,996.8,88,13.2,471.0,572.5,158.0,313.0,27.5398,71.9153,Bhadla_Solar_Park
2023-03-02 17:00:00,31.4,25,996.9,98,8.7,263.0,378.7,126.0,137.0,27.5398,71.9153,Bhadla_Solar_Park
2023-03-02 18:00:00,30.6,27,997.2,96,9.6,65.0,39.1,59.0,6.0,27.5398,71.9153,Bhadla_Solar_Park
2023-03-02 19:00:00,28.9,30,997.7,94,12.3,1.0,0.0,1.0,0.0,27.5398,71.9153,Bhadla_Solar_Park
2023-03-02 20:00:00,27.6,32,998.5,98,14.8,0.0,0.0,0.0,0.0,27.5398,71.9153,Bhadla_Solar_Park
2023-03-02 21:00:00,26.5,36,999.3,96,17.3,0.0,0.0,0.0,0.0,27.5398,71.9153,Bhadla_Solar_Park
2023-03-02 22:00:00,25.4,41,999.9,1,20.5,0.0,0.0,0.0,0.0,27.5398,71.9153,Bhadla_Solar_Park
2023-03-02 23:00:00,24.3,47,999.8,22,23.1,0.0,0.0,0.0,0.0,27.5398,71.9153,Bhadla_Solar_Park
2023-03-03 00:00:00,23.4,54,999.7,24,22.0,0.0,0.0,0.0,0.0,27.5398,71.9153,Bhadla_Solar_Park
2023-03-03 01:00:00,22.4,59,999.3,29,20.6,0.0,0.0,0.0,0.0,27.5398,71.9153,Bhadla_Solar_Park
2023-03-03 02:00:00,21.7,63,999.1,7,19.5,0.0,0.0,0.0,0.0,27.5398,71.9153,Bhadla_Solar_Park
2023-03-03 03:00:00,21.0,65,998.9,2,18.4,0.0,0.0,0.0,0.0,27.5398,71.9153,Bhadla_Solar_Park
2023-03-03 04:00:00,20.3,67,999.0,4,19.1,0.0,0.0,0.0,0.0,27.5398,71.9153,Bhadla_Solar_Park
2023-03-03 05:00:00,19.4,72,999.6,79,16.0,0.0,0.0,0.0,0.0,27.5398,71.9153,Bhadla_Solar_Park
2023-03-03 06:00:00,18.9,73,1000.3,34,15.5,0.0,0.0,0.0,0.0,27.5398,71.9153,Bhadla_Solar_Park
2023-03-03 07:00:00,18.6,75,1001.0,0,14.3,5.0,0.0,5.0,0.0,27.5398,71.9153,Bhadla_Solar_Park
2023-03-03 08:00:00,20.0,68,1001.6,3,11.9,111.0,218.3,69.0,42.0,27.5398,71.9153,Bhadla_Solar_Park
2023-03-03 09:00:00,22.5,57,1002.1,57,14.3,309.0,452.8,127.0,182.0,27.5398,71.9153,Bhadla_Solar_Park
2023-03-03 10:00:00,25.3,47,1002.5,47,14.3,503.0,572.1,171.0,332.0,27.5398,71.9153,Bhadla_Solar_Park
2023-03-03 11:00:00,27.8,38,1001.9,13,17.9,647.0,599.7,218.0,429.0,27.5398,71.9153,Bhadla_Solar_Park
2023-03-03 12:00:00,29.8,32,1001.1,13,17.6,766.0,701.9,206.0,560.0,27.5398,71.9153,Bhadla_Solar_Park
2023-03-03 13:00:00,31.0,27,999.9,4,15.9,796.0,716.4,207.0,589.0,27.5398,71.9153,Bhadla_Solar_Park
2023-03-03 14:00:00,31.7,24,999.0,39,14.5,756.0,711.9,196.0,560.0,27.5398,71.9153,Bhadla_Solar_Park
2023-03-03 15:00:00,32.0,23,998.1,59,15.3,628.0,604.0,209.0,419.0,27.5398,71.9153,Bhadla_Solar_Park
2023-03-03 16:00:00,31.8,22,997.7,19,17.2,463.0,522.1,176.0,287.0,27.5398,71.9153,Bhadla_Solar_Park
2023-03-03 17:00:00,30.8,24,998.0,39,17.4,265.0,389.6,123.0,142.0,27.5398,71.9153,Bhadla_Solar_Park
2023-03-03 18:00:00,29.8,26,998.5,99,12.4,73.0,116.4,55.0,18.0,27.5398,71.9153,Bhadla_Solar_Park
2023-03-03 19:00:00,28.7,28,998.7,51,17.2,1.0,0.0,1.0,0.0,27.5398,71.9153,Bhadla_Solar_Park
2023-03-03 20:00:00,27.2,30,999.4,80,18.8,0.0,0.0,0.0,0.0,27.5398,71.9153,Bhadla_Solar_Park
2023-03-03 21:00:00,26.1,34,1000.4,65,19.5,0.0,0.0,0.0,0.0,27.5398,71.9153,Bhadla_Solar_Park
2023-03-03 22:00:00,25.1,38,1000.9,0,19.7,0.0,0.0,0.0,0.0,27.5398,71.9153,Bhadla_Solar_Park
2023-03-03 23:00:00,24.3,41,1000.2,12,18.2,0.0,0.0,0.0,0.0,27.5398,71.9153,Bhadla_Solar_Park
2023-03-04 00:00:00,23.3,45,999.5,6,17.0,0.0,0.0,0.0,0.0,27.5398,71.9153,Bhadla_Solar_Park
2023-03-04 01:00:00,22.2,51,998.9,46,16.3,0.0,0.0,0.0,0.0,27.5398,71.9153,Bhadla_Solar_Park
2023-03-04 02:00:00,21.8,54,998.6,35,15.7,0.0,0.0,0.0,0.0,27.5398,71.9153,Bhadla_Solar_Park
2023-03-04 03:00:00,20.8,59,998.9,69,17.6,0.0,0.0,0.0,0.0,27.5398,71.9153,Bhadla_Solar_Park
2023-03-04 04:00:00,20.8,59,997.9,17,17.3,0.0,0.0,0.0,0.0,27.5398,71.9153,Bhadla_Solar_Park
2023-03-04 05:00:00,20.7,64,999.2,98,18.5,0.0,0.0,0.0,0.0,27.5398,71.9153,Bhadla_Solar_Park
2023-03-04 06:00:00,20.3,63,999.7,11,19.5,0.0,0.0,0.0,0.0,27.5398,71.9153,Bhadla_Solar_Park
2023-03-04 07:00:00,20.2,62,1000.3,51,17.0,6.0,15.3,5.0,1.0,27.5398,71.9153,Bhadla_Solar_Park
2023-03-04 08:00:00,21.9,55,1000.8,26,13.3,112.0,198.5,73.0,39.0,27.5398,71.9153,Bhadla_Solar_Park
2023-03-04 09:00:00,24.4,47,1001.5,42,17.8,311.0,443.2,131.0,180.0,27.5398,71.9153,Bhadla_Solar_Park
2023-03-04 10:00:00,27.1,38,1001.9,63,10.0,498.0,554.3,174.0,324.0,27.5398,71.9153,Bhadla_Solar_Park
2023-03-04 11:00:00,28.2,35,1002.1,50,9.7,466.0,325.2,232.0,234.0,27.5398,71.9153,Bhadla_Solar_Park
2023-03-04 12:00:00,30.0,31,1000.8,0,16.6,759.0,669.7,222.0,537.0,27.5398,71.9153,Bhadla_Solar_Park
2023-03-04 13:00:00,30.7,27,999.3,53,10.5,798.0,710.7,211.0,587.0,27.5398,71.9153,Bhadla_Solar_Park
2023-03-04 14:00:00,29.1,31,998.7,32,7.6,564.0,374.6,268.0,296.0,27.5398,71.9153,Bhadla_Solar_Park
2023-03-04 15:00:00,30.4,23,997.7,74,5.3,577.0,519.4,215.0,362.0,27.5398,71.9153,Bhadla_Solar_Park
2023-03-04 16:00:00,30.5,24,997.0,33,8.7,417.0,389.0,202.0,215.0,27.5398,71.9153,Bhadla_Solar_Park
2023-03-04 17:00:00,30.1,23,997.3,10,6.8,266.0,389.5,123.0,143.0,27.5398,71.9153,Bhadla_Solar_Park
2023-03-04 18:00:00,29.0,26,997.4,5,9.3,83.0,179.5,55.0,28.0,27.5398,71.9153,Bhadla_Solar_Park
2023-03-04 19:00:00,27.3,30,997.7,1,10.1,1.0,0.0,1.0,0.0,27.5398,71.9153,Bhadla_Solar_Park
2023-03-04 20:00:00,26.1,32,998.6,1,12.8,0.0,0.0,0.0,0.0,27.5398,71.9153,Bhadla_Solar_Park
2023-03-04 21:00:00,24.9,34,999.4,1,11.7,0.0,0.0,0.0,0.0,27.5398,71.9153,Bhadla_Solar_Park
2023-03-04 22:00:00,24.5,34,999.8,0,13.4,0.0,0.0,0.0,0.0,27.5398,71.9153,Bhadla_Solar_Park
2023-03-04 23:00:00,23.2,37,999.4,1,11.5,0.0,0.0,0.0,0.0,27.5398,71.9153,Bhadla_Solar_Park
2023-03-05 00:00:00,22.4,37,999.2,0,12.6,0.0,0.0,0.0,0.0,27.5398,71.9153,Bhadla_Solar_Park
2023-03-05 01:00:00,21.6,37,998.6,0,12.5,0.0,0.0,0.0,0.0,27.5398,71.9153,Bhadla_Solar_Park
2023-03-05 02:00:00,20.7,38,998.3,0,12.7,0.0,0.0,0.0,0.0,27.5398,71.9153,Bhadla_Solar_Park
2023-03-05 03:00:00,20.4,38,997.9,0,13.7,0.0,0.0,0.0,0.0,27.5398,71.9153,Bhadla_Solar_Park
2023-03-05 04:00:00,20.0,40,997.7,0,14.4,0.0,0.0,0.0,0.0,27.5398,71.9153,Bhadla_Solar_Park
2023-03-05 05:00:00,18.1,57,998.6,0,10.9,0.0,0.0,0.0,0.0,27.5398,71.9153,Bhadla_Solar_Park
2023-03-05 06:00:00,17.4,59,999.3,0,11.0,0.0,0.0,0.0,0.0,27.5398,71.9153,Bhadla_Solar_Park
2023-03-05 07:00:00,17.5,58,1000.1,0,11.5,7.0,14.8,6.0,1.0,27.5398,71.9153,Bhadla_Solar_Park
2023-03-05 08:00:00,20.0,50,1000.9,0,10.7,119.0,234.4,72.0,47.0,27.5398,71.9153,Bhadla_Solar_Park
2023-03-05 09:00:00,23.5,41,1001.7,0,8.7,319.0,458.2,131.0,188.0,27.5398,71.9153,Bhadla_Solar_Park
2023-03-05 10:00:00,26.9,35,1001.7,0,11.6,519.0,598.0,167.0,352.0,27.5398,71.9153,Bhadla_Solar_Park
2023-03-05 11:00:00,29.0,30,1001.3,0,8.9,679.0,677.2,189.0,490.0,27.5398,71.9153,Bhadla_Solar_Park
2023-03-05 12:00:00,30.1,26,1000.3,0,3.2,780.0,718.6,201.0,579.0,27.5398,71.9153,Bhadla_Solar_Park
2023-03-05 13:00:00,31.0,22,998.9,1,3.5,810.0,728.0,206.0,604.0,27.5398,71.9153,Bhadla_Solar_Park
2023-03-05 14:00:00,31.7,20,997.9,12,7.9,765.0,711.9,200.0,565.0,27.5398,71.9153,Bhadla_Solar_Park
2023-03-05 15:00:00,31.9,19,997.0,2,11.5,624.0,608.5,198.0,426.0,27.5398,71.9153,Bhadla_Solar_Park
2023-03-05 16:00:00,31.8,19,996.5,5,13.4,474.0,563.4,161.0,313.0,27.5398,71.9153,Bhadla_Solar_Park
2023-03-05 17:00:00,31.1,19,996.6,6,9.1,266.0,373.2,128.0,138.0,27.5398,71.9153,Bhadla_Solar_Park
2023-03-05 18:00:00,30.3,19,997.1,0,10.8,87.0,190.7,57.0,30.0,27.5398,71.9153,Bhadla_Solar_Park
2023-03-05 19:00:00,28.6,22,997.3,1,13.7,1.0,0.0,1.0,0.0,27.5398,71.9153,Bhadla_Solar_Park
2023-03-05 20:00:00,27.4,24,997.8,0,13.8,0.0,0.0,0.0,0.0,27.5398,71.9153,Bhadla_Solar_Park
2023-03-05 21:00:00,25.9,27,998.2,0,12.2,0.0,0.0,0.0,0.0,27.5398,71.9153,Bhadla_Solar_Park
2023-03-05 22:00:00,24.2,30,998.6,0,10.8,0.0,0.0,0.0,0.0,27.5398,71.9153,Bhadla_Solar_Park
2023-03-05 23:00:00,23.0,33,998.4,0,10.4,0.0,0.0,0.0,0.0,27.5398,71.9153,Bhadla_Solar_Park
2023-03-06 00:00:00,22.6,34,998.1,0,11.7,0.0,0.0,0.0,0.0,27.5398,71.9153,Bhadla_Solar_Park
2023-03-06 01:00:00,22.0,36,997.3,0,12.3,0.0,0.0,0.0,0.0,27.5398,71.9153,Bhadla_Solar_Park
2023-03-06 02:00:00,21.1,38,996.9,0,11.6,0.0,0.0,0.0,0.0,27.5398,71.9153,Bhadla_Solar_Park
2023-03-06 03:00:00,19.7,42,996.6,0,9.3,0.0,0.0,0.0,0.0,27.5398,71.9153,Bhadla_Solar_Park
2023-03-06 04:00:00,18.6,45,996.4,0,8.5,0.0,0.0,0.0,0.0,27.5398,71.9153,Bhadla_Solar_Park
2023-03-06 05:00:00,18.6,48,996.3,0,9.7,0.0,0.0,0.0,0.0,27.5398,71.9153,Bhadla_Solar_Park
2023-03-06 06:00:00,18.3,50,996.9,0,9.6,0.0,0.0,0.0,0.0,27.5398,71.9153,Bhadla_Solar_Park
2023-03-06 07:00:00,18.6,50,997.5,0,12.1,7.0,14.4,6.0,1.0,27.5398,71.9153,Bhadla_Solar_Park
2023-03-06 08:00:00,20.9,44,998.2,0,9.4,123.0,239.4,74.0,49.0,27.5398,71.9153,Bhadla_Solar_Park
2023-03-06 09:00:00,24.2,36,999.1,0,8.7,325.0,465.6,132.0,193.0,27.5398,71.9153,Bhadla_Solar_Park
2023-03-06 10:00:00,27.4,30,999.5,0,9.9,526.0,605.5,167.0,359.0,27.5398,71.9153,Bhadla_Solar_Park
2023-03-06 11:00:00,29.9,23,998.9,0,10.7,688.0,684.4,190.0,498.0,27.5398,71.9153,Bhadla_Solar_Park
2023-03-06 12:00:00,31.0,19,997.9,19,5.5,790.0,726.2,202.0,588.0,27.5398,71.9153,Bhadla_Solar_Park
2023-03-06 13:00:00,31.5,17,996.5,27,3.8,808.0,704.4,221.0,587.0,27.5398,71.9153,Bhadla_Solar_Park
2023-03-06 14:00:00,32.0,16,995.1,24,7.2,761.0,685.0,215.0,546.0,27.5398,71.9153,Bhadla_Solar_Park
2023-03-06 15:00:00,32.1,15,994.0,34,7.5,647.0,642.7,195.0,452.0,27.5398,71.9153,Bhadla_Solar_Park
2023-03-06 16:00:00,31.9,15,993.4,38,4.3,482.0,555.1,172.0,310.0,27.5398,71.9153,Bhadla_Solar_Park
2023-03-06 17:00:00,31.9,15,992.9,14,1.1,277.0,402.8,127.0,150.0,27.5398,71.9153,Bhadla_Solar_Park
2023-03-06 18:00:00,31.0,17,993.1,11,4.6,89.0,195.5,58.0,31.0,27.5398,71.9153,Bhadla_Solar_Park
2023-03-06 19:00:00,29.1,18,993.7,5,9.4,2.0,0.0,2.0,0.0,27.5398,71.9153,Bhadla_Solar_Park
2023-03-06 20:00:00,27.2,20,994.1,11,8.4,0.0,0.0,0.0,0.0,27.5398,71.9153,Bhadla_Solar_Park
2023-03-06 21:00:00,27.4,20,994.7,0,5.3,0.0,0.0,0.0,0.0,27.5398,71.9153,Bhadla_Solar_Park
2023-03-06 22:00:00,24.8,24,995.2,9,8.8,0.0,0.0,0.0,0.0,27.5398,71.9153,Bhadla_Solar_Park
2023-03-06 23:00:00,24.1,24,995.0,37,13.5,0.0,0.0,0.0,0.0,27.5398,71.9153,Bhadla_Solar_Park
2023-03-07 00:00:00,24.4,24,995.0,65,2.5,0.0,0.0,0.0,0.0,27.5398,71.9153,Bhadla_Solar_Park
2023-03-07 01:00:00,21.9,30,995.0,56,11.9,0.0,0.0,0.0,0.0,27.5398,71.9153,Bhadla_Solar_Park
2023-03-07 02:00:00,21.0,31,994.4,19,10.8,0.0,0.0,0.0,0.0,27.5398,71.9153,Bhadla_Solar_Park
2023-03-07 03:00:00,21.0,32,994.3,18,15.3,0.0,0.0,0.0,0.0,27.5398,71.9153,Bhadla_Solar_Park
2023-03-07 04:00:00,20.5,34,994.3,1,14.7,0.0,0.0,0.0,0.0,27.5398,71.9153,Bhadla_Solar_Park
2023-03-07 05:00:00,20.3,36,993.9,22,15.0,0.0,0.0,0.0,0.0,27.5398,71.9153,Bhadla_Solar_Park
2023-03-07 06:00:00,20.4,38,994.4,2,14.9,0.0,0.0,0.0,0.0,27.5398,71.9153,Bhadla_Solar_Park
2023-03-07 07:00:00,20.7,39,995.2,0,17.9,8.0,14.0,7.0,1.0,27.5398,71.9153,Bhadla_Solar_Park
2023-03-07 08:00:00,22.6,40,996.1,0,15.4,127.0,248.9,75.0,52.0,27.5398,71.9153,Bhadla_Solar_Park
2023-03-07 09:00:00,25.0,42,997.0,0,17.6,331.0,475.2,132.0,199.0,27.5398,71.9153,Bhadla_Solar_Park
2023-03-07 10:00:00,27.6,37,997.3,3,17.4,529.0,606.3,167.0,362.0,27.5398,71.9153,Bhadla_Solar_Park
2023-03-07 11:00:00,29.8,29,997.3,25,15.8,678.0,656.0,198.0,480.0,27.5398,71.9153,Bhadla_Solar_Park
2023-03-07 12:00:00,31.2,24,996.5,27,12.7,738.0,629.3,226.0,512.0,27.5398,71.9153,Bhadla_Solar_Park
2023-03-07 13:00:00,30.9,21,995.7,80,14.0,765.0,624.8,242.0,523.0,27.5398,71.9153,Bhadla_Solar_Park
2023-03-07 14:00:00,31.8,18,994.9,82,9.7,744.0,639.6,232.0,512.0,27.5398,71.9153,Bhadla_Solar_Park
2023-03-07 15:00:00,32.0,17,994.0,46,14.7,491.0,311.4,271.0,220.0,27.5398,71.9153,Bhadla_Solar_Park
2023-03-07 16:00:00,31.6,16,993.6,54,10.5,466.0,472.1,201.0,265.0,27.5398,71.9153,Bhadla_Solar_Park
2023-03-07 17:00:00,27.9,30,993.6,28,33.8,246.0,296.0,135.0,111.0,27.5398,71.9153,Bhadla_Solar_Park
2023-03-07 18:00:00,28.3,23,994.9,90,6.2,66.0,93.6,51.0,15.0,27.5398,71.9153,Bhadla_Solar_Park
2023-03-07 19:00:00,26.6,30,996.3,73,3.9,1.0,0.0,1.0,0.0,27.5398,71.9153,Bhadla_Solar_Park
2023-03-07 20:00:00,24.2,42,997.4,65,12.8,0.0,0.0,0.0,0.0,27.5398,71.9153,Bhadla_Solar_Park
2023-03-07 21:00:00,24.0,42,997.1,68,10.4,0.0,0.0,0.0,0.0,27.5398,71.9153,Bhadla_Solar_Park
2023-03-07 22:00:00,22.7,45,996.9,16,6.4,0.0,0.0,0.0,0.0,27.5398,71.9153,Bhadla_Solar_Park
2023-03-07 23:00:00,21.9,46,996.5,13,9.4,0.0,0.0,0.0,0.0,27.5398,71.9153,Bhadla_Solar_Park
2023-03-08 00:00:00,21.0,47,996.2,0,10.1,0.0,0.0,0.0,0.0,27.5398,71.9153,Bhadla_Solar_Park
2023-03-08 01:00:00,20.4,47,995.5,0,10.7,0.0,0.0,0.0,0.0,27.5398,71.9153,Bhadla_Solar_Park
2023-03-08 02:00:00,18.9,53,995.0,0,7.7,0.0,0.0,0.0,0.0,27.5398,71.9153,Bhadla_Solar_Park
2023-03-08 03:00:00,18.3,57,994.9,0,9.1,0.0,0.0,0.0,0.0,27.5398,71.9153,Bhadla_Solar_Park
2023-03-08 04:00:00,17.3,66,995.1,0,7.2,0.0,0.0,0.0,0.0,27.5398,71.9153,Bhadla_Solar_Park
2023-03-08 05:00:00,17.8,71,995.8,0,11.2,0.0,0.0,0.0,0.0,27.5398,71.9153,Bhadla_Solar_Park
2023-03-08 06:00:00,17.5,72,996.3,0,10.0,0.0,0.0,0.0,0.0,27.5398,71.9153,Bhadla_Solar_Park
2023-03-08 07:00:00,17.5,71,997.1,0,9.6,9.0,13.6,8.0,1.0,27.5398,71.9153,Bhadla_Solar_Park
2023-03-08 08:00:00,19.6,62,998.2,0,6.9,129.0,244.0,77.0,52.0,27.5398,71.9153,Bhadla_Solar_Park
2023-03-08 09:00:00,23.1,50,999.3,0,7.1,332.0,468.1,134.0,198.0,27.5398,71.9153,Bhadla_Solar_Park
2023-03-08 10:00:00,25.9,40,999.6,0,8.7,533.0,605.4,169.0,364.0,27.5398,71.9153,Bhadla_Solar_Park
2023-03-08 11:00:00,27.5,34,999.3,0,5.7,694.0,682.2,192.0,502.0,27.5398,71.9153,Bhadla_Solar_Park
2023-03-08 12:00:00,28.8,29,998.4,0,5.1,796.0,724.2,204.0,592.0,27.5398,71.9153,Bhadla_Solar_Park
2023-03-08 13:00:00,29.8,25,997.3,1,4.9,827.0,737.5,207.0,620.0,27.5398,71.9153,Bhadla_Solar_Park
2023-03-08 14:00:00,30.7,22,996.2,2,6.4,781.0,717.8,204.0,577.0,27.5398,71.9153,Bhadla_Solar_Park
2023-03-08 15:00:00,31.2,19,995.5,2,9.8,657.0,659.6,189.0,468.0,27.5398,71.9153,Bhadla_Solar_Park
2023-03-08 16:00:00,31.3,17,995.2,2,14.3,481.0,549.5,171.0,310.0,27.5398,71.9153,Bhadla_Solar_Park
2023-03-08 17:00:00,30.7,18,995.1,12,13.6,275.0,392.0,127.0,148.0,27.5398,71.9153,Bhadla_Solar_Park
2023-03-08 18:00:00,29.8,19,995.5,1,11.4,91.0,196.9,59.0,32.0,27.5398,71.9153,Bhadla_Solar_Park
2023-03-08 19:00:00,28.0,22,995.9,2,9.8,2.0,0.0,2.0,0.0,27.5398,71.9153,Bhadla_Solar_Park
2023-03-08 20:00:00,26.9,24,996.5,0,13.7,0.0,0.0,0.0,0.0,27.5398,71.9153,Bhadla_Solar_Park
2023-03-08 21:00:00,26.0,26,996.9,0,14.0,0.0,0.0,0.0,0.0,27.5398,71.9153,Bhadla_Solar_Park
2023-03-08 22:00:00,24.5,29,997.0,0,11.7,0.0,0.0,0.0,0.0,27.5398,71.9153,Bhadla_Solar_Park
2023-03-08 23:00:00,23.2,31,997.2,0,12.1,0.0,0.0,0.0,0.0,27.5398,71.9153,Bhadla_Solar_Park
2023-03-09 00:00:00,22.2,34,997.1,0,10.7,0.0,0.0,0.0,0.0,27.5398,71.9153,Bhadla_Solar_Park
2023-03-09 01:00:00,21.0,37,996.6,0,9.7,0.0,0.0,0.0,0.0,27.5398,71.9153,Bhadla_Solar_Park
2023-03-09 02:00:00,20.1,39,995.8,0,10.2,0.0,0.0,0.0,0.0,27.5398,71.9153,Bhadla_Solar_Park
2023-03-09 03:00:00,18.6,45,995.3,0,7.7,0.0,0.0,0.0,0.0,27.5398,71.9153,Bhadla_Solar_Park
2023-03-09 04:00:00,17.9,48,995.3,0,6.2,0.0,0.0,0.0,0.0,27.5398,71.9153,Bhadla_Solar_Park
2023-03-09 05:00:00,18.5,54,995.7,0,11.4,0.0,0.0,0.0,0.0,27.5398,71.9153,Bhadla_Solar_Park
2023-03-09 06:00:00,18.3,56,996.4,0,12.4,0.0,0.0,0.0,0.0,27.5398,71.9153,Bhadla_Solar_Park
2023-03-09 07:00:00,18.5,56,996.9,0,12.3,10.0,13.2,9.0,1.0,27.5398,71.9153,Bhadla_Solar_Park
2023-03-09 08:00:00,21.0,48,997.9,0,7.3,135.0,257.6,79.0,56.0,27.5398,71.9153,Bhadla_Solar_Park
2023-03-09 09:00:00,24.3,40,998.9,0,3.3,343.0,484.5,136.0,207.0,27.5398,71.9153,Bhadla_Solar_Park
2023-03-09 10:00:00,27.4,32,999.2,0,4.6,548.0,622.6,171.0,377.0,27.5398,71.9153,Bhadla_Solar_Park
2023-03-09 11:00:00,29.7,22,998.7,0,2.9,712.0,700.1,194.0,518.0,27.5398,71.9153,Bhadla_Solar_Park
2023-03-09 12:00:00,30.7,17,998.3,0,4.2,815.0,741.4,206.0,609.0,27.5398,71.9153,Bhadla_Solar_Park
2023-03-09 13:00:00,31.4,15,997.2,0,6.9,848.0,755.6,210.0,638.0,27.5398,71.9153,Bhadla_Solar_Park
2023-03-09 14:00:00,32.0,13,996.2,0,8.7,804.0,742.0,205.0,599.0,27.5398,71.9153,Bhadla_Solar_Park
2023-03-09 15:00:00,32.6,11,995.3,0,12.8,687.0,698.8,189.0,498.0,27.5398,71.9153,Bhadla_Solar_Park
2023-03-09 16:00:00,32.4,11,995.0,0,18.2,512.0,612.1,165.0,347.0,27.5398,71.9153,Bhadla_Solar_Park
2023-03-09 17:00:00,31.9,11,995.3,0,14.5,299.0,455.2,126.0,173.0,27.5398,71.9153,Bhadla_Solar_Park
2023-03-09 18:00:00,30.7,12,995.8,0,15.0,96.0,212.3,61.0,35.0,27.5398,71.9153,Bhadla_Solar_Park
2023-03-09 19:00:00,28.8,14,996.1,0,17.2,2.0,0.0,2.0,0.0,27.5398,71.9153,Bhadla_Solar_Park
2023-03-09 20:00:00,27.5,15,996.4,0,15.3,0.0,0.0,0.0,0.0,27.5398,71.9153,Bhadla_Solar_Park
2023-03-09 21:00:00,26.2,16,997.1,0,15.1,0.0,0.0,0.0,0.0,27.5398,71.9153,Bhadla_Solar_Park
2023-03-09 22:00:00,25.4,17,997.3,0,15.5,0.0,0.0,0.0,0.0,27.5398,71.9153,Bhadla_Solar_Park
2023-03-09 23:00:00,24.4,18,997.2,0,15.9,0.0,0.0,0.0,0.0,27.5398,71.9153,Bhadla_Solar_Park
2023-03-10 00:00:00,22.8,21,996.7,0,15.9,0.0,0.0,0.0,0.0,27.5398,71.9153,Bhadla_Solar_Park
2023-03-10 01:00:00,22.2,27,996.2,0,15.2,0.0,0.0,0.0,0.0,27.5398,71.9153,Bhadla_Solar_Park
2023-03-10 02:00:00,21.6,32,995.9,0,15.7,0.0,0.0,0.0,0.0,27.5398,71.9153,Bhadla_Solar_Park
2023-03-10 03:00:00,21.0,34,995.6,0,14.8,0.0,0.0,0.0,0.0,27.5398,71.9153,Bhadla_Solar_Park
2023-03-10 04:00:00,20.1,36,995.4,0,14.0,0.0,0.0,0.0,0.0,27.5398,71.9153,Bhadla_Solar_Park
2023-03-10 05:00:00,19.8,41,995.6,0,15.6,0.0,0.0,0.0,0.0,27.5398,71.9153,Bhadla_Solar_Park
2023-03-10 06:00:00,19.6,40,996.2,0,17.4,0.0,0.0,0.0,0.0,27.5398,71.9153,Bhadla_Solar_Park
2023-03-10 07:00:00,19.7,40,996.8,0,17.4,11.0,12.8,10.0,1.0,27.5398,71.9153,Bhadla_Solar_Park
2023-03-10 08:00:00,21.7,37,997.5,0,14.5,139.0,261.7,81.0,58.0,27.5398,71.9153,Bhadla_Solar_Park
2023-03-10 09:00:00,24.8,31,998.3,0,12.2,349.0,491.3,137.0,212.0,27.5398,71.9153,Bhadla_Solar_Park
2023-03-10 10:00:00,28.7,23,998.7,0,13.9,554.0,626.5,172.0,382.0,27.5398,71.9153,Bhadla_Solar_Park
2023-03-10 11:00:00,31.0,16,998.3,0,12.1,718.0,703.0,195.0,523.0,27.5398,71.9153,Bhadla_Solar_Park
2023-03-10 12:00:00,31.9,14,997.5,0,6.2,820.0,741.6,208.0,612.0,27.5398,71.9153,Bhadla_Solar_Park
2023-03-10 13:00:00,32.5,13,996.2,0,2.1,849.0,753.6,210.0,639.0,27.5398,71.9153,Bhadla_Solar_Park
2023-03-10 14:00:00,33.1,12,995.5,0,3.1,803.0,739.0,204.0,599.0,27.5398,71.9153,Bhadla_Solar_Park
2023-03-10 15:00:00,33.4,12,994.4,0,5.6,685.0,693.1,189.0,496.0,27.5398,71.9153,Bhadla_Solar_Park
2023-03-10 16:00:00,33.4,12,994.0,0,7.0,510.0,607.4,164.0,346.0,27.5398,71.9153,Bhadla_Solar_Park
2023-03-10 17:00:00,33.0,13,993.7,0,4.5,298.0,452.2,125.0,173.0,27.5398,71.9153,Bhadla_Solar_Park
2023-03-10 18:00:00,32.5,14,994.2,0,0.8,96.0,209.4,61.0,35.0,27.5398,71.9153,Bhadla_Solar_Park
2023-03-10 19:00:00,29.7,17,994.5,0,7.0,2.0,0.0,2.0,0.0,27.5398,71.9153,Bhadla_Solar_Park
2023-03-10 20:00:00,28.9,18,995.0,0,12.4,0.0,0.0,0.0,0.0,27.5398,71.9153,Bhadla_Solar_Park
2023-03-10 21:00:00,27.3,20,995.5,0,9.9,0.0,0.0,0.0,0.0,27.5398,71.9153,Bhadla_Solar_Park
2023-03-10 22:00:00,25.6,22,995.6,0,9.4,0.0,0.0,0.0,0.0,27.5398,71.9153,Bhadla_Solar_Park
2023-03-10 23:00:00,24.3,25,995.4,0,12.3,0.0,0.0,0.0,0.0,27.5398,71.9153,Bhadla_Solar_Park
2023-03-11 00:00:00,23.6,28,995.0,0,13.0,0.0,0.0,0.0,0.0,27.5398,71.9153,Bhadla_Solar_Park
2023-03-11 01:00:00,23.5,27,994.5,0,15.1,0.0,0.0,0.0,0.0,27.5398,71.9153,Bhadla_Solar_Park
2023-03-11 02:00:00,23.3,27,993.9,0,15.6,0.0,0.0,0.0,0.0,27.5398,71.9153,Bhadla_Solar_Park
2023-03-11 03:00:00,22.0,28,993.6,0,14.9,0.0,0.0,0.0,0.0,27.5398,71.9153,Bhadla_Solar_Park
2023-03-11 04:00:00,21.2,30,993.5,0,14.8,0.0,0.0,0.0,0.0,27.5398,71.9153,Bhadla_Solar_Park
2023-03-11 05:00:00,20.6,29,993.9,0,14.7,0.0,0.0,0.0,0.0,27.5398,71.9153,Bhadla_Solar_Park
2023-03-11 06:00:00,20.3,30,994.5,0,15.6,0.0,0.0,0.0,0.0,27.5398,71.9153,Bhadla_Solar_Park
2023-03-11 07:00:00,20.3,29,995.3,0,15.1,12.0,25.0,10.0,2.0,27.5398,71.9153,Bhadla_Solar_Park
2023-03-11 08:00:00,22.5,26,996.3,0,14.8,143.0,270.0,82.0,61.0,27.5398,71.9153,Bhadla_Solar_Park
2023-03-11 09:00:00,25.9,22,997.2,0,13.7,353.0,493.3,138.0,215.0,27.5398,71.9153,Bhadla_Solar_Park
2023-03-11 10:00:00,29.8,18,997.3,0,18.0,558.0,627.1,173.0,385.0,27.5398,71.9153,Bhadla_Solar_Park
2023-03-11 11:00:00,32.4,14,997.0,0,20.6,720.0,703.2,194.0,526.0,27.5398,71.9153,Bhadla_Solar_Park
2023-03-11 12:00:00,33.7,12,996.3,0,17.7,821.0,740.6,207.0,614.0,27.5398,71.9153,Bhadla_Solar_Park
2023-03-11 13:00:00,34.3,11,995.2,0,11.8,850.0,751.6,210.0,640.0,27.5398,71.9153,Bhadla_Solar_Park
2023-03-11 14:00:00,34.5,11,994.0,0,8.8,804.0,736.0,205.0,599.0,27.5398,71.9153,Bhadla_Solar_Park
2023-03-11 15:00:00,34.6,11,993.3,0,8.4,687.0,691.6,190.0,497.0,27.5398,71.9153,Bhadla_Solar_Park
2023-03-11 16:00:00,34.3,11,993.0,0,7.2,511.0,606.2,164.0,347.0,27.5398,71.9153,Bhadla_Solar_Park
2023-03-11 17:00:00,34.0,11,992.9,0,5.1,300.0,451.9,126.0,174.0,27.5398,71.9153,Bhadla_Solar_Park
2023-03-11 18:00:00,32.7,14,993.1,0,3.2,98.0,212.5,62.0,36.0,27.5398,71.9153,Bhadla_Solar_Park
2023-03-11 19:00:00,32.8,12,993.6,0,2.3,3.0,0.0,3.0,0.0,27.5398,71.9153,Bhadla_Solar_Park
2023-03-11 20:00:00,28.8,17,994.0,0,8.5,0.0,0.0,0.0,0.0,27.5398,71.9153,Bhadla_Solar_Park
2023-03-11 21:00:00,27.9,16,994.4,3,11.6,0.0,0.0,0.0,0.0,27.5398,71.9153,Bhadla_Solar_Park
2023-03-11 22:00:00,26.4,17,994.4,0,11.7,0.0,0.0,0.0,0.0,27.5398,71.9153,Bhadla_Solar_Park
2023-03-11 23:00:00,25.6,18,994.2,95,14.0,0.0,0.0,0.0,0.0,27.5398,71.9153,Bhadla_Solar_Park
2023-03-12 00:00:00,25.0,20,993.8,100,13.5,0.0,0.0,0.0,0.0,27.5398,71.9153,Bhadla_Solar_Park
2023-03-12 01:00:00,24.5,21,993.6,99,15.4,0.0,0.0,0.0,0.0,27.5398,71.9153,Bhadla_Solar_Park
2023-03-12 02:00:00,23.4,23,993.2,94,13.4,0.0,0.0,0.0,0.0,27.5398,71.9153,Bhadla_Solar_Park
2023-03-12 03:00:00,23.2,25,992.8,100,14.3,0.0,0.0,0.0,0.0,27.5398,71.9153,Bhadla_Solar_Park
2023-03-12 04:00:00,22.0,27,992.7,100,9.7,0.0,0.0,0.0,0.0,27.5398,71.9153,Bhadla_Solar_Park
2023-03-12 05:00:00,21.3,31,993.8,100,9.3,0.0,0.0,0.0,0.0,27.5398,71.9153,Bhadla_Solar_Park
2023-03-12 06:00:00,21.2,31,994.5,100,13.9,0.0,0.0,0.0,0.0,27.5398,71.9153,Bhadla_Solar_Park
2023-03-12 07:00:00,21.6,31,995.0,100,15.1,12.0,0.0,12.0,0.0,27.5398,71.9153,Bhadla_Solar_Park
2023-03-12 08:00:00,24.2,27,995.7,100,15.2,120.0,86.9,100.0,20.0,27.5398,71.9153,Bhadla_Solar_Park
2023-03-12 09:00:00,27.4,22,996.4,100,13.0,296.0,222.7,198.0,98.0,27.5398,71.9153,Bhadla_Solar_Park
2023-03-12 10:00:00,30.6,18,996.5,96,15.3,467.0,325.2,266.0,201.0,27.5398,71.9153,Bhadla_Solar_Park
2023-03-12 11:00:00,33.2,14,996.2,97,13.0,700.0,622.3,232.0,468.0,27.5398,71.9153,Bhadla_Solar_Park
2023-03-12 12:00:00,34.6,13,995.4,100,13.5,815.0,707.2,226.0,589.0,27.5398,71.9153,Bhadla_Solar_Park
2023-03-12 13:00:00,35.2,12,994.3,100,11.4,843.0,722.8,225.0,618.0,27.5398,71.9153,Bhadla_Solar_Park
2023-03-12 14:00:00,35.3,11,993.6,100,11.6,737.0,517.7,314.0,423.0,27.5398,71.9153,Bhadla_Solar_Park
2023-03-12 15:00:00,35.1,11,992.8,100,11.5,567.0,314.6,340.0,227.0,27.5398,71.9153,Bhadla_Solar_Park
2023-03-12 16:00:00,34.4,12,992.4,100,11.5,248.0,29.6,231.0,17.0,27.5398,71.9153,Bhadla_Solar_Park
2023-03-12 17:00:00,33.9,13,992.9,100,13.4,167.0,31.0,155.0,12.0,27.5398,71.9153,Bhadla_Solar_Park
2023-03-12 18:00:00,32.9,13,992.9,100,10.7,86.0,87.4,71.0,15.0,27.5398,71.9153,Bhadla_Solar_Park
2023-03-12 19:00:00,31.0,15,993.1,100,7.9,3.0,0.0,3.0,0.0,27.5398,71.9153,Bhadla_Solar_Park
2023-03-12 20:00:00,30.0,16,993.3,100,10.0,0.0,0.0,0.0,0.0,27.5398,71.9153,Bhadla_Solar_Park
2023-03-12 21:00:00,28.5,18,994.0,98,11.8,0.0,0.0,0.0,0.0,27.5398,71.9153,Bhadla_Solar_Park
2023-03-12 22:00:00,26.6,21,994.5,100,6.9,0.0,0.0,0.0,0.0,27.5398,71.9153,Bhadla_Solar_Park
2023-03-12 23:00:00,26.2,20,994.4,100,10.0,0.0,0.0,0.0,0.0,27.5398,71.9153,Bhadla_Solar_Park
2023-03-13 00:00:00,26.4,20,994.2,100,6.2,0.0,0.0,0.0,0.0,27.5398,71.9153,Bhadla_Solar_Park
2023-03-13 01:00:00,27.2,19,993.7,100,4.9,0.0,0.0,0.0,0.0,27.5398,71.9153,Bhadla_Solar_Park
2023-03-13 02:00:00,25.2,21,993.1,96,5.9,0.0,0.0,0.0,0.0,27.5398,71.9153,Bhadla_Solar_Park
2023-03-13 03:00:00,24.4,22,992.6,100,6.2,0.0,0.0,0.0,0.0,27.5398,71.9153,Bhadla_Solar_Park
2023-03-13 04:00:00,22.8,24,992.6,100,11.8,0.0,0.0,0.0,0.0,27.5398,71.9153,Bhadla_Solar_Park
2023-03-13 05:00:00,22.0,31,993.3,100,6.6,0.0,0.0,0.0,0.0,27.5398,71.9153,Bhadla_Solar_Park
2023-03-13 06:00:00,20.3,35,993.9,100,8.8,0.0,0.0,0.0,0.0,27.5398,71.9153,Bhadla_Solar_Park
2023-03-13 07:00:00,21.1,33,994.3,100,10.7,9.0,0.0,9.0,0.0,27.5398,71.9153,Bhadla_Solar_Park
2023-03-13 08:00:00,22.7,31,994.8,86,7.4,91.0,34.1,83.0,8.0,27.5398,71.9153,Bhadla_Solar_Park
2023-03-13 09:00:00,26.8,25,995.5,90,5.6,307.0,272.3,186.0,121.0,27.5398,71.9153,Bhadla_Solar_Park
2023-03-13 10:00:00,30.1,21,995.8,23,5.6,489.0,395.4,243.0,246.0,27.5398,71.9153,Bhadla_Solar_Park
2023-03-13 11:00:00,32.9,16,995.5,69,5.8,712.0,644.2,225.0,487.0,27.5398,71.9153,Bhadla_Solar_Park
2023-03-13 12:00:00,34.1,14,994.8,100,5.8,775.0,607.2,267.0,508.0,27.5398,71.9153,Bhadla_Solar_Park
2023-03-13 13:00:00,34.7,13,993.7,93,3.2,814.0,630.1,273.0,541.0,27.5398,71.9153,Bhadla_Solar_Park
2023-03-13 14:00:00,35.2,12,992.8,58,5.0,770.0,621.7,260.0,510.0,27.5398,71.9153,Bhadla_Solar_Park
2023-03-13 15:00:00,35.3,12,991.7,4,7.4,672.0,636.3,211.0,461.0,27.5398,71.9153,Bhadla_Solar_Park
2023-03-13 16:00:00,35.3,11,991.2,3,10.2,513.0,609.3,161.0,352.0,27.5398,71.9153,Bhadla_Solar_Park
2023-03-13 17:00:00,34.8,14,990.7,7,1.5,291.0,425.8,125.0,166.0,27.5398,71.9153,Bhadla_Solar_Park
2023-03-13 18:00:00,34.2,14,991.0,100,4.8,95.0,184.0,63.0,32.0,27.5398,71.9153,Bhadla_Solar_Park
2023-03-13 19:00:00,32.4,16,991.2,93,6.2,3.0,0.0,3.0,0.0,27.5398,71.9153,Bhadla_Solar_Park
2023-03-13 20:00:00,31.2,17,991.8,100,9.4,0.0,0.0,0.0,0.0,27.5398,71.9153,Bhadla_Solar_Park
2023-03-13 21:00:00,29.4,19,992.3,95,8.9,0.0,0.0,0.0,0.0,27.5398,71.9153,Bhadla_Solar_Park
2023-03-13 22:00:00,28.7,20,992.8,0,10.0,0.0,0.0,0.0,0.0,27.5398,71.9153,Bhadla_Solar_Park
2023-03-13 23:00:00,27.2,27,992.8,0,17.6,0.0,0.0,0.0,0.0,27.5398,71.9153,Bhadla_Solar_Park
2023-03-14 00:00:00,26.1,29,992.4,0,19.7,0.0,0.0,0.0,0.0,27.5398,71.9153,Bhadla_Solar_Park
2023-03-14 01:00:00,25.4,31,992.4,0,19.1,0.0,0.0,0.0,0.0,27.5398,71.9153,Bhadla_Solar_Park
2023-03-14 02:00:00,24.6,33,992.0,0,17.4,0.0,0.0,0.0,0.0,27.5398,71.9153,Bhadla_Solar_Park
2023-03-14 03:00:00,23.8,32,991.8,0,16.3,0.0,0.0,0.0,0.0,27.5398,71.9153,Bhadla_Solar_Park
2023-03-14 04:00:00,23.2,32,991.3,0,13.0,0.0,0.0,0.0,0.0,27.5398,71.9153,Bhadla_Solar_Park
2023-03-14 05:00:00,21.3,39,991.4,0,9.0,0.0,0.0,0.0,0.0,27.5398,71.9153,Bhadla_Solar_Park
2023-03-14 06:00:00,20.5,42,991.6,0,8.6,0.0,0.0,0.0,0.0,27.5398,71.9153,Bhadla_Solar_Park
2023-03-14 07:00:00,21.0,41,992.3,0,10.2,15.0,23.1,13.0,2.0,27.5398,71.9153,Bhadla_Solar_Park
2023-03-14 08:00:00,23.8,34,992.8,0,9.8,152.0,276.4,86.0,66.0,27.5398,71.9153,Bhadla_Solar_Park
2023-03-14 09:00:00,27.8,27,993.3,0,11.2,363.0,497.1,140.0,223.0,27.5398,71.9153,Bhadla_Solar_Park
2023-03-14 10:00:00,31.3,22,993.4,0,12.0,567.0,627.4,174.0,393.0,27.5398,71.9153,Bhadla_Solar_Park
2023-03-14 11:00:00,33.5,17,993.2,2,10.7,728.0,701.4,195.0,533.0,27.5398,71.9153,Bhadla_Solar_Park
2023-03-14 12:00:00,34.4,14,992.1,12,1.8,818.0,725.9,208.0,610.0,27.5398,71.9153,Bhadla_Solar_Park
2023-03-14 13:00:00,34.9,12,991.0,12,3.3,802.0,653.1,239.0,563.0,27.5398,71.9153,Bhadla_Solar_Park
2023-03-14 14:00:00,35.5,12,989.6,11,4.2,788.0,675.2,232.0,556.0,27.5398,71.9153,Bhadla_Solar_Park
2023-03-14 15:00:00,35.4,11,988.8,6,2.5,669.0,629.7,211.0,458.0,27.5398,71.9153,Bhadla_Solar_Park
2023-03-14 16:00:00,35.5,11,988.2,12,6.6,499.0,565.2,171.0,328.0,27.5398,71.9153,Bhadla_Solar_Park
2023-03-14 17:00:00,34.7,13,988.3,65,13.8,242.0,272.8,135.0,107.0,27.5398,71.9153,Bhadla_Solar_Park
2023-03-14 18:00:00,34.0,13,988.4,0,15.0,82.0,124.9,60.0,22.0,27.5398,71.9153,Bhadla_Solar_Park
2023-03-14 19:00:00,32.0,14,988.6,47,14.8,3.0,0.0,3.0,0.0,27.5398,71.9153,Bhadla_Solar_Park
2023-03-14 20:00:00,30.4,16,988.8,100,17.0,0.0,0.0,0.0,0.0,27.5398,71.9153,Bhadla_Solar_Park
2023-03-14 21:00:00,29.0,17,989.1,100,11.1,0.0,0.0,0.0,0.0,27.5398,71.9153,Bhadla_Solar_Park
2023-03-14 22:00:00,27.0,20,989.0,100,9.6,0.0,0.0,0.0,0.0,27.5398,71.9153,Bhadla_Solar_Park
2023-03-14 23:00:00,25.8,22,989.0,100,9.7,0.0,0.0,0.0,0.0,27.5398,71.9153,Bhadla_Solar_Park
2023-03-15 00:00:00,24.9,24,988.7,99,9.7,0.0,0.0,0.0,0.0,27.5398,71.9153,Bhadla_Solar_Park
2023-03-15 01:00:00,24.8,24,988.5,100,12.7,0.0,0.0,0.0,0.0,27.5398,71.9153,Bhadla_Solar_Park
2023-03-15 02:00:00,24.3,25,988.2,100,15.3,0.0,0.0,0.0,0.0,27.5398,71.9153,Bhadla_Solar_Park
2023-03-15 03:00:00,23.7,27,988.0,100,14.0,0.0,0.0,0.0,0.0,27.5398,71.9153,Bhadla_Solar_Park
2023-03-15 04:00:00,23.3,28,988.1,100,14.9,0.0,0.0,0.0,0.0,27.5398,71.9153,Bhadla_Solar_Park
2023-03-15 05:00:00,23.4,33,988.2,100,18.2,0.0,0.0,0.0,0.0,27.5398,71.9153,Bhadla_Solar_Park
2023-03-15 06:00:00,22.9,34,988.3,100,18.4,0.0,0.0,0.0,0.0,27.5398,71.9153,Bhadla_Solar_Park
2023-03-15 07:00:00,23.0,34,989.1,99,17.7,15.0,11.3,14.0,1.0,27.5398,71.9153,Bhadla_Solar_Park
2023-03-15 08:00:00,24.9,30,989.7,36,15.3,139.0,139.9,105.0,34.0,27.5398,71.9153,Bhadla_Solar_Park
2023-03-15 09:00:00,28.5,24,990.3,100,12.5,366.0,485.8,146.0,220.0,27.5398,71.9153,Bhadla_Solar_Park
2023-03-15 10:00:00,31.9,19,990.7,100,8.8,566.0,598.0,189.0,377.0,27.5398,71.9153,Bhadla_Solar_Park
2023-03-15 11:00:00,33.9,15,990.6,100,8.4,676.0,496.2,297.0,379.0,27.5398,71.9153,Bhadla_Solar_Park
2023-03-15 12:00:00,34.7,12,990.0,100,8.6,692.0,356.6,391.0,301.0,27.5398,71.9153,Bhadla_Solar_Park
2023-03-15 13:00:00,34.9,12,989.0,100,9.0,597.0,202.2,422.0,175.0,27.5398,71.9153,Bhadla_Solar_Park
2023-03-15 14:00:00,35.1,11,988.1,100,8.7,509.0,137.9,395.0,114.0,27.5398,71.9153,Bhadla_Solar_Park
2023-03-15 15:00:00,35.0,12,987.6,100,13.8,454.0,127.4,361.0,93.0,27.5398,71.9153,Bhadla_Solar_Park
2023-03-15 16:00:00,34.5,13,987.2,100,14.4,337.0,127.0,263.0,74.0,27.5398,71.9153,Bhadla_Solar_Park
2023-03-15 17:00:00,33.6,14,987.6,100,9.9,170.0,32.9,157.0,13.0,27.5398,71.9153,Bhadla_Solar_Park
2023-03-15 18:00:00,32.3,16,988.2,100,17.4,51.0,0.0,51.0,0.0,27.5398,71.9153,Bhadla_Solar_Park
2023-03-15 19:00:00,30.3,21,988.5,100,21.7,2.0,0.0,2.0,0.0,27.5398,71.9153,Bhadla_Solar_Park
2023-03-15 20:00:00,29.8,22,989.1,100,23.9,0.0,0.0,0.0,0.0,27.5398,71.9153,Bhadla_Solar_Park
2023-03-15 21:00:00,29.2,22,989.3,100,18.3,0.0,0.0,0.0,0.0,27.5398,71.9153,Bhadla_Solar_Park
2023-03-15 22:00:00,28.3,24,989.3,100,16.5,0.0,0.0,0.0,0.0,27.5398,71.9153,Bhadla_Solar_Park
2023-03-15 23:00:00,27.7,24,989.6,100,18.3,0.0,0.0,0.0,0.0,27.5398,71.9153,Bhadla_Solar_Park
2023-03-16 00:00:00,27.0,28,989.3,100,18.5,0.0,0.0,0.0,0.0,27.5398,71.9153,Bhadla_Solar_Park
2023-03-16 01:00:00,26.9,30,989.0,100,19.5,0.0,0.0,0.0,0.0,27.5398,71.9153,Bhadla_Solar_Park
2023-03-16 02:00:00,26.6,30,988.5,100,18.6,0.0,0.0,0.0,0.0,27.5398,71.9153,Bhadla_Solar_Park
2023-03-16 03:00:00,26.0,31,988.3,100,13.1,0.0,0.0,0.0,0.0,27.5398,71.9153,Bhadla_Solar_Park
2023-03-16 04:00:00,25.4,32,988.5,87,14.6,0.0,0.0,0.0,0.0,27.5398,71.9153,Bhadla_Solar_Park
2023-03-16 05:00:00,24.2,39,989.7,99,17.3,0.0,0.0,0.0,0.0,27.5398,71.9153,Bhadla_Solar_Park
2023-03-16 06:00:00,23.4,43,990.6,100,18.1,0.0,0.0,0.0,0.0,27.5398,71.9153,Bhadla_Solar_Park
2023-03-16 07:00:00,23.6,41,991.0,94,18.1,9.0,11.0,8.0,1.0,27.5398,71.9153,Bhadla_Solar_Park
2023-03-16 08:00:00,24.9,39,991.9,79,12.4,91.0,76.8,72.0,19.0,27.5398,71.9153,Bhadla_Solar_Park
2023-03-16 09:00:00,27.6,30,992.5,25,8.4,202.0,120.3,147.0,55.0,27.5398,71.9153,Bhadla_Solar_Park
2023-03-16 10:00:00,29.5,24,992.8,69,18.5,389.0,234.8,240.0,149.0,27.5398,71.9153,Bhadla_Solar_Park
2023-03-16 11:00:00,30.5,22,992.4,39,11.7,662.0,547.1,242.0,420.0,27.5398,71.9153,Bhadla_Solar_Park
2023-03-16 12:00:00,31.9,20,991.4,33,12.2,766.0,595.8,261.0,505.0,27.5398,71.9153,Bhadla_Solar_Park
2023-03-16 13:00:00,32.7,19,990.2,61,17.1,738.0,566.4,246.0,492.0,27.5398,71.9153,Bhadla_Solar_Park
2023-03-16 14:00:00,33.1,19,988.8,61,15.9,649.0,461.7,266.0,383.0,27.5398,71.9153,Bhadla_Solar_Park
2023-03-16 15:00:00,32.0,21,988.3,87,25.1,483.0,349.3,227.0,256.0,27.5398,71.9153,Bhadla_Solar_Park
2023-03-16 16:00:00,31.1,21,988.0,91,22.3,310.0,201.6,192.0,118.0,27.5398,71.9153,Bhadla_Solar_Park
2023-03-16 17:00:00,29.8,25,988.6,94,26.8,229.0,204.1,148.0,81.0,27.5398,71.9153,Bhadla_Solar_Park
2023-03-16 18:00:00,29.8,23,988.9,83,10.5,93.0,144.1,67.0,26.0,27.5398,71.9153,Bhadla_Solar_Park
2023-03-16 19:00:00,28.3,25,989.1,77,11.0,4.0,0.0,4.0,0.0,27.5398,71.9153,Bhadla_Solar_Park
2023-03-16 20:00:00,27.3,28,989.8,87,19.5,0.0,0.0,0.0,0.0,27.5398,71.9153,Bhadla_Solar_Park
2023-03-16 21:00:00,26.5,31,990.6,36,18.8,0.0,0.0,0.0,0.0,27.5398,71.9153,Bhadla_Solar_Park
2023-03-16 22:00:00,25.8,33,990.8,32,18.7,0.0,0.0,0.0,0.0,27.5398,71.9153,Bhadla_Solar_Park
2023-03-16 23:00:00,25.1,35,990.7,32,16.8,0.0,0.0,0.0,0.0,27.5398,71.9153,Bhadla_Solar_Park
2023-03-17 00:00:00,24.8,35,990.4,17,17.1,0.0,0.0,0.0,0.0,27.5398,71.9153,Bhadla_Solar_Park
2023-03-17 01:00:00,23.3,43,990.6,52,25.5,0.0,0.0,0.0,0.0,27.5398,71.9153,Bhadla_Solar_Park
2023-03-17 02:00:00,23.4,41,990.3,60,10.1,0.0,0.0,0.0,0.0,27.5398,71.9153,Bhadla_Solar_Park
2023-03-17 03:00:00,22.0,49,991.0,91,15.9,0.0,0.0,0.0,0.0,27.5398,71.9153,Bhadla_Solar_Park
2023-03-17 04:00:00,21.1,54,990.3,58,21.6,0.0,0.0,0.0,0.0,27.5398,71.9153,Bhadla_Solar_Park
2023-03-17 05:00:00,19.0,79,992.2,99,8.4,0.0,0.0,0.0,0.0,27.5398,71.9153,Bhadla_Solar_Park
2023-03-17 06:00:00,19.0,79,992.8,100,19.7,0.0,0.0,0.0,0.0,27.5398,71.9153,Bhadla_Solar_Park
2023-03-17 07:00:00,19.3,75,993.7,100,11.5,11.0,0.0,11.0,0.0,27.5398,71.9153,Bhadla_Solar_Park
2023-03-17 08:00:00,19.7,75,994.1,100,16.8,74.0,11.9,71.0,3.0,27.5398,71.9153,Bhadla_Solar_Park
2023-03-17 09:00:00,20.4,71,995.2,100,15.7,179.0,69.4,147.0,32.0,27.5398,71.9153,Bhadla_Solar_Park
2023-03-17 10:00:00,21.9,64,994.8,58,16.9,276.0,48.6,245.0,31.0,27.5398,71.9153,Bhadla_Solar_Park
2023-03-17 11:00:00,24.2,53,994.3,35,19.5,564.0,291.6,339.0,225.0,27.5398,71.9153,Bhadla_Solar_Park
2023-03-17 12:00:00,25.9,47,993.2,14,19.9,793.0,633.2,254.0,539.0,27.5398,71.9153,Bhadla_Solar_Park
2023-03-17 13:00:00,27.0,43,992.0,0,18.0,830.0,691.5,227.0,603.0,27.5398,71.9153,Bhadla_Solar_Park
2023-03-17 14:00:00,27.4,42,990.9,0,16.8,792.0,701.4,208.0,584.0,27.5398,71.9153,Bhadla_Solar_Park
2023-03-17 15:00:00,27.3,43,990.0,24,15.1,680.0,666.0,190.0,490.0,27.5398,71.9153,Bhadla_Solar_Park
2023-03-17 16:00:00,26.8,44,989.6,28,15.5,476.0,503.5,180.0,296.0,27.5398,71.9153,Bhadla_Solar_Park
2023-03-17 17:00:00,26.8,42,990.5,24,13.7,269.0,338.1,134.0,135.0,27.5398,71.9153,Bhadla_Solar_Park
2023-03-17 18:00:00,25.6,44,990.5,9,13.5,97.0,180.7,64.0,33.0,27.5398,71.9153,Bhadla_Solar_Park
2023-03-17 19:00:00,24.4,52,990.8,10,9.8,4.0,0.0,4.0,0.0,27.5398,71.9153,Bhadla_Solar_Park
2023-03-17 20:00:00,23.2,56,991.7,5,14.3,0.0,0.0,0.0,0.0,27.5398,71.9153,Bhadla_Solar_Park
2023-03-17 21:00:00,22.3,56,992.5,3,15.8,0.0,0.0,0.0,0.0,27.5398,71.9153,Bhadla_Solar_Park
2023-03-17 22:00:00,21.6,60,992.9,1,15.7,0.0,0.0,0.0,0.0,27.5398,71.9153,Bhadla_Solar_Park
2023-03-17 23:00:00,20.7,64,992.8,0,16.3,0.0,0.0,0.0,0.0,27.5398,71.9153,Bhadla_Solar_Park
2023-03-18 00:00:00,19.9,69,992.5,1,17.1,0.0,0.0,0.0,0.0,27.5398,71.9153,Bhadla_Solar_Park
2023-03-18 01:00:00,19.2,75,992.0,62,16.0,0.0,0.0,0.0,0.0,27.5398,71.9153,Bhadla_Solar_Park
2023-03-18 02:00:00,18.5,79,991.5,0,13.8,0.0,0.0,0.0,0.0,27.5398,71.9153,Bhadla_Solar_Park
2023-03-18 03:00:00,18.0,82,991.2,0,13.3,0.0,0.0,0.0,0.0,27.5398,71.9153,Bhadla_Solar_Park
2023-03-18 04:00:00,17.5,85,991.1,3,11.8,0.0,0.0,0.0,0.0,27.5398,71.9153,Bhadla_Solar_Park
2023-03-18 05:00:00,16.9,88,991.3,40,9.4,0.0,0.0,0.0,0.0,27.5398,71.9153,Bhadla_Solar_Park
2023-03-18 06:00:00,16.4,91,991.8,6,9.1,0.0,0.0,0.0,0.0,27.5398,71.9153,Bhadla_Solar_Park
2023-03-18 07:00:00,16.6,89,992.5,27,8.2,19.0,31.5,16.0,3.0,27.5398,71.9153,Bhadla_Solar_Park
2023-03-18 08:00:00,18.5,81,993.2,43,7.3,160.0,269.8,91.0,69.0,27.5398,71.9153,Bhadla_Solar_Park
2023-03-18 09:00:00,20.9,70,993.9,2,9.9,366.0,470.7,147.0,219.0,27.5398,71.9153,Bhadla_Solar_Park
2023-03-18 10:00:00,23.0,58,994.2,10,14.3,566.0,600.8,180.0,386.0,27.5398,71.9153,Bhadla_Solar_Park
2023-03-18 11:00:00,24.5,50,993.7,6,14.5,723.0,672.0,202.0,521.0,27.5398,71.9153,Bhadla_Solar_Park
2023-03-18 12:00:00,25.7,45,993.0,0,14.1,821.0,709.0,215.0,606.0,27.5398,71.9153,Bhadla_Solar_Park
2023-03-18 13:00:00,26.7,41,991.8,0,14.5,846.0,719.8,216.0,630.0,27.5398,71.9153,Bhadla_Solar_Park
2023-03-18 14:00:00,27.3,38,990.4,0,15.1,799.0,706.1,209.0,590.0,27.5398,71.9153,Bhadla_Solar_Park
2023-03-18 15:00:00,27.7,37,989.3,9,15.0,685.0,666.3,193.0,492.0,27.5398,71.9153,Bhadla_Solar_Park
2023-03-18 16:00:00,27.7,36,988.3,44,15.4,506.0,567.5,171.0,335.0,27.5398,71.9153,Bhadla_Solar_Park
2023-03-18 17:00:00,27.6,34,988.4,15,14.2,297.0,403.5,135.0,162.0,27.5398,71.9153,Bhadla_Solar_Park
2023-03-18 18:00:00,26.9,36,988.4,63,15.9,92.0,140.7,66.0,26.0,27.5398,71.9153,Bhadla_Solar_Park
2023-03-18 19:00:00,25.4,43,988.8,46,8.3,4.0,0.0,4.0,0.0,27.5398,71.9153,Bhadla_Solar_Park
2023-03-18 20:00:00,24.1,47,989.6,44,9.7,0.0,0.0,0.0,0.0,27.5398,71.9153,Bhadla_Solar_Park
2023-03-18 21:00:00,23.5,46,990.7,5,15.2,0.0,0.0,0.0,0.0,27.5398,71.9153,Bhadla_Solar_Park
2023-03-18 22:00:00,23.0,48,991.3,5,16.2,0.0,0.0,0.0,0.0,27.5398,71.9153,Bhadla_Solar_Park
2023-03-18 23:00:00,22.2,51,991.3,13,15.3,0.0,0.0,0.0,0.0,27.5398,71.9153,Bhadla_Solar_Park
2023-03-19 00:00:00,21.4,55,990.8,77,15.4,0.0,0.0,0.0,0.0,27.5398,71.9153,Bhadla_Solar_Park
2023-03-19 01:00:00,20.8,57,990.3,72,15.2,0.0,0.0,0.0,0.0,27.5398,71.9153,Bhadla_Solar_Park
2023-03-19 02:00:00,20.1,61,989.7,86,14.8,0.0,0.0,0.0,0.0,27.5398,71.9153,Bhadla_Solar_Park
2023-03-19 03:00:00,19.5,65,989.3,100,14.0,0.0,0.0,0.0,0.0,27.5398,71.9153,Bhadla_Solar_Park
2023-03-19 04:00:00,18.8,69,988.9,100,11.1,0.0,0.0,0.0,0.0,27.5398,71.9153,Bhadla_Solar_Park
2023-03-19 05:00:00,18.5,75,989.4,100,10.9,0.0,0.0,0.0,0.0,27.5398,71.9153,Bhadla_Solar_Park
2023-03-19 06:00:00,18.2,76,989.5,100,11.4,0.0,0.0,0.0,0.0,27.5398,71.9153,Bhadla_Solar_Park
2023-03-19 07:00:00,18.4,76,990.1,83,10.6,20.0,30.9,17.0,3.0,27.5398,71.9153,Bhadla_Solar_Park
2023-03-19 08:00:00,20.2,69,991.0,100,8.2,162.0,265.4,93.0,69.0,27.5398,71.9153,Bhadla_Solar_Park
2023-03-19 09:00:00,22.8,59,992.2,100,8.9,355.0,402.7,166.0,189.0,27.5398,71.9153,Bhadla_Solar_Park
2023-03-19 10:00:00,25.1,47,992.1,99,9.5,529.0,430.1,251.0,278.0,27.5398,71.9153,Bhadla_Solar_Park
2023-03-19 11:00:00,26.0,43,991.7,98,10.7,624.0,392.8,318.0,306.0,27.5398,71.9153,Bhadla_Solar_Park
2023-03-19 12:00:00,25.6,48,991.3,100,16.2,640.0,306.5,377.0,263.0,27.5398,71.9153,Bhadla_Solar_Park
2023-03-19 13:00:00,25.1,51,990.5,99,14.9,542.0,152.5,408.0,134.0,27.5398,71.9153,Bhadla_Solar_Park
2023-03-19 14:00:00,24.2,56,989.6,99,20.2,631.0,400.7,295.0,336.0,27.5398,71.9153,Bhadla_Solar_Park
2023-03-19 15:00:00,23.4,60,988.8,100,12.9,465.0,191.6,323.0,142.0,27.5398,71.9153,Bhadla_Solar_Park
2023-03-19 16:00:00,22.9,63,988.4,100,20.6,285.0,75.9,240.0,45.0,27.5398,71.9153,Bhadla_Solar_Park
2023-03-19 17:00:00,21.6,68,988.7,100,21.8,148.0,24.8,138.0,10.0,27.5398,71.9153,Bhadla_Solar_Park
2023-03-19 18:00:00,20.9,73,988.6,29,17.4,97.0,133.7,72.0,25.0,27.5398,71.9153,Bhadla_Solar_Park
2023-03-19 19:00:00,20.2,78,988.9,26,11.6,4.0,0.0,4.0,0.0,27.5398,71.9153,Bhadla_Solar_Park
2023-03-19 20:00:00,19.7,81,988.9,94,8.2,0.0,0.0,0.0,0.0,27.5398,71.9153,Bhadla_Solar_Park
2023-03-19 21:00:00,19.2,85,989.5,88,6.3,0.0,0.0,0.0,0.0,27.5398,71.9153,Bhadla_Solar_Park
2023-03-19 22:00:00,18.6,89,989.8,87,7.2,0.0,0.0,0.0,0.0,27.5398,71.9153,Bhadla_Solar_Park
2023-03-19 23:00:00,17.9,92,989.7,13,6.8,0.0,0.0,0.0,0.0,27.5398,71.9153,Bhadla_Solar_Park
2023-03-20 00:00:00,17.6,94,989.5,13,7.1,0.0,0.0,0.0,0.0,27.5398,71.9153,Bhadla_Solar_Park
2023-03-20 01:00:00,17.2,95,989.3,10,7.6,0.0,0.0,0.0,0.0,27.5398,71.9153,Bhadla_Solar_Park
2023-03-20 02:00:00,16.7,97,988.7,12,6.4,0.0,0.0,0.0,0.0,27.5398,71.9153,Bhadla_Solar_Park
2023-03-20 03:00:00,16.1,98,988.6,33,5.1,0.0,0.0,0.0,0.0,27.5398,71.9153,Bhadla_Solar_Park
2023-03-20 04:00:00,16.3,98,988.3,18,5.4,0.0,0.0,0.0,0.0,27.5398,71.9153,Bhadla_Solar_Park
2023-03-20 05:00:00,16.9,96,988.3,9,8.9,0.0,0.0,0.0,0.0,27.5398,71.9153,Bhadla_Solar_Park
2023-03-20 06:00:00,16.6,97,988.6,25,7.0,0.0,0.0,0.0,0.0,27.5398,71.9153,Bhadla_Solar_Park
2023-03-20 07:00:00,16.9,96,989.1,3,5.2,20.0,30.2,17.0,3.0,27.5398,71.9153,Bhadla_Solar_Park
2023-03-20 08:00:00,18.5,89,989.7,2,4.0,161.0,257.5,93.0,68.0,27.5398,71.9153,Bhadla_Solar_Park
2023-03-20 09:00:00,20.9,73,990.4,0,6.2,370.0,464.7,150.0,220.0,27.5398,71.9153,Bhadla_Solar_Park
2023-03-20 10:00:00,22.6,62,990.6,0,7.2,572.0,599.7,182.0,390.0,27.5398,71.9153,Bhadla_Solar_Park
2023-03-20 11:00:00,24.1,55,990.3,0,8.9,730.0,672.1,204.0,526.0,27.5398,71.9153,Bhadla_Solar_Park
2023-03-20 12:00:00,25.2,50,989.5,7,10.0,828.0,710.3,216.0,612.0,27.5398,71.9153,Bhadla_Solar_Park
2023-03-20 13:00:00,25.9,46,988.8,6,9.4,835.0,686.3,230.0,605.0,27.5398,71.9153,Bhadla_Solar_Park
2023-03-20 14:00:00,26.6,43,987.6,5,9.8,779.0,670.3,215.0,564.0,27.5398,71.9153,Bhadla_Solar_Park
2023-03-20 15:00:00,26.9,42,986.7,16,12.5,661.0,619.9,200.0,461.0,27.5398,71.9153,Bhadla_Solar_Park
2023-03-20 16:00:00,26.7,39,986.4,16,13.6,481.0,517.5,173.0,308.0,27.5398,71.9153,Bhadla_Solar_Park
2023-03-20 17:00:00,26.9,37,986.0,17,11.4,269.0,339.9,131.0,138.0,27.5398,71.9153,Bhadla_Solar_Park
2023-03-20 18:00:00,26.2,39,986.2,25,11.9,103.0,190.4,67.0,36.0,27.5398,71.9153,Bhadla_Solar_Park
2023-03-20 19:00:00,24.7,48,986.4,27,10.2,5.0,0.0,5.0,0.0,27.5398,71.9153,Bhadla_Solar_Park
2023-03-20 20:00:00,23.4,55,986.9,19,9.2,0.0,0.0,0.0,0.0,27.5398,71.9153,Bhadla_Solar_Park
2023-03-20 21:00:00,21.9,62,987.7,8,7.1,0.0,0.0,0.0,0.0,27.5398,71.9153,Bhadla_Solar_Park
2023-03-20 22:00:00,21.0,65,988.2,5,7.6,0.0,0.0,0.0,0.0,27.5398,71.9153,Bhadla_Solar_Park
2023-03-20 23:00:00,20.1,69,988.4,0,7.5,0.0,0.0,0.0,0.0,27.5398,71.9153,Bhadla_Solar_Park
2023-03-21 00:00:00,20.7,66,988.4,0,3.9,0.0,0.0,0.0,0.0,27.5398,71.9153,Bhadla_Solar_Park
2023-03-21 01:00:00,20.9,64,988.0,0,4.0,0.0,0.0,0.0,0.0,27.5398,71.9153,Bhadla_Solar_Park
2023-03-21 02:00:00,20.3,65,987.6,72,4.3,0.0,0.0,0.0,0.0,27.5398,71.9153,Bhadla_Solar_Park
2023-03-21 03:00:00,17.8,76,987.2,14,7.9,0.0,0.0,0.0,0.0,27.5398,71.9153,Bhadla_Solar_Park
2023-03-21 04:00:00,17.1,75,987.0,73,8.1,0.0,0.0,0.0,0.0,27.5398,71.9153,Bhadla_Solar_Park
2023-03-21 05:00:00,18.0,68,987.1,0,7.4,0.0,0.0,0.0,0.0,27.5398,71.9153,Bhadla_Solar_Park
2023-03-21 06:00:00,17.8,68,987.7,0,8.3,0.0,0.0,0.0,0.0,27.5398,71.9153,Bhadla_Solar_Park
2023-03-21 07:00:00,18.6,65,988.6,0,8.6,24.0,39.4,20.0,4.0,27.5398,71.9153,Bhadla_Solar_Park
2023-03-21 08:00:00,21.3,55,989.3,0,4.7,174.0,294.4,95.0,79.0,27.5398,71.9153,Bhadla_Solar_Park
2023-03-21 09:00:00,25.1,44,990.1,0,7.7,387.0,500.5,148.0,239.0,27.5398,71.9153,Bhadla_Solar_Park
2023-03-21 10:00:00,27.5,37,990.3,0,7.7,590.0,623.7,182.0,408.0,27.5398,71.9153,Bhadla_Solar_Park
2023-03-21 11:00:00,28.8,30,990.3,1,3.6,750.0,694.4,204.0,546.0,27.5398,71.9153,Bhadla_Solar_Park
2023-03-21 12:00:00,29.8,26,989.8,2,2.6,845.0,727.2,216.0,629.0,27.5398,71.9153,Bhadla_Solar_Park
2023-03-21 13:00:00,30.5,23,988.9,5,2.3,855.0,712.1,225.0,630.0,27.5398,71.9153,Bhadla_Solar_Park
2023-03-21 14:00:00,31.1,21,987.9,14,1.3,800.0,682.3,224.0,576.0,27.5398,71.9153,Bhadla_Solar_Park
2023-03-21 15:00:00,31.2,19,987.1,14,0.8,638.0,566.8,215.0,423.0,27.5398,71.9153,Bhadla_Solar_Park
2023-03-21 16:00:00,31.3,19,986.5,20,3.2,493.0,510.4,188.0,305.0,27.5398,71.9153,Bhadla_Solar_Park
2023-03-21 17:00:00,31.8,17,986.3,18,5.4,289.0,379.7,134.0,155.0,27.5398,71.9153,Bhadla_Solar_Park
2023-03-21 18:00:00,30.9,19,986.3,27,5.7,102.0,183.1,67.0,35.0,27.5398,71.9153,Bhadla_Solar_Park
2023-03-21 19:00:00,28.2,33,986.5,43,5.1,5.0,0.0,5.0,0.0,27.5398,71.9153,Bhadla_Solar_Park
2023-03-21 20:00:00,26.7,39,987.5,42,3.7,0.0,0.0,0.0,0.0,27.5398,71.9153,Bhadla_Solar_Park
2023-03-21 21:00:00,26.2,30,988.8,11,8.9,0.0,0.0,0.0,0.0,27.5398,71.9153,Bhadla_Solar_Park
2023-03-21 22:00:00,25.8,30,989.4,32,12.1,0.0,0.0,0.0,0.0,27.5398,71.9153,Bhadla_Solar_Park
2023-03-21 23:00:00,25.2,32,989.6,22,12.1,0.0,0.0,0.0,0.0,27.5398,71.9153,Bhadla_Solar_Park
2023-03-22 00:00:00,23.4,41,989.5,16,10.1,0.0,0.0,0.0,0.0,27.5398,71.9153,Bhadla_Solar_Park
2023-03-22 01:00:00,22.1,47,989.4,20,8.8,0.0,0.0,0.0,0.0,27.5398,71.9153,Bhadla_Solar_Park
2023-03-22 02:00:00,21.3,50,989.3,59,10.0,0.0,0.0,0.0,0.0,27.5398,71.9153,Bhadla_Solar_Park
2023-03-22 03:00:00,21.7,50,989.0,52,16.3,0.0,0.0,0.0,0.0,27.5398,71.9153,Bhadla_Solar_Park
2023-03-22 04:00:00,21.9,48,988.7,47,24.3,0.0,0.0,0.0,0.0,27.5398,71.9153,Bhadla_Solar_Park
2023-03-22 05:00:00,20.3,57,989.6,26,11.5,0.0,0.0,0.0,0.0,27.5398,71.9153,Bhadla_Solar_Park
2023-03-22 06:00:00,19.8,61,989.6,43,16.4,0.0,0.0,0.0,0.0,27.5398,71.9153,Bhadla_Solar_Park
2023-03-22 07:00:00,20.0,61,990.5,45,18.2,22.0,29.0,19.0,3.0,27.5398,71.9153,Bhadla_Solar_Park
2023-03-22 08:00:00,21.7,52,991.5,19,16.8,155.0,205.5,99.0,56.0,27.5398,71.9153,Bhadla_Solar_Park
2023-03-22 09:00:00,25.1,41,992.2,39,16.6,385.0,481.7,153.0,232.0,27.5398,71.9153,Bhadla_Solar_Park
2023-03-22 10:00:00,28.1,31,992.2,98,18.8,583.0,600.2,188.0,395.0,27.5398,71.9153,Bhadla_Solar_Park
2023-03-22 11:00:00,29.4,28,992.0,100,18.4,733.0,640.5,227.0,506.0,27.5398,71.9153,Bhadla_Solar_Park
2023-03-22 12:00:00,30.1,26,991.3,49,16.6,809.0,617.3,273.0,536.0,27.5398,71.9153,Bhadla_Solar_Park
2023-03-22 13:00:00,30.5,25,990.1,99,12.3,824.0,668.0,231.0,593.0,27.5398,71.9153,Bhadla_Solar_Park
2023-03-22 14:00:00,30.5,26,988.9,100,11.8,577.0,369.6,264.0,313.0,27.5398,71.9153,Bhadla_Solar_Park
2023-03-22 15:00:00,30.4,26,987.8,100,9.4,541.0,382.0,255.0,286.0,27.5398,71.9153,Bhadla_Solar_Park
2023-03-22 16:00:00,30.2,26,986.8,90,6.3,350.0,183.4,240.0,110.0,27.5398,71.9153,Bhadla_Solar_Park
2023-03-22 17:00:00,30.0,25,987.2,67,4.3,270.0,265.6,161.0,109.0,27.5398,71.9153,Bhadla_Solar_Park
2023-03-22 18:00:00,29.7,25,987.5,42,4.1,96.0,93.2,78.0,18.0,27.5398,71.9153,Bhadla_Solar_Park
2023-03-22 19:00:00,28.5,28,987.8,100,5.6,4.0,0.0,4.0,0.0,27.5398,71.9153,Bhadla_Solar_Park
2023-03-22 20:00:00,27.3,31,988.4,35,5.3,0.0,0.0,0.0,0.0,27.5398,71.9153,Bhadla_Solar_Park
2023-03-22 21:00:00,27.6,29,989.2,24,3.8,0.0,0.0,0.0,0.0,27.5398,71.9153,Bhadla_Solar_Park
2023-03-22 22:00:00,25.4,33,989.6,99,7.7,0.0,0.0,0.0,0.0,27.5398,71.9153,Bhadla_Solar_Park
2023-03-22 23:00:00,24.3,39,989.5,100,8.4,0.0,0.0,0.0,0.0,27.5398,71.9153,Bhadla_Solar_Park
2023-03-23 00:00:00,23.1,43,989.5,98,7.9,0.0,0.0,0.0,0.0,27.5398,71.9153,Bhadla_Solar_Park
2023-03-23 01:00:00,22.6,42,989.2,21,12.2,0.0,0.0,0.0,0.0,27.5398,71.9153,Bhadla_Solar_Park
2023-03-23 02:00:00,21.9,46,988.6,3,12.4,0.0,0.0,0.0,0.0,27.5398,71.9153,Bhadla_Solar_Park
2023-03-23 03:00:00,21.2,46,988.1,6,12.0,0.0,0.0,0.0,0.0,27.5398,71.9153,Bhadla_Solar_Park
2023-03-23 04:00:00,20.7,45,987.6,1,10.2,0.0,0.0,0.0,0.0,27.5398,71.9153,Bhadla_Solar_Park
2023-03-23 05:00:00,20.3,55,988.4,0,7.9,0.0,0.0,0.0,0.0,27.5398,71.9153,Bhadla_Solar_Park
2023-03-23 06:00:00,19.9,56,988.5,2,7.1,0.0,0.0,0.0,0.0,27.5398,71.9153,Bhadla_Solar_Park
2023-03-23 07:00:00,20.9,51,989.1,0,8.4,26.0,47.3,21.0,5.0,27.5398,71.9153,Bhadla_Solar_Park
2023-03-23 08:00:00,23.9,42,989.8,0,7.3,179.0,292.7,98.0,81.0,27.5398,71.9153,Bhadla_Solar_Park
2023-03-23 09:00:00,27.2,32,990.7,2,7.9,390.0,494.1,150.0,240.0,27.5398,71.9153,Bhadla_Solar_Park
2023-03-23 10:00:00,28.8,30,991.1,89,8.0,590.0,613.3,184.0,406.0,27.5398,71.9153,Bhadla_Solar_Park
2023-03-23 11:00:00,30.0,27,990.8,76,8.9,713.0,567.0,263.0,450.0,27.5398,71.9153,Bhadla_Solar_Park
2023-03-23 12:00:00,31.0,24,990.2,94,10.9,824.0,675.7,235.0,589.0,27.5398,71.9153,Bhadla_Solar_Park
2023-03-23 13:00:00,31.6,22,989.1,100,11.3,803.0,598.3,270.0,533.0,27.5398,71.9153,Bhadla_Solar_Park
2023-03-23 14:00:00,31.9,21,988.0,100,10.9,760.0,551.9,291.0,469.0,27.5398,71.9153,Bhadla_Solar_Park
2023-03-23 15:00:00,32.2,21,987.0,100,11.8,609.0,394.0,313.0,296.0,27.5398,71.9153,Bhadla_Solar_Park
2023-03-23 16:00:00,32.2,21,986.2,99,11.8,430.0,289.0,256.0,174.0,27.5398,71.9153,Bhadla_Solar_Park
2023-03-23 17:00:00,31.4,22,986.4,100,7.7,270.0,220.6,179.0,91.0,27.5398,71.9153,Bhadla_Solar_Park
2023-03-23 18:00:00,30.9,23,986.7,100,8.6,90.0,61.5,78.0,12.0,27.5398,71.9153,Bhadla_Solar_Park
2023-03-23 19:00:00,29.9,25,986.8,98,12.6,5.0,0.0,5.0,0.0,27.5398,71.9153,Bhadla_Solar_Park
2023-03-23 20:00:00,28.9,27,987.1,94,8.6,0.0,0.0,0.0,0.0,27.5398,71.9153,Bhadla_Solar_Park
2023-03-23 21:00:00,27.3,31,988.2,93,17.5,0.0,0.0,0.0,0.0,27.5398,71.9153,Bhadla_Solar_Park
2023-03-23 22:00:00,25.6,41,989.0,91,22.4,0.0,0.0,0.0,0.0,27.5398,71.9153,Bhadla_Solar_Park
2023-03-23 23:00:00,24.1,50,988.2,17,3.8,0.0,0.0,0.0,0.0,27.5398,71.9153,Bhadla_Solar_Park
2023-03-24 00:00:00,23.1,54,988.1,71,9.9,0.0,0.0,0.0,0.0,27.5398,71.9153,Bhadla_Solar_Park
2023-03-24 01:00:00,23.3,54,987.4,89,6.8,0.0,0.0,0.0,0.0,27.5398,71.9153,Bhadla_Solar_Park
2023-03-24 02:00:00,23.1,53,987.1,94,9.8,0.0,0.0,0.0,0.0,27.5398,71.9153,Bhadla_Solar_Park
2023-03-24 03:00:00,18.6,82,988.3,100,23.5,0.0,0.0,0.0,0.0,27.5398,71.9153,Bhadla_Solar_Park
2023-03-24 04:00:00,18.8,81,987.2,43,11.7,0.0,0.0,0.0,0.0,27.5398,71.9153,Bhadla_Solar_Park
2023-03-24 05:00:00,18.5,82,987.7,47,7.2,0.0,0.0,0.0,0.0,27.5398,71.9153,Bhadla_Solar_Park
2023-03-24 06:00:00,18.8,79,987.5,28,6.4,0.0,0.0,0.0,0.0,27.5398,71.9153,Bhadla_Solar_Park
2023-03-24 07:00:00,18.8,81,988.3,36,5.9,25.0,37.1,21.0,4.0,27.5398,71.9153,Bhadla_Solar_Park
2023-03-24 08:00:00,20.3,76,988.9,23,10.2,150.0,192.2,96.0,54.0,27.5398,71.9153,Bhadla_Solar_Park
2023-03-24 09:00:00,22.6,70,989.3,0,18.1,384.0,453.3,162.0,222.0,27.5398,71.9153,Bhadla_Solar_Park
2023-03-24 10:00:00,24.1,62,989.4,0,21.1,593.0,608.2,188.0,405.0,27.5398,71.9153,Bhadla_Solar_Park
2023-03-24 11:00:00,25.9,49,989.2,1,21.1,758.0,689.9,208.0,550.0,27.5398,71.9153,Bhadla_Solar_Park
2023-03-24 12:00:00,27.0,41,988.7,0,22.1,853.0,721.2,222.0,631.0,27.5398,71.9153,Bhadla_Solar_Park
2023-03-24 13:00:00,28.1,34,987.7,4,23.4,881.0,736.2,223.0,658.0,27.5398,71.9153,Bhadla_Solar_Park
2023-03-24 14:00:00,28.6,30,986.8,1,24.5,826.0,707.4,223.0,603.0,27.5398,71.9153,Bhadla_Solar_Park
2023-03-24 15:00:00,28.9,28,985.9,1,23.9,710.0,675.3,201.0,509.0,27.5398,71.9153,Bhadla_Solar_Park
2023-03-24 16:00:00,28.9,26,985.2,12,22.0,526.0,584.1,173.0,353.0,27.5398,71.9153,Bhadla_Solar_Park
2023-03-24 17:00:00,28.9,25,985.5,33,19.7,304.0,410.1,134.0,170.0,27.5398,71.9153,Bhadla_Solar_Park
2023-03-24 18:00:00,27.1,32,985.8,50,19.4,87.0,136.9,60.0,27.0,27.5398,71.9153,Bhadla_Solar_Park
2023-03-24 19:00:00,25.2,40,986.9,22,20.5,5.0,0.0,5.0,0.0,27.5398,71.9153,Bhadla_Solar_Park
2023-03-24 20:00:00,24.0,52,987.9,30,16.4,0.0,0.0,0.0,0.0,27.5398,71.9153,Bhadla_Solar_Park
2023-03-24 21:00:00,22.9,60,988.9,2,12.6,0.0,0.0,0.0,0.0,27.5398,71.9153,Bhadla_Solar_Park
2023-03-24 22:00:00,22.1,66,989.3,7,12.3,0.0,0.0,0.0,0.0,27.5398,71.9153,Bhadla_Solar_Park
2023-03-24 23:00:00,21.3,70,989.4,1,10.5,0.0,0.0,0.0,0.0,27.5398,71.9153,Bhadla_Solar_Park
2023-03-25 00:00:00,20.1,75,989.3,0,8.0,0.0,0.0,0.0,0.0,27.5398,71.9153,Bhadla_Solar_Park
2023-03-25 01:00:00,20.1,73,988.9,0,3.7,0.0,0.0,0.0,0.0,27.5398,71.9153,Bhadla_Solar_Park
2023-03-25 02:00:00,19.3,77,988.9,0,3.9,0.0,0.0,0.0,0.0,27.5398,71.9153,Bhadla_Solar_Park
2023-03-25 03:00:00,17.2,88,988.9,0,6.5,0.0,0.0,0.0,0.0,27.5398,71.9153,Bhadla_Solar_Park
2023-03-25 04:00:00,16.9,90,988.9,0,8.2,0.0,0.0,0.0,0.0,27.5398,71.9153,Bhadla_Solar_Park
2023-03-25 05:00:00,17.6,87,989.2,0,10.1,0.0,0.0,0.0,0.0,27.5398,71.9153,Bhadla_Solar_Park
2023-03-25 06:00:00,17.5,88,989.9,0,7.1,0.0,0.0,0.0,0.0,27.5398,71.9153,Bhadla_Solar_Park
2023-03-25 07:00:00,18.5,82,990.8,0,6.1,30.0,54.5,24.0,6.0,27.5398,71.9153,Bhadla_Solar_Park
2023-03-25 08:00:00,20.7,72,992.0,0,9.7,188.0,301.5,102.0,86.0,27.5398,71.9153,Bhadla_Solar_Park
2023-03-25 09:00:00,23.0,59,993.2,0,14.9,402.0,500.1,155.0,247.0,27.5398,71.9153,Bhadla_Solar_Park
2023-03-25 10:00:00,24.9,47,993.4,0,10.0,601.0,615.2,189.0,412.0,27.5398,71.9153,Bhadla_Solar_Park
2023-03-25 11:00:00,26.3,37,993.4,2,7.6,760.0,684.3,212.0,548.0,27.5398,71.9153,Bhadla_Solar_Park
2023-03-25 12:00:00,27.3,31,992.9,0,7.1,810.0,644.5,244.0,566.0,27.5398,71.9153,Bhadla_Solar_Park
2023-03-25 13:00:00,28.5,27,992.0,20,5.8,870.0,713.7,230.0,640.0,27.5398,71.9153,Bhadla_Solar_Park
2023-03-25 14:00:00,29.6,23,990.8,31,6.1,718.0,542.6,254.0,464.0,27.5398,71.9153,Bhadla_Solar_Park
2023-03-25 15:00:00,30.5,20,989.9,10,17.1,588.0,486.7,220.0,368.0,27.5398,71.9153,Bhadla_Solar_Park
2023-03-25 16:00:00,30.4,17,989.5,3,13.7,421.0,324.8,224.0,197.0,27.5398,71.9153,Bhadla_Solar_Park
2023-03-25 17:00:00,29.0,22,990.3,19,13.2,304.0,396.1,139.0,165.0,27.5398,71.9153,Bhadla_Solar_Park
2023-03-25 18:00:00,28.6,23,990.4,15,8.7,101.0,155.6,70.0,31.0,27.5398,71.9153,Bhadla_Solar_Park
2023-03-25 19:00:00,25.8,33,990.8,17,20.6,5.0,0.0,5.0,0.0,27.5398,71.9153,Bhadla_Solar_Park
2023-03-25 20:00:00,24.2,41,991.6,33,24.4,0.0,0.0,0.0,0.0,27.5398,71.9153,Bhadla_Solar_Park
2023-03-25 21:00:00,23.4,44,992.7,2,20.2,0.0,0.0,0.0,0.0,27.5398,71.9153,Bhadla_Solar_Park
2023-03-25 22:00:00,22.5,47,993.2,16,17.7,0.0,0.0,0.0,0.0,27.5398,71.9153,Bhadla_Solar_Park
2023-03-25 23:00:00,21.9,51,993.4,26,18.5,0.0,0.0,0.0,0.0,27.5398,71.9153,Bhadla_Solar_Park
2023-03-26 00:00:00,20.9,53,993.4,30,17.7,0.0,0.0,0.0,0.0,27.5398,71.9153,Bhadla_Solar_Park
2023-03-26 01:00:00,20.1,54,993.4,29,18.8,0.0,0.0,0.0,0.0,27.5398,71.9153,Bhadla_Solar_Park
2023-03-26 02:00:00,19.6,56,993.1,12,18.0,0.0,0.0,0.0,0.0,27.5398,71.9153,Bhadla_Solar_Park
2023-03-26 03:00:00,19.2,59,992.9,15,18.7,0.0,0.0,0.0,0.0,27.5398,71.9153,Bhadla_Solar_Park
2023-03-26 04:00:00,18.4,68,993.0,0,17.8,0.0,0.0,0.0,0.0,27.5398,71.9153,Bhadla_Solar_Park
2023-03-26 05:00:00,18.4,64,993.5,0,16.6,0.0,0.0,0.0,0.0,27.5398,71.9153,Bhadla_Solar_Park
2023-03-26 06:00:00,18.1,67,993.9,0,16.4,0.0,0.0,0.0,0.0,27.5398,71.9153,Bhadla_Solar_Park
2023-03-26 07:00:00,18.3,67,994.3,0,15.6,31.0,53.4,25.0,6.0,27.5398,71.9153,Bhadla_Solar_Park
2023-03-26 08:00:00,20.0,62,995.0,0,14.5,189.0,293.6,104.0,85.0,27.5398,71.9153,Bhadla_Solar_Park
2023-03-26 09:00:00,22.2,55,995.6,0,15.9,401.0,490.0,157.0,244.0,27.5398,71.9153,Bhadla_Solar_Park
2023-03-26 10:00:00,24.5,44,995.6,0,15.6,603.0,610.2,192.0,411.0,27.5398,71.9153,Bhadla_Solar_Park
2023-03-26 11:00:00,26.5,35,995.3,0,12.1,761.0,680.0,214.0,547.0,27.5398,71.9153,Bhadla_Solar_Park
2023-03-26 12:00:00,27.7,30,994.7,0,7.7,856.0,713.6,227.0,629.0,27.5398,71.9153,Bhadla_Solar_Park
2023-03-26 13:00:00,28.7,26,993.6,0,7.9,880.0,722.5,230.0,650.0,27.5398,71.9153,Bhadla_Solar_Park
2023-03-26 14:00:00,29.4,24,992.6,0,14.0,830.0,710.0,221.0,609.0,27.5398,71.9153,Bhadla_Solar_Park
2023-03-26 15:00:00,29.4,23,991.6,0,18.7,711.0,667.1,205.0,506.0,27.5398,71.9153,Bhadla_Solar_Park
2023-03-26 16:00:00,29.0,24,991.3,0,18.5,512.0,522.4,194.0,318.0,27.5398,71.9153,Bhadla_Solar_Park
2023-03-26 17:00:00,28.2,25,991.6,0,17.3,314.0,418.0,139.0,175.0,27.5398,71.9153,Bhadla_Solar_Park
2023-03-26 18:00:00,27.4,26,991.8,1,18.0,116.0,203.8,75.0,41.0,27.5398,71.9153,Bhadla_Solar_Park
2023-03-26 19:00:00,25.8,30,992.1,7,16.5,6.0,15.0,5.0,1.0,27.5398,71.9153,Bhadla_Solar_Park
2023-03-26 20:00:00,24.9,34,992.5,6,15.4,0.0,0.0,0.0,0.0,27.5398,71.9153,Bhadla_Solar_Park
2023-03-26 21:00:00,23.9,37,992.7,6,11.1,0.0,0.0,0.0,0.0,27.5398,71.9153,Bhadla_Solar_Park
2023-03-26 22:00:00,22.9,40,992.8,0,11.3,0.0,0.0,0.0,0.0,27.5398,71.9153,Bhadla_Solar_Park
2023-03-26 23:00:00,21.9,45,992.7,1,13.2,0.0,0.0,0.0,0.0,27.5398,71.9153,Bhadla_Solar_Park
2023-03-27 00:00:00,21.1,48,992.3,0,12.4,0.0,0.0,0.0,0.0,27.5398,71.9153,Bhadla_Solar_Park
2023-03-27 01:00:00,20.3,51,991.9,0,12.3,0.0,0.0,0.0,0.0,27.5398,71.9153,Bhadla_Solar_Park
2023-03-27 02:00:00,19.4,54,991.5,0,10.6,0.0,0.0,0.0,0.0,27.5398,71.9153,Bhadla_Solar_Park
2023-03-27 03:00:00,18.5,58,991.2,0,9.3,0.0,0.0,0.0,0.0,27.5398,71.9153,Bhadla_Solar_Park
2023-03-27 04:00:00,17.7,61,991.2,0,8.4,0.0,0.0,0.0,0.0,27.5398,71.9153,Bhadla_Solar_Park
2023-03-27 05:00:00,17.7,64,991.7,0,9.2,0.0,0.0,0.0,0.0,27.5398,71.9153,Bhadla_Solar_Park
2023-03-27 06:00:00,17.5,65,992.1,0,9.4,0.0,0.0,0.0,0.0,27.5398,71.9153,Bhadla_Solar_Park
2023-03-27 07:00:00,18.0,64,992.7,0,9.7,33.0,61.2,26.0,7.0,27.5398,71.9153,Bhadla_Solar_Park
2023-03-27 08:00:00,20.7,54,993.3,0,10.1,194.0,302.9,105.0,89.0,27.5398,71.9153,Bhadla_Solar_Park
2023-03-27 09:00:00,24.0,43,993.8,0,13.6,408.0,498.0,158.0,250.0,27.5398,71.9153,Bhadla_Solar_Park
2023-03-27 10:00:00,26.2,36,993.9,0,12.0,609.0,615.6,192.0,417.0,27.5398,71.9153,Bhadla_Solar_Park
2023-03-27 11:00:00,27.5,31,994.1,0,6.3,766.0,682.0,215.0,551.0,27.5398,71.9153,Bhadla_Solar_Park
2023-03-27 12:00:00,28.7,28,993.5,0,6.0,859.0,714.4,227.0,632.0,27.5398,71.9153,Bhadla_Solar_Park
2023-03-27 13:00:00,29.9,26,992.4,0,10.2,882.0,722.4,230.0,652.0,27.5398,71.9153,Bhadla_Solar_Park
2023-03-27 14:00:00,30.8,23,991.3,0,13.4,831.0,706.7,223.0,608.0,27.5398,71.9153,Bhadla_Solar_Park
2023-03-27 15:00:00,31.2,22,990.3,0,13.7,710.0,663.8,205.0,505.0,27.5398,71.9153,Bhadla_Solar_Park
2023-03-27 16:00:00,31.5,21,989.8,15,15.4,522.0,553.4,184.0,338.0,27.5398,71.9153,Bhadla_Solar_Park
2023-03-27 17:00:00,31.3,20,989.8,1,13.6,312.0,408.9,140.0,172.0,27.5398,71.9153,Bhadla_Solar_Park
2023-03-27 18:00:00,30.0,22,990.1,88,20.2,110.0,182.1,73.0,37.0,27.5398,71.9153,Bhadla_Solar_Park
2023-03-27 19:00:00,28.8,22,990.7,99,15.9,7.0,0.0,7.0,0.0,27.5398,71.9153,Bhadla_Solar_Park
2023-03-27 20:00:00,27.4,25,990.6,97,6.5,0.0,0.0,0.0,0.0,27.5398,71.9153,Bhadla_Solar_Park
2023-03-27 21:00:00,27.8,24,990.9,75,2.0,0.0,0.0,0.0,0.0,27.5398,71.9153,Bhadla_Solar_Park
2023-03-27 22:00:00,24.8,31,991.0,96,8.2,0.0,0.0,0.0,0.0,27.5398,71.9153,Bhadla_Solar_Park
2023-03-27 23:00:00,26.1,28,991.1,98,3.5,0.0,0.0,0.0,0.0,27.5398,71.9153,Bhadla_Solar_Park
2023-03-28 00:00:00,22.8,35,990.5,61,7.6,0.0,0.0,0.0,0.0,27.5398,71.9153,Bhadla_Solar_Park
2023-03-28 01:00:00,22.4,36,990.1,73,10.9,0.0,0.0,0.0,0.0,27.5398,71.9153,Bhadla_Solar_Park
2023-03-28 02:00:00,21.9,38,989.6,29,12.0,0.0,0.0,0.0,0.0,27.5398,71.9153,Bhadla_Solar_Park
2023-03-28 03:00:00,20.6,41,989.0,3,8.9,0.0,0.0,0.0,0.0,27.5398,71.9153,Bhadla_Solar_Park
2023-03-28 04:00:00,20.2,42,988.9,29,11.7,0.0,0.0,0.0,0.0,27.5398,71.9153,Bhadla_Solar_Park
2023-03-28 05:00:00,20.6,45,989.0,26,13.1,0.0,0.0,0.0,0.0,27.5398,71.9153,Bhadla_Solar_Park
2023-03-28 06:00:00,20.3,46,989.5,4,13.6,0.0,0.0,0.0,0.0,27.5398,71.9153,Bhadla_Solar_Park
2023-03-28 07:00:00,20.9,43,990.2,0,13.4,35.0,68.6,27.0,8.0,27.5398,71.9153,Bhadla_Solar_Park
2023-03-28 08:00:00,24.0,35,991.2,0,11.9,198.0,308.7,106.0,92.0,27.5398,71.9153,Bhadla_Solar_Park
2023-03-28 09:00:00,27.7,28,992.0,0,14.8,412.0,502.0,158.0,254.0,27.5398,71.9153,Bhadla_Solar_Park
2023-03-28 10:00:00,30.4,22,992.1,0,18.5,614.0,619.6,192.0,422.0,27.5398,71.9153,Bhadla_Solar_Park
2023-03-28 11:00:00,32.0,18,991.8,0,15.5,772.0,687.8,214.0,558.0,27.5398,71.9153,Bhadla_Solar_Park
2023-03-28 12:00:00,33.0,16,991.1,0,16.1,868.0,720.9,228.0,640.0,27.5398,71.9153,Bhadla_Solar_Park
2023-03-28 13:00:00,33.5,15,990.0,0,14.5,891.0,731.2,229.0,662.0,27.5398,71.9153,Bhadla_Solar_Park
2023-03-28 14:00:00,33.9,14,989.0,0,13.7,841.0,718.6,221.0,620.0,27.5398,71.9153,Bhadla_Solar_Park
2023-03-28 15:00:00,33.9,14,988.2,0,14.2,713.0,660.5,209.0,504.0,27.5398,71.9153,Bhadla_Solar_Park
2023-03-28 16:00:00,33.6,14,987.8,4,12.1,537.0,585.7,178.0,359.0,27.5398,71.9153,Bhadla_Solar_Park
2023-03-28 17:00:00,33.7,14,987.8,9,15.4,327.0,447.2,138.0,189.0,27.5398,71.9153,Bhadla_Solar_Park
2023-03-28 18:00:00,33.3,14,987.9,33,12.4,85.0,82.9,68.0,17.0,27.5398,71.9153,Bhadla_Solar_Park
2023-03-28 19:00:00,31.8,15,988.3,21,9.5,5.0,0.0,5.0,0.0,27.5398,71.9153,Bhadla_Solar_Park
2023-03-28 20:00:00,29.4,18,988.7,22,10.5,0.0,0.0,0.0,0.0,27.5398,71.9153,Bhadla_Solar_Park
2023-03-28 21:00:00,28.1,20,989.3,11,11.4,0.0,0.0,0.0,0.0,27.5398,71.9153,Bhadla_Solar_Park
2023-03-28 22:00:00,26.4,23,989.8,12,8.7,0.0,0.0,0.0,0.0,27.5398,71.9153,Bhadla_Solar_Park
2023-03-28 23:00:00,26.2,22,989.5,5,12.9,0.0,0.0,0.0,0.0,27.5398,71.9153,Bhadla_Solar_Park
2023-03-29 00:00:00,25.6,23,989.1,34,11.9,0.0,0.0,0.0,0.0,27.5398,71.9153,Bhadla_Solar_Park
2023-03-29 01:00:00,24.4,25,988.8,81,13.6,0.0,0.0,0.0,0.0,27.5398,71.9153,Bhadla_Solar_Park
2023-03-29 02:00:00,24.1,25,988.2,53,14.8,0.0,0.0,0.0,0.0,27.5398,71.9153,Bhadla_Solar_Park
2023-03-29 03:00:00,23.9,25,987.8,73,16.6,0.0,0.0,0.0,0.0,27.5398,71.9153,Bhadla_Solar_Park
2023-03-29 04:00:00,23.7,26,988.2,82,20.5,0.0,0.0,0.0,0.0,27.5398,71.9153,Bhadla_Solar_Park
2023-03-29 05:00:00,23.5,33,988.6,94,18.4,0.0,0.0,0.0,0.0,27.5398,71.9153,Bhadla_Solar_Park
2023-03-29 06:00:00,23.2,40,989.1,97,17.3,0.0,0.0,0.0,0.0,27.5398,71.9153,Bhadla_Solar_Park
2023-03-29 07:00:00,23.7,42,990.0,95,16.3,20.0,0.0,20.0,0.0,27.5398,71.9153,Bhadla_Solar_Park
2023-03-29 08:00:00,25.0,42,990.7,99,12.7,144.0,76.1,121.0,23.0,27.5398,71.9153,Bhadla_Solar_Park
2023-03-29 09:00:00,26.5,41,991.2,5,15.5,251.0,92.2,204.0,47.0,27.5398,71.9153,Bhadla_Solar_Park
2023-03-29 10:00:00,29.2,36,991.3,79,16.3,599.0,572.4,207.0,392.0,27.5398,71.9153,Bhadla_Solar_Park
2023-03-29 11:00:00,30.5,32,991.0,71,16.0,645.0,439.4,287.0,358.0,27.5398,71.9153,Bhadla_Solar_Park
2023-03-29 12:00:00,31.6,27,990.3,31,10.8,820.0,591.5,293.0,527.0,27.5398,71.9153,Bhadla_Solar_Park
2023-03-29 13:00:00,33.5,21,989.1,28,11.9,755.0,526.3,277.0,478.0,27.5398,71.9153,Bhadla_Solar_Park
2023-03-29 14:00:00,31.4,26,988.8,84,19.9,719.0,531.6,259.0,460.0,27.5398,71.9153,Bhadla_Solar_Park
2023-03-29 15:00:00,32.7,22,987.4,37,18.7,385.0,149.0,271.0,114.0,27.5398,71.9153,Bhadla_Solar_Park
2023-03-29 16:00:00,31.7,25,987.8,83,18.3,417.0,315.5,223.0,194.0,27.5398,71.9153,Bhadla_Solar_Park
2023-03-29 17:00:00,29.3,35,987.9,68,20.1,203.0,193.2,121.0,82.0,27.5398,71.9153,Bhadla_Solar_Park
2023-03-29 18:00:00,26.6,40,988.2,19,13.7,75.0,96.6,55.0,20.0,27.5398,71.9153,Bhadla_Solar_Park
2023-03-29 19:00:00,25.2,53,988.3,12,4.1,6.0,0.0,6.0,0.0,27.5398,71.9153,Bhadla_Solar_Park
2023-03-29 20:00:00,24.4,55,988.6,20,7.1,0.0,0.0,0.0,0.0,27.5398,71.9153,Bhadla_Solar_Park
2023-03-29 21:00:00,23.5,63,989.1,15,6.7,0.0,0.0,0.0,0.0,27.5398,71.9153,Bhadla_Solar_Park
2023-03-29 22:00:00,22.8,62,989.3,18,8.4,0.0,0.0,0.0,0.0,27.5398,71.9153,Bhadla_Solar_Park
2023-03-29 23:00:00,22.3,59,989.1,5,12.0,0.0,0.0,0.0,0.0,27.5398,71.9153,Bhadla_Solar_Park
2023-03-30 00:00:00,21.8,57,988.9,42,12.7,0.0,0.0,0.0,0.0,27.5398,71.9153,Bhadla_Solar_Park
2023-03-30 01:00:00,21.3,60,989.0,60,12.6,0.0,0.0,0.0,0.0,27.5398,71.9153,Bhadla_Solar_Park
2023-03-30 02:00:00,20.5,63,988.8,49,14.8,0.0,0.0,0.0,0.0,27.5398,71.9153,Bhadla_Solar_Park
2023-03-30 03:00:00,20.4,61,988.0,27,11.9,0.0,0.0,0.0,0.0,27.5398,71.9153,Bhadla_Solar_Park
2023-03-30 04:00:00,19.1,70,987.9,16,8.6,0.0,0.0,0.0,0.0,27.5398,71.9153,Bhadla_Solar_Park
2023-03-30 05:00:00,18.8,80,988.2,1,7.4,0.0,0.0,0.0,0.0,27.5398,71.9153,Bhadla_Solar_Park
2023-03-30 06:00:00,18.0,82,988.4,0,9.8,0.0,0.0,0.0,0.0,27.5398,71.9153,Bhadla_Solar_Park
2023-03-30 07:00:00,18.3,81,988.8,6,8.3,38.0,74.5,29.0,9.0,27.5398,71.9153,Bhadla_Solar_Park
2023-03-30 08:00:00,20.6,74,990.4,96,11.4,200.0,300.3,108.0,92.0,27.5398,71.9153,Bhadla_Solar_Park
2023-03-30 09:00:00,22.0,67,991.1,100,12.4,256.0,99.2,205.0,51.0,27.5398,71.9153,Bhadla_Solar_Park
2023-03-30 10:00:00,21.3,60,991.8,100,27.4,262.0,36.3,237.0,25.0,27.5398,71.9153,Bhadla_Solar_Park
2023-03-30 11:00:00,21.4,62,991.2,98,7.2,392.0,135.7,281.0,111.0,27.5398,71.9153,Bhadla_Solar_Park
2023-03-30 12:00:00,22.3,63,990.1,24,3.3,337.0,52.6,290.0,47.0,27.5398,71.9153,Bhadla_Solar_Park
2023-03-30 13:00:00,24.9,53,988.6,23,7.1,783.0,543.4,288.0,495.0,27.5398,71.9153,Bhadla_Solar_Park
2023-03-30 14:00:00,26.6,46,987.5,45,5.8,737.0,534.7,273.0,464.0,27.5398,71.9153,Bhadla_Solar_Park
2023-03-30 15:00:00,28.1,40,986.2,41,3.3,582.0,431.3,251.0,331.0,27.5398,71.9153,Bhadla_Solar_Park
2023-03-30 16:00:00,28.0,35,985.8,29,11.7,464.0,427.9,200.0,264.0,27.5398,71.9153,Bhadla_Solar_Park
2023-03-30 17:00:00,26.1,42,986.9,50,22.3,269.0,288.4,146.0,123.0,27.5398,71.9153,Bhadla_Solar_Park
2023-03-30 18:00:00,25.6,46,986.7,53,12.7,86.0,47.9,76.0,10.0,27.5398,71.9153,Bhadla_Solar_Park
2023-03-30 19:00:00,24.1,57,987.2,33,7.4,7.0,0.0,7.0,0.0,27.5398,71.9153,Bhadla_Solar_Park
2023-03-30 20:00:00,22.9,68,987.8,8,5.5,0.0,0.0,0.0,0.0,27.5398,71.9153,Bhadla_Solar_Park
2023-03-30 21:00:00,21.4,74,988.5,6,5.5,0.0,0.0,0.0,0.0,27.5398,71.9153,Bhadla_Solar_Park
2023-03-30 22:00:00,20.6,79,988.8,7,3.4,0.0,0.0,0.0,0.0,27.5398,71.9153,Bhadla_Solar_Park
2023-03-30 23:00:00,19.9,77,988.7,14,7.3,0.0,0.0,0.0,0.0,27.5398,71.9153,Bhadla_Solar_Park
2023-03-31 00:00:00,19.0,82,988.4,3,6.2,0.0,0.0,0.0,0.0,27.5398,71.9153,Bhadla_Solar_Park
2023-03-31 01:00:00,18.5,86,987.9,1,5.4,0.0,0.0,0.0,0.0,27.5398,71.9153,Bhadla_Solar_Park
2023-03-31 02:00:00,18.7,83,987.4,7,9.7,0.0,0.0,0.0,0.0,27.5398,71.9153,Bhadla_Solar_Park
2023-03-31 03:00:00,18.3,84,986.9,0,9.9,0.0,0.0,0.0,0.0,27.5398,71.9153,Bhadla_Solar_Park
2023-03-31 04:00:00,17.6,87,986.7,1,8.4,0.0,0.0,0.0,0.0,27.5398,71.9153,Bhadla_Solar_Park
2023-03-31 05:00:00,16.8,92,987.0,1,6.3,0.0,0.0,0.0,0.0,27.5398,71.9153,Bhadla_Solar_Park
2023-03-31 06:00:00,17.1,91,987.9,12,7.8,0.0,0.0,0.0,0.0,27.5398,71.9153,Bhadla_Solar_Park
2023-03-31 07:00:00,17.6,88,988.5,9,6.8,38.0,65.0,30.0,8.0,27.5398,71.9153,Bhadla_Solar_Park
2023-03-31 08:00:00,19.1,78,989.5,18,6.8,196.0,276.9,110.0,86.0,27.5398,71.9153,Bhadla_Solar_Park
2023-03-31 09:00:00,21.2,68,989.9,6,5.6,401.0,448.0,169.0,232.0,27.5398,71.9153,Bhadla_Solar_Park
2023-03-31 10:00:00,23.1,60,990.2,24,3.8,598.0,566.3,206.0,392.0,27.5398,71.9153,Bhadla_Solar_Park
2023-03-31 11:00:00,24.6,54,990.0,14,11.5,733.0,585.6,252.0,481.0,27.5398,71.9153,Bhadla_Solar_Park
2023-03-31 12:00:00,25.7,50,989.3,36,14.9,804.0,614.3,253.0,551.0,27.5398,71.9153,Bhadla_Solar_Park
2023-03-31 13:00:00,26.3,47,988.3,27,15.0,779.0,552.8,274.0,505.0,27.5398,71.9153,Bhadla_Solar_Park
2023-03-31 14:00:00,27.0,43,987.2,21,15.7,779.0,606.8,251.0,528.0,27.5398,71.9153,Bhadla_Solar_Park
2023-03-31 15:00:00,27.6,40,986.4,13,18.3,678.0,580.8,231.0,447.0,27.5398,71.9153,Bhadla_Solar_Park
2023-03-31 16:00:00,27.4,39,985.9,11,19.3,507.0,513.8,189.0,318.0,27.5398,71.9153,Bhadla_Solar_Park
2023-03-31 17:00:00,27.7,35,986.2,14,18.9,311.0,396.9,141.0,170.0,27.5398,71.9153,Bhadla_Solar_Park
2023-03-31 18:00:00,26.9,37,986.6,3,15.9,113.0,180.2,75.0,38.0,27.5398,71.9153,Bhadla_Solar_Park
2023-03-31 19:00:00,25.9,42,987.2,1,11.3,8.0,14.0,7.0,1.0,27.5398,71.9153,Bhadla_Solar_Park
2023-03-31 20:00:00,24.9,45,987.9,2,10.7,0.0,0.0,0.0,0.0,27.5398,71.9153,Bhadla_Solar_Park
2023-03-31 21:00:00,23.7,50,988.6,10,8.4,0.0,0.0,0.0,0.0,27.5398,71.9153,Bhadla_Solar_Park
2023-03-31 22:00:00,23.0,56,989.1,24,6.2,0.0,0.0,0.0,0.0,27.5398,71.9153,Bhadla_Solar_Park
2023-03-31 23:00:00,22.7,53,989.3,15,11.5,0.0,0.0,0.0,0.0,27.5398,71.9153,Bhadla_Solar_Park
2023-04-01 00:00:00,21.5,57,989.5,0,14.2,0.0,0.0,0.0,0.0,27.5398,71.9153,Bhadla_Solar_Park
2023-04-01 01:00:00,20.6,61,989.2,0,12.3,0.0,0.0,0.0,0.0,27.5398,71.9153,Bhadla_Solar_Park
2023-04-01 02:00:00,19.7,65,988.8,0,11.4,0.0,0.0,0.0,0.0,27.5398,71.9153,Bhadla_Solar_Park
2023-04-01 03:00:00,18.9,70,988.5,0,9.2,0.0,0.0,0.0,0.0,27.5398,71.9153,Bhadla_Solar_Park
2023-04-01 04:00:00,17.9,77,988.3,0,6.6,0.0,0.0,0.0,0.0,27.5398,71.9153,Bhadla_Solar_Park
2023-04-01 05:00:00,17.7,81,988.4,0,6.9,0.0,0.0,0.0,0.0,27.5398,71.9153,Bhadla_Solar_Park
2023-04-01 06:00:00,17.4,83,989.1,0,6.2,0.0,0.0,0.0,0.0,27.5398,71.9153,Bhadla_Solar_Park
2023-04-01 07:00:00,18.8,76,989.9,0,4.1,41.0,71.9,32.0,9.0,27.5398,71.9153,Bhadla_Solar_Park
2023-04-01 08:00:00,20.7,69,990.8,51,1.4,206.0,305.1,110.0,96.0,27.5398,71.9153,Bhadla_Solar_Park
2023-04-01 09:00:00,23.1,61,991.3,74,1.8,408.0,446.5,175.0,233.0,27.5398,71.9153,Bhadla_Solar_Park
2023-04-01 10:00:00,25.9,51,991.5,18,2.4,602.0,549.1,220.0,382.0,27.5398,71.9153,Bhadla_Solar_Park
2023-04-01 11:00:00,28.2,39,991.2,49,4.5,769.0,663.3,222.0,547.0,27.5398,71.9153,Bhadla_Solar_Park
2023-04-01 12:00:00,29.9,32,990.5,85,8.3,848.0,656.8,257.0,591.0,27.5398,71.9153,Bhadla_Solar_Park
2023-04-01 13:00:00,31.2,27,989.7,36,13.3,847.0,644.0,257.0,590.0,27.5398,71.9153,Bhadla_Solar_Park
2023-04-01 14:00:00,32.0,23,988.7,17,14.6,769.0,619.0,229.0,540.0,27.5398,71.9153,Bhadla_Solar_Park
2023-04-01 15:00:00,32.4,21,987.6,11,12.9,667.0,570.1,227.0,440.0,27.5398,71.9153,Bhadla_Solar_Park
2023-04-01 16:00:00,32.6,20,986.9,27,13.9,525.0,542.8,188.0,337.0,27.5398,71.9153,Bhadla_Solar_Park
2023-04-01 17:00:00,32.0,20,986.9,8,12.1,288.0,332.4,145.0,143.0,27.5398,71.9153,Bhadla_Solar_Park
2023-04-01 18:00:00,31.4,21,987.1,23,12.3,119.0,192.7,78.0,41.0,27.5398,71.9153,Bhadla_Solar_Park
2023-04-01 19:00:00,29.8,25,987.3,10,16.1,8.0,13.8,7.0,1.0,27.5398,71.9153,Bhadla_Solar_Park
2023-04-01 20:00:00,28.7,28,988.1,10,17.1,0.0,0.0,0.0,0.0,27.5398,71.9153,Bhadla_Solar_Park
2023-04-01 21:00:00,27.2,31,988.4,8,9.6,0.0,0.0,0.0,0.0,27.5398,71.9153,Bhadla_Solar_Park
2023-04-01 22:00:00,25.8,35,988.7,4,9.3,0.0,0.0,0.0,0.0,27.5398,71.9153,Bhadla_Solar_Park
2023-04-01 23:00:00,24.5,38,988.8,0,12.4,0.0,0.0,0.0,0.0,27.5398,71.9153,Bhadla_Solar_Park
2023-04-02 00:00:00,23.6,43,988.5,0,13.6,0.0,0.0,0.0,0.0,27.5398,71.9153,Bhadla_Solar_Park
2023-04-02 01:00:00,22.9,45,988.4,0,14.5,0.0,0.0,0.0,0.0,27.5398,71.9153,Bhadla_Solar_Park
2023-04-02 02:00:00,22.4,45,988.0,0,15.2,0.0,0.0,0.0,0.0,27.5398,71.9153,Bhadla_Solar_Park
2023-04-02 03:00:00,22.1,46,987.4,0,14.3,0.0,0.0,0.0,0.0,27.5398,71.9153,Bhadla_Solar_Park
2023-04-02 04:00:00,21.7,47,987.1,0,13.9,0.0,0.0,0.0,0.0,27.5398,71.9153,Bhadla_Solar_Park
2023-04-02 05:00:00,22.2,44,987.5,0,13.8,0.0,0.0,0.0,0.0,27.5398,71.9153,Bhadla_Solar_Park
2023-04-02 06:00:00,20.5,51,988.3,0,9.8,0.0,0.0,0.0,0.0,27.5398,71.9153,Bhadla_Solar_Park
2023-04-02 07:00:00,21.0,62,989.1,0,4.1,44.0,78.6,34.0,10.0,27.5398,71.9153,Bhadla_Solar_Park
2023-04-02 08:00:00,23.2,42,990.2,0,4.0,214.0,320.0,112.0,102.0,27.5398,71.9153,Bhadla_Solar_Park
2023-04-02 09:00:00,25.4,35,990.6,0,7.1,431.0,506.1,165.0,266.0,27.5398,71.9153,Bhadla_Solar_Park
2023-04-02 10:00:00,27.3,31,990.5,0,8.6,633.0,620.7,199.0,434.0,27.5398,71.9153,Bhadla_Solar_Park
2023-04-02 11:00:00,29.1,27,990.0,0,9.2,791.0,688.5,221.0,570.0,27.5398,71.9153,Bhadla_Solar_Park
2023-04-02 12:00:00,30.8,24,989.4,0,8.9,884.0,720.0,234.0,650.0,27.5398,71.9153,Bhadla_Solar_Park
2023-04-02 13:00:00,32.3,22,988.4,0,10.3,902.0,726.0,235.0,667.0,27.5398,71.9153,Bhadla_Solar_Park
2023-04-02 14:00:00,33.6,19,987.2,32,15.0,841.0,700.8,228.0,613.0,27.5398,71.9153,Bhadla_Solar_Park
2023-04-02 15:00:00,33.7,18,986.1,28,17.1,611.0,500.1,224.0,387.0,27.5398,71.9153,Bhadla_Solar_Park
2023-04-02 16:00:00,33.8,18,985.4,17,18.4,465.0,438.3,192.0,273.0,27.5398,71.9153,Bhadla_Solar_Park
2023-04-02 17:00:00,32.6,19,985.8,15,14.2,308.0,386.5,141.0,167.0,27.5398,71.9153,Bhadla_Solar_Park
2023-04-02 18:00:00,31.9,19,985.8,6,9.6,123.0,205.0,79.0,44.0,27.5398,71.9153,Bhadla_Solar_Park
2023-04-02 19:00:00,29.0,29,986.0,15,6.6,9.0,13.6,8.0,1.0,27.5398,71.9153,Bhadla_Solar_Park
2023-04-02 20:00:00,28.0,27,986.3,2,8.8,0.0,0.0,0.0,0.0,27.5398,71.9153,Bhadla_Solar_Park
2023-04-02 21:00:00,26.7,30,986.8,4,8.9,0.0,0.0,0.0,0.0,27.5398,71.9153,Bhadla_Solar_Park
2023-04-02 22:00:00,27.8,27,987.4,1,1.8,0.0,0.0,0.0,0.0,27.5398,71.9153,Bhadla_Solar_Park
2023-04-02 23:00:00,24.7,31,986.9,1,12.2,0.0,0.0,0.0,0.0,27.5398,71.9153,Bhadla_Solar_Park
2023-04-03 00:00:00,23.7,29,986.5,0,12.1,0.0,0.0,0.0,0.0,27.5398,71.9153,Bhadla_Solar_Park
2023-04-03 01:00:00,24.3,28,985.9,0,16.6,0.0,0.0,0.0,0.0,27.5398,71.9153,Bhadla_Solar_Park
2023-04-03 02:00:00,23.4,34,985.7,0,16.1,0.0,0.0,0.0,0.0,27.5398,71.9153,Bhadla_Solar_Park
2023-04-03 03:00:00,22.9,38,985.3,0,17.4,0.0,0.0,0.0,0.0,27.5398,71.9153,Bhadla_Solar_Park
2023-04-03 04:00:00,22.7,43,985.4,0,19.2,0.0,0.0,0.0,0.0,27.5398,71.9153,Bhadla_Solar_Park
2023-04-03 05:00:00,22.4,54,985.4,0,13.2,0.0,0.0,0.0,0.0,27.5398,71.9153,Bhadla_Solar_Park
2023-04-03 06:00:00,21.9,58,985.8,0,13.2,0.0,0.0,0.0,0.0,27.5398,71.9153,Bhadla_Solar_Park
2023-04-03 07:00:00,22.4,59,986.5,0,13.8,46.0,85.1,35.0,11.0,27.5398,71.9153,Bhadla_Solar_Park
2023-04-03 08:00:00,24.2,56,987.5,0,14.6,218.0,325.3,113.0,105.0,27.5398,71.9153,Bhadla_Solar_Park
2023-04-03 09:00:00,25.9,52,988.0,0,18.0,431.0,504.4,164.0,267.0,27.5398,71.9153,Bhadla_Solar_Park
2023-04-03 10:00:00,27.9,45,987.8,0,16.3,629.0,613.3,198.0,431.0,27.5398,71.9153,Bhadla_Solar_Park
2023-04-03 11:00:00,29.8,39,987.5,0,15.6,783.0,677.5,220.0,563.0,27.5398,71.9153,Bhadla_Solar_Park
2023-04-03 12:00:00,31.4,34,987.0,0,16.1,867.0,702.3,231.0,636.0,27.5398,71.9153,Bhadla_Solar_Park
2023-04-03 13:00:00,32.6,32,986.0,7,17.7,881.0,703.4,233.0,648.0,27.5398,71.9153,Bhadla_Solar_Park
2023-04-03 14:00:00,34.0,28,985.0,8,17.8,801.0,648.8,232.0,569.0,27.5398,71.9153,Bhadla_Solar_Park
2023-04-03 15:00:00,34.4,25,984.2,26,24.8,663.0,576.2,216.0,447.0,27.5398,71.9153,Bhadla_Solar_Park
2023-04-03 16:00:00,34.1,25,983.9,18,24.8,456.0,422.6,192.0,264.0,27.5398,71.9153,Bhadla_Solar_Park
2023-04-03 17:00:00,31.4,33,985.1,27,13.7,288.0,350.3,136.0,152.0,27.5398,71.9153,Bhadla_Solar_Park
2023-04-03 18:00:00,31.0,33,985.6,17,14.3,116.0,189.4,75.0,41.0,27.5398,71.9153,Bhadla_Solar_Park
2023-04-03 19:00:00,29.8,36,986.4,21,15.0,8.0,13.4,7.0,1.0,27.5398,71.9153,Bhadla_Solar_Park
2023-04-03 20:00:00,29.0,36,986.7,17,15.2,0.0,0.0,0.0,0.0,27.5398,71.9153,Bhadla_Solar_Park
2023-04-03 21:00:00,28.0,39,987.1,15,15.8,0.0,0.0,0.0,0.0,27.5398,71.9153,Bhadla_Solar_Park
2023-04-03 22:00:00,26.8,40,987.4,2,9.5,0.0,0.0,0.0,0.0,27.5398,71.9153,Bhadla_Solar_Park
2023-04-03 23:00:00,26.1,42,987.7,5,4.3,0.0,0.0,0.0,0.0,27.5398,71.9153,Bhadla_Solar_Park
2023-04-04 00:00:00,25.0,45,987.6,0,4.8,0.0,0.0,0.0,0.0,27.5398,71.9153,Bhadla_Solar_Park
2023-04-04 01:00:00,23.5,48,987.3,0,10.0,0.0,0.0,0.0,0.0,27.5398,71.9153,Bhadla_Solar_Park
2023-04-04 02:00:00,22.4,51,987.1,0,11.1,0.0,0.0,0.0,0.0,27.5398,71.9153,Bhadla_Solar_Park
2023-04-04 03:00:00,21.4,56,987.2,0,9.7,0.0,0.0,0.0,0.0,27.5398,71.9153,Bhadla_Solar_Park
2023-04-04 04:00:00,20.6,62,987.8,4,4.5,0.0,0.0,0.0,0.0,27.5398,71.9153,Bhadla_Solar_Park
2023-04-04 05:00:00,19.7,77,989.2,41,18.8,0.0,0.0,0.0,0.0,27.5398,71.9153,Bhadla_Solar_Park
2023-04-04 06:00:00,19.4,77,989.5,0,17.3,0.0,0.0,0.0,0.0,27.5398,71.9153,Bhadla_Solar_Park
2023-04-04 07:00:00,19.7,75,990.4,0,15.3,47.0,83.8,36.0,11.0,27.5398,71.9153,Bhadla_Solar_Park
2023-04-04 08:00:00,21.5,67,991.2,0,14.6,217.0,312.2,115.0,102.0,27.5398,71.9153,Bhadla_Solar_Park
2023-04-04 09:00:00,24.5,54,991.8,0,15.0,430.0,495.2,166.0,264.0,27.5398,71.9153,Bhadla_Solar_Park
2023-04-04 10:00:00,27.4,43,992.0,0,15.1,627.0,604.7,200.0,427.0,27.5398,71.9153,Bhadla_Solar_Park
2023-04-04 11:00:00,29.3,37,991.8,0,10.2,780.0,667.8,223.0,557.0,27.5398,71.9153,Bhadla_Solar_Park
2023-04-04 12:00:00,30.6,33,991.2,3,5.8,870.0,699.1,235.0,635.0,27.5398,71.9153,Bhadla_Solar_Park
2023-04-04 13:00:00,31.7,30,990.3,7,4.0,877.0,687.5,242.0,635.0,27.5398,71.9153,Bhadla_Solar_Park
2023-04-04 14:00:00,32.5,26,989.3,21,2.4,805.0,641.5,241.0,564.0,27.5398,71.9153,Bhadla_Solar_Park
2023-04-04 15:00:00,33.2,22,988.6,20,3.6,653.0,536.1,236.0,417.0,27.5398,71.9153,Bhadla_Solar_Park
2023-04-04 16:00:00,33.5,22,988.2,18,8.6,493.0,470.8,198.0,295.0,27.5398,71.9153,Bhadla_Solar_Park
2023-04-04 17:00:00,32.6,21,989.0,79,14.1,260.0,280.0,138.0,122.0,27.5398,71.9153,Bhadla_Solar_Park
2023-04-04 18:00:00,31.5,24,989.4,28,18.6,95.0,100.8,73.0,22.0,27.5398,71.9153,Bhadla_Solar_Park
2023-04-04 19:00:00,30.2,27,989.9,8,17.3,9.0,13.3,8.0,1.0,27.5398,71.9153,Bhadla_Solar_Park
2023-04-04 20:00:00,28.8,32,990.3,9,12.8,0.0,0.0,0.0,0.0,27.5398,71.9153,Bhadla_Solar_Park
2023-04-04 21:00:00,27.3,37,990.7,1,10.5,0.0,0.0,0.0,0.0,27.5398,71.9153,Bhadla_Solar_Park
2023-04-04 22:00:00,26.1,40,990.7,0,14.2,0.0,0.0,0.0,0.0,27.5398,71.9153,Bhadla_Solar_Park
2023-04-04 23:00:00,25.8,36,990.4,0,14.9,0.0,0.0,0.0,0.0,27.5398,71.9153,Bhadla_Solar_Park
2023-04-05 00:00:00,25.0,37,990.4,0,17.2,0.0,0.0,0.0,0.0,27.5398,71.9153,Bhadla_Solar_Park
2023-04-05 01:00:00,24.2,39,989.9,0,15.5,0.0,0.0,0.0,0.0,27.5398,71.9153,Bhadla_Solar_Park
2023-04-05 02:00:00,23.4,40,989.6,0,15.3,0.0,0.0,0.0,0.0,27.5398,71.9153,Bhadla_Solar_Park
2023-04-05 03:00:00,22.6,43,989.3,0,14.8,0.0,0.0,0.0,0.0,27.5398,71.9153,Bhadla_Solar_Park
2023-04-05 04:00:00,22.1,47,989.4,0,16.2,0.0,0.0,0.0,0.0,27.5398,71.9153,Bhadla_Solar_Park
2023-04-05 05:00:00,21.9,48,989.6,0,17.0,0.0,0.0,0.0,0.0,27.5398,71.9153,Bhadla_Solar_Park
2023-04-05 06:00:00,21.7,49,990.4,0,17.0,0.0,0.0,0.0,0.0,27.5398,71.9153,Bhadla_Solar_Park
2023-04-05 07:00:00,22.3,47,990.9,0,16.3,49.0,90.0,37.0,12.0,27.5398,71.9153,Bhadla_Solar_Park
2023-04-05 08:00:00,24.3,42,991.3,0,17.3,220.0,314.5,116.0,104.0,27.5398,71.9153,Bhadla_Solar_Park
2023-04-05 09:00:00,27.1,36,991.8,0,18.0,437.0,501.2,168.0,269.0,27.5398,71.9153,Bhadla_Solar_Park
2023-04-05 10:00:00,30.2,29,991.8,0,19.5,637.0,613.1,202.0,435.0,27.5398,71.9153,Bhadla_Solar_Park
2023-04-05 11:00:00,32.4,22,991.5,6,15.5,791.0,676.1,225.0,566.0,27.5398,71.9153,Bhadla_Solar_Park
2023-04-05 12:00:00,33.6,18,990.9,14,10.1,875.0,697.1,240.0,635.0,27.5398,71.9153,Bhadla_Solar_Park
2023-04-05 13:00:00,34.0,16,989.7,9,8.4,860.0,640.4,267.0,593.0,27.5398,71.9153,Bhadla_Solar_Park
2023-04-05 14:00:00,34.5,15,988.4,44,9.0,823.0,650.2,250.0,573.0,27.5398,71.9153,Bhadla_Solar_Park
2023-04-05 15:00:00,34.9,14,987.5,37,10.1,696.0,587.4,238.0,458.0,27.5398,71.9153,Bhadla_Solar_Park
2023-04-05 16:00:00,34.8,14,986.9,22,10.8,541.0,557.0,191.0,350.0,27.5398,71.9153,Bhadla_Solar_Park
2023-04-05 17:00:00,34.9,13,987.0,6,13.9,317.0,381.7,150.0,167.0,27.5398,71.9153,Bhadla_Solar_Park
2023-04-05 18:00:00,34.2,13,987.4,25,12.5,120.0,190.7,78.0,42.0,27.5398,71.9153,Bhadla_Solar_Park
2023-04-05 19:00:00,32.2,15,988.5,50,15.0,9.0,13.1,8.0,1.0,27.5398,71.9153,Bhadla_Solar_Park
2023-04-05 20:00:00,27.1,37,989.6,35,19.6,0.0,0.0,0.0,0.0,27.5398,71.9153,Bhadla_Solar_Park
2023-04-05 21:00:00,26.8,39,990.3,17,25.9,0.0,0.0,0.0,0.0,27.5398,71.9153,Bhadla_Solar_Park
2023-04-05 22:00:00,26.3,34,990.7,0,24.1,0.0,0.0,0.0,0.0,27.5398,71.9153,Bhadla_Solar_Park
2023-04-05 23:00:00,25.3,36,990.4,0,19.3,0.0,0.0,0.0,0.0,27.5398,71.9153,Bhadla_Solar_Park
2023-04-06 00:00:00,24.5,39,990.3,0,17.9,0.0,0.0,0.0,0.0,27.5398,71.9153,Bhadla_Solar_Park
2023-04-06 01:00:00,23.5,43,990.2,0,16.4,0.0,0.0,0.0,0.0,27.5398,71.9153,Bhadla_Solar_Park
2023-04-06 02:00:00,22.9,44,989.8,0,18.3,0.0,0.0,0.0,0.0,27.5398,71.9153,Bhadla_Solar_Park
2023-04-06 03:00:00,22.6,42,989.8,0,21.7,0.0,0.0,0.0,0.0,27.5398,71.9153,Bhadla_Solar_Park
2023-04-06 04:00:00,22.3,43,989.7,0,23.8,0.0,0.0,0.0,0.0,27.5398,71.9153,Bhadla_Solar_Park
2023-04-06 05:00:00,20.4,60,991.1,0,18.7,0.0,0.0,0.0,0.0,27.5398,71.9153,Bhadla_Solar_Park
2023-04-06 06:00:00,20.6,56,991.9,0,18.7,0.0,0.0,0.0,0.0,27.5398,71.9153,Bhadla_Solar_Park
2023-04-06 07:00:00,21.6,51,992.7,0,19.8,51.0,96.1,38.0,13.0,27.5398,71.9153,Bhadla_Solar_Park
2023-04-06 08:00:00,24.1,43,993.4,0,21.1,225.0,319.9,118.0,107.0,27.5398,71.9153,Bhadla_Solar_Park
2023-04-06 09:00:00,26.9,34,994.0,0,24.5,440.0,499.7,170.0,270.0,27.5398,71.9153,Bhadla_Solar_Park
2023-04-06 10:00:00,29.7,26,994.2,0,27.1,639.0,608.9,205.0,434.0,27.5398,71.9153,Bhadla_Solar_Park
2023-04-06 11:00:00,31.8,21,993.9,0,22.3,792.0,671.4,228.0,564.0,27.5398,71.9153,Bhadla_Solar_Park
2023-04-06 12:00:00,33.0,18,993.4,19,14.8,883.0,703.8,240.0,643.0,27.5398,71.9153,Bhadla_Solar_Park
2023-04-06 13:00:00,33.6,16,992.8,20,13.4,800.0,576.3,265.0,535.0,27.5398,71.9153,Bhadla_Solar_Park
2023-04-06 14:00:00,34.2,15,991.9,13,11.8,803.0,610.2,264.0,539.0,27.5398,71.9153,Bhadla_Solar_Park
2023-04-06 15:00:00,34.5,15,991.3,3,12.1,661.0,551.4,230.0,431.0,27.5398,71.9153,Bhadla_Solar_Park
2023-04-06 16:00:00,34.5,14,990.8,58,14.5,524.0,528.4,191.0,333.0,27.5398,71.9153,Bhadla_Solar_Park
2023-04-06 17:00:00,33.4,16,991.4,32,16.1,284.0,311.9,147.0,137.0,27.5398,71.9153,Bhadla_Solar_Park
2023-04-06 18:00:00,32.4,17,991.8,22,19.7,111.0,162.1,75.0,36.0,27.5398,71.9153,Bhadla_Solar_Park
2023-04-06 19:00:00,30.6,20,992.0,1,21.6,10.0,13.0,9.0,1.0,27.5398,71.9153,Bhadla_Solar_Park
2023-04-06 20:00:00,29.5,23,992.4,0,21.6,0.0,0.0,0.0,0.0,27.5398,71.9153,Bhadla_Solar_Park
2023-04-06 21:00:00,28.5,25,993.2,0,24.2,0.0,0.0,0.0,0.0,27.5398,71.9153,Bhadla_Solar_Park
2023-04-06 22:00:00,27.7,29,993.7,0,24.4,0.0,0.0,0.0,0.0,27.5398,71.9153,Bhadla_Solar_Park
2023-04-06 23:00:00,26.7,31,993.7,0,24.5,0.0,0.0,0.0,0.0,27.5398,71.9153,Bhadla_Solar_Park
2023-04-07 00:00:00,25.9,31,993.8,0,22.3,0.0,0.0,0.0,0.0,27.5398,71.9153,Bhadla_Solar_Park
2023-04-07 01:00:00,25.1,33,993.7,0,21.0,0.0,0.0,0.0,0.0,27.5398,71.9153,Bhadla_Solar_Park
2023-04-07 02:00:00,24.2,36,993.6,0,21.1,0.0,0.0,0.0,0.0,27.5398,71.9153,Bhadla_Solar_Park
2023-04-07 03:00:00,23.6,39,993.5,0,20.8,0.0,0.0,0.0,0.0,27.5398,71.9153,Bhadla_Solar_Park
2023-04-07 04:00:00,22.9,42,993.4,1,19.2,0.0,0.0,0.0,0.0,27.5398,71.9153,Bhadla_Solar_Park
2023-04-07 05:00:00,22.7,43,994.0,9,17.3,0.0,0.0,0.0,0.0,27.5398,71.9153,Bhadla_Solar_Park
2023-04-07 06:00:00,22.4,44,994.7,23,17.7,0.0,0.0,0.0,0.0,27.5398,71.9153,Bhadla_Solar_Park
2023-04-07 07:00:00,23.2,43,995.4,13,16.4,52.0,87.5,40.0,12.0,27.5398,71.9153,Bhadla_Solar_Park
2023-04-07 08:00:00,25.2,38,996.2,18,16.0,227.0,307.5,123.0,104.0,27.5398,71.9153,Bhadla_Solar_Park
2023-04-07 09:00:00,28.2,31,996.8,3,18.8,442.0,492.8,174.0,268.0,27.5398,71.9153,Bhadla_Solar_Park
2023-04-07 10:00:00,31.4,19,996.9,1,23.4,642.0,602.0,211.0,431.0,27.5398,71.9153,Bhadla_Solar_Park
2023-04-07 11:00:00,33.3,12,996.5,0,22.7,795.0,662.0,237.0,558.0,27.5398,71.9153,Bhadla_Solar_Park
2023-04-07 12:00:00,34.4,11,995.8,0,19.6,890.0,701.9,247.0,643.0,27.5398,71.9153,Bhadla_Solar_Park
2023-04-07 13:00:00,35.0,11,994.7,0,16.1,910.0,710.3,249.0,661.0,27.5398,71.9153,Bhadla_Solar_Park
2023-04-07 14:00:00,35.3,12,993.8,0,14.5,854.0,692.4,241.0,613.0,27.5398,71.9153,Bhadla_Solar_Park
2023-04-07 15:00:00,35.6,12,993.1,10,15.5,727.0,644.6,222.0,505.0,27.5398,71.9153,Bhadla_Solar_Park
2023-04-07 16:00:00,35.2,12,992.5,17,17.4,557.0,580.7,190.0,367.0,27.5398,71.9153,Bhadla_Solar_Park
2023-04-07 17:00:00,34.2,13,992.9,5,13.1,325.0,390.0,153.0,172.0,27.5398,71.9153,Bhadla_Solar_Park
2023-04-07 18:00:00,33.1,14,993.2,39,19.8,114.0,142.9,82.0,32.0,27.5398,71.9153,Bhadla_Solar_Park
2023-04-07 19:00:00,31.3,14,993.5,0,18.2,10.0,12.8,9.0,1.0,27.5398,71.9153,Bhadla_Solar_Park
2023-04-07 20:00:00,30.1,15,993.8,0,20.9,0.0,0.0,0.0,0.0,27.5398,71.9153,Bhadla_Solar_Park
2023-04-07 21:00:00,28.9,16,994.4,0,21.6,0.0,0.0,0.0,0.0,27.5398,71.9153,Bhadla_Solar_Park
2023-04-07 22:00:00,28.0,16,994.9,0,21.7,0.0,0.0,0.0,0.0,27.5398,71.9153,Bhadla_Solar_Park
2023-04-07 23:00:00,27.0,18,994.9,0,21.0,0.0,0.0,0.0,0.0,27.5398,71.9153,Bhadla_Solar_Park
2023-04-08 00:00:00,26.0,20,994.7,0,19.7,0.0,0.0,0.0,0.0,27.5398,71.9153,Bhadla_Solar_Park
2023-04-08 01:00:00,25.1,22,994.9,0,18.1,0.0,0.0,0.0,0.0,27.5398,71.9153,Bhadla_Solar_Park
2023-04-08 02:00:00,23.8,24,994.7,0,14.5,0.0,0.0,0.0,0.0,27.5398,71.9153,Bhadla_Solar_Park
2023-04-08 03:00:00,22.9,26,994.5,0,13.4,0.0,0.0,0.0,0.0,27.5398,71.9153,Bhadla_Solar_Park
2023-04-08 04:00:00,21.8,29,994.2,0,11.9,0.0,0.0,0.0,0.0,27.5398,71.9153,Bhadla_Solar_Park
2023-04-08 05:00:00,22.2,29,994.5,0,14.9,0.0,0.0,0.0,0.0,27.5398,71.9153,Bhadla_Solar_Park
2023-04-08 06:00:00,22.2,28,994.9,0,16.7,0.0,0.0,0.0,0.0,27.5398,71.9153,Bhadla_Solar_Park
2023-04-08 07:00:00,23.2,27,995.6,0,16.2,57.0,100.7,43.0,14.0,27.5398,71.9153,Bhadla_Solar_Park
2023-04-08 08:00:00,25.9,25,996.5,0,11.9,237.0,330.5,124.0,113.0,27.5398,71.9153,Bhadla_Solar_Park
2023-04-08 09:00:00,29.1,21,997.1,0,15.6,456.0,509.9,177.0,279.0,27.5398,71.9153,Bhadla_Solar_Park
2023-04-08 10:00:00,31.7,15,997.3,0,20.0,659.0,620.3,213.0,446.0,27.5398,71.9153,Bhadla_Solar_Park
2023-04-08 11:00:00,33.1,12,997.0,0,17.7,813.0,681.1,237.0,576.0,27.5398,71.9153,Bhadla_Solar_Park
2023-04-08 12:00:00,34.1,10,996.3,0,13.6,902.0,710.9,249.0,653.0,27.5398,71.9153,Bhadla_Solar_Park
2023-04-08 13:00:00,34.7,9,995.4,0,8.4,920.0,716.1,252.0,668.0,27.5398,71.9153,Bhadla_Solar_Park
2023-04-08 14:00:00,35.0,9,994.5,0,6.3,864.0,699.8,243.0,621.0,27.5398,71.9153,Bhadla_Solar_Park
2023-04-08 15:00:00,35.3,8,993.8,0,6.6,740.0,657.1,224.0,516.0,27.5398,71.9153,Bhadla_Solar_Park
2023-04-08 16:00:00,35.2,8,993.2,0,6.0,563.0,580.7,195.0,368.0,27.5398,71.9153,Bhadla_Solar_Park
2023-04-08 17:00:00,34.9,8,993.1,0,1.8,347.0,440.4,152.0,195.0,27.5398,71.9153,Bhadla_Solar_Park
2023-04-08 18:00:00,34.3,8,993.3,0,6.6,134.0,212.6,86.0,48.0,27.5398,71.9153,Bhadla_Solar_Park
2023-04-08 19:00:00,32.1,11,993.4,0,14.1,11.0,12.6,10.0,1.0,27.5398,71.9153,Bhadla_Solar_Park
2023-04-08 20:00:00,30.9,11,993.8,0,15.5,0.0,0.0,0.0,0.0,27.5398,71.9153,Bhadla_Solar_Park
2023-04-08 21:00:00,29.6,13,994.5,0,14.5,0.0,0.0,0.0,0.0,27.5398,71.9153,Bhadla_Solar_Park
2023-04-08 22:00:00,28.3,16,995.1,0,14.4,0.0,0.0,0.0,0.0,27.5398,71.9153,Bhadla_Solar_Park
2023-04-08 23:00:00,27.0,16,994.9,1,13.7,0.0,0.0,0.0,0.0,27.5398,71.9153,Bhadla_Solar_Park
2023-04-09 00:00:00,25.4,16,994.8,0,10.8,0.0,0.0,0.0,0.0,27.5398,71.9153,Bhadla_Solar_Park
2023-04-09 01:00:00,24.4,17,994.5,0,10.5,0.0,0.0,0.0,0.0,27.5398,71.9153,Bhadla_Solar_Park
2023-04-09 02:00:00,24.0,18,994.0,0,13.4,0.0,0.0,0.0,0.0,27.5398,71.9153,Bhadla_Solar_Park
2023-04-09 03:00:00,23.3,20,993.8,0,12.6,0.0,0.0,0.0,0.0,27.5398,71.9153,Bhadla_Solar_Park
2023-04-09 04:00:00,22.1,22,994.0,0,12.6,0.0,0.0,0.0,0.0,27.5398,71.9153,Bhadla_Solar_Park
2023-04-09 05:00:00,23.0,24,994.3,0,17.5,0.0,0.0,0.0,0.0,27.5398,71.9153,Bhadla_Solar_Park
2023-04-09 06:00:00,22.4,25,994.8,0,16.2,0.0,0.0,0.0,0.0,27.5398,71.9153,Bhadla_Solar_Park
2023-04-09 07:00:00,23.5,22,995.7,0,14.5,59.0,106.4,44.0,15.0,27.5398,71.9153,Bhadla_Solar_Park
2023-04-09 08:00:00,26.7,18,996.7,0,11.5,240.0,332.8,125.0,115.0,27.5398,71.9153,Bhadla_Solar_Park
2023-04-09 09:00:00,30.6,14,997.3,0,13.8,458.0,510.4,177.0,281.0,27.5398,71.9153,Bhadla_Solar_Park
2023-04-09 10:00:00,34.0,9,997.3,0,18.5,661.0,617.7,215.0,446.0,27.5398,71.9153,Bhadla_Solar_Park
2023-04-09 11:00:00,35.3,9,996.8,0,13.1,816.0,681.3,238.0,578.0,27.5398,71.9153,Bhadla_Solar_Park
2023-04-09 12:00:00,35.7,8,996.1,0,3.1,908.0,713.3,251.0,657.0,27.5398,71.9153,Bhadla_Solar_Park
2023-04-09 13:00:00,36.2,7,995.3,0,1.8,927.0,720.9,253.0,674.0,27.5398,71.9153,Bhadla_Solar_Park
2023-04-09 14:00:00,36.6,7,994.1,0,2.1,870.0,702.8,245.0,625.0,27.5398,71.9153,Bhadla_Solar_Park
2023-04-09 15:00:00,36.9,7,993.3,0,7.6,747.0,667.0,222.0,525.0,27.5398,71.9153,Bhadla_Solar_Park
2023-04-09 16:00:00,37.0,7,992.6,50,21.1,567.0,588.6,193.0,374.0,27.5398,71.9153,Bhadla_Solar_Park
2023-04-09 17:00:00,36.4,7,992.1,2,20.0,271.0,256.4,157.0,114.0,27.5398,71.9153,Bhadla_Solar_Park
2023-04-09 18:00:00,34.9,8,992.5,30,17.3,124.0,171.4,85.0,39.0,27.5398,71.9153,Bhadla_Solar_Park
2023-04-09 19:00:00,32.3,11,992.6,12,7.8,11.0,12.5,10.0,1.0,27.5398,71.9153,Bhadla_Solar_Park
2023-04-09 20:00:00,32.6,10,993.0,0,3.8,0.0,0.0,0.0,0.0,27.5398,71.9153,Bhadla_Solar_Park
2023-04-09 21:00:00,30.6,12,993.7,100,5.4,0.0,0.0,0.0,0.0,27.5398,71.9153,Bhadla_Solar_Park
2023-04-09 22:00:00,27.6,14,993.6,100,8.7,0.0,0.0,0.0,0.0,27.5398,71.9153,Bhadla_Solar_Park
2023-04-09 23:00:00,26.9,14,993.3,98,11.3,0.0,0.0,0.0,0.0,27.5398,71.9153,Bhadla_Solar_Park
2023-04-10 00:00:00,25.8,16,993.0,98,7.6,0.0,0.0,0.0,0.0,27.5398,71.9153,Bhadla_Solar_Park
2023-04-10 01:00:00,27.5,14,992.7,89,2.8,0.0,0.0,0.0,0.0,27.5398,71.9153,Bhadla_Solar_Park
2023-04-10 02:00:00,26.5,17,992.2,100,3.0,0.0,0.0,0.0,0.0,27.5398,71.9153,Bhadla_Solar_Park
2023-04-10 03:00:00,23.9,19,991.4,100,8.0,0.0,0.0,0.0,0.0,27.5398,71.9153,Bhadla_Solar_Park
2023-04-10 04:00:00,23.9,19,991.3,100,9.5,0.0,0.0,0.0,0.0,27.5398,71.9153,Bhadla_Solar_Park
2023-04-10 05:00:00,24.8,20,992.1,100,15.8,0.0,0.0,0.0,0.0,27.5398,71.9153,Bhadla_Solar_Park
2023-04-10 06:00:00,24.8,20,992.7,100,15.9,0.0,0.0,0.0,0.0,27.5398,71.9153,Bhadla_Solar_Park
2023-04-10 07:00:00,25.6,20,993.5,100,15.8,41.0,14.0,39.0,2.0,27.5398,71.9153,Bhadla_Solar_Park
2023-04-10 08:00:00,26.3,20,994.1,93,16.1,101.0,2.9,100.0,1.0,27.5398,71.9153,Bhadla_Solar_Park
2023-04-10 09:00:00,30.2,16,994.8,98,16.9,401.0,319.6,224.0,177.0,27.5398,71.9153,Bhadla_Solar_Park
2023-04-10 10:00:00,33.5,13,994.8,100,19.4,602.0,445.5,279.0,323.0,27.5398,71.9153,Bhadla_Solar_Park
2023-04-10 11:00:00,35.9,10,994.8,100,21.1,709.0,431.2,342.0,367.0,27.5398,71.9153,Bhadla_Solar_Park
2023-04-10 12:00:00,36.9,9,994.1,100,15.9,801.0,447.3,388.0,413.0,27.5398,71.9153,Bhadla_Solar_Park
2023-04-10 13:00:00,37.3,9,993.1,100,8.8,787.0,404.4,408.0,379.0,27.5398,71.9153,Bhadla_Solar_Park
2023-04-10 14:00:00,37.6,8,992.1,100,4.9,792.0,490.4,355.0,437.0,27.5398,71.9153,Bhadla_Solar_Park
2023-04-10 15:00:00,38.0,8,991.2,100,3.7,678.0,466.5,310.0,368.0,27.5398,71.9153,Bhadla_Solar_Park
2023-04-10 16:00:00,37.9,8,990.7,100,4.3,435.0,251.1,275.0,160.0,27.5398,71.9153,Bhadla_Solar_Park
2023-04-10 17:00:00,36.8,10,990.8,100,3.6,201.0,69.5,170.0,31.0,27.5398,71.9153,Bhadla_Solar_Park
2023-04-10 18:00:00,36.6,10,991.0,98,4.1,86.0,26.2,80.0,6.0,27.5398,71.9153,Bhadla_Solar_Park
2023-04-10 19:00:00,35.2,12,991.2,98,3.8,10.0,0.0,10.0,0.0,27.5398,71.9153,Bhadla_Solar_Park
2023-04-10 20:00:00,33.8,12,991.9,100,14.8,0.0,0.0,0.0,0.0,27.5398,71.9153,Bhadla_Solar_Park
2023-04-10 21:00:00,32.6,14,992.8,100,15.5,0.0,0.0,0.0,0.0,27.5398,71.9153,Bhadla_Solar_Park
2023-04-10 22:00:00,31.7,21,993.4,100,31.1,0.0,0.0,0.0,0.0,27.5398,71.9153,Bhadla_Solar_Park
2023-04-10 23:00:00,30.6,23,993.1,100,25.9,0.0,0.0,0.0,0.0,27.5398,71.9153,Bhadla_Solar_Park
2023-04-11 00:00:00,30.0,23,993.0,100,21.7,0.0,0.0,0.0,0.0,27.5398,71.9153,Bhadla_Solar_Park
2023-04-11 01:00:00,29.6,23,992.6,100,19.2,0.0,0.0,0.0,0.0,27.5398,71.9153,Bhadla_Solar_Park
2023-04-11 02:00:00,28.2,25,992.5,100,8.6,0.0,0.0,0.0,0.0,27.5398,71.9153,Bhadla_Solar_Park
2023-04-11 03:00:00,29.1,24,992.2,100,2.1,0.0,0.0,0.0,0.0,27.5398,71.9153,Bhadla_Solar_Park
2023-04-11 04:00:00,28.5,24,991.1,99,11.2,0.0,0.0,0.0,0.0,27.5398,71.9153,Bhadla_Solar_Park
2023-04-11 05:00:00,28.0,25,991.3,94,12.6,0.0,0.0,0.0,0.0,27.5398,71.9153,Bhadla_Solar_Park
2023-04-11 06:00:00,25.5,30,991.5,54,7.0,0.0,0.0,0.0,0.0,27.5398,71.9153,Bhadla_Solar_Park
2023-04-11 07:00:00,26.3,32,992.3,98,7.3,59.0,89.8,46.0,13.0,27.5398,71.9153,Bhadla_Solar_Park
2023-04-11 08:00:00,28.7,28,992.9,100,3.1,209.0,204.1,137.0,72.0,27.5398,71.9153,Bhadla_Solar_Park
2023-04-11 09:00:00,31.9,21,994.2,100,12.5,328.0,233.3,198.0,130.0,27.5398,71.9153,Bhadla_Solar_Park
2023-04-11 10:00:00,34.9,17,994.6,100,19.1,397.0,120.9,309.0,88.0,27.5398,71.9153,Bhadla_Solar_Park
2023-04-11 11:00:00,33.6,18,994.8,100,28.0,215.0,0.0,215.0,0.0,27.5398,71.9153,Bhadla_Solar_Park
2023-04-11 12:00:00,33.8,19,995.1,100,21.9,285.0,21.6,265.0,20.0,27.5398,71.9153,Bhadla_Solar_Park
2023-04-11 13:00:00,30.6,26,995.2,100,30.6,299.0,50.0,252.0,47.0,27.5398,71.9153,Bhadla_Solar_Park
2023-04-11 14:00:00,30.6,26,994.4,100,27.3,257.0,16.8,242.0,15.0,27.5398,71.9153,Bhadla_Solar_Park
2023-04-11 15:00:00,30.5,26,993.5,100,30.6,329.0,40.5,297.0,32.0,27.5398,71.9153,Bhadla_Solar_Park
2023-04-11 16:00:00,29.7,28,993.0,85,32.3,173.0,25.0,157.0,16.0,27.5398,71.9153,Bhadla_Solar_Park
2023-04-11 17:00:00,31.7,22,992.4,83,27.9,240.0,156.3,170.0,70.0,27.5398,71.9153,Bhadla_Solar_Park
2023-04-11 18:00:00,30.5,24,992.6,63,22.6,95.0,73.5,78.0,17.0,27.5398,71.9153,Bhadla_Solar_Park
2023-04-11 19:00:00,28.9,29,992.2,37,14.5,9.0,12.2,8.0,1.0,27.5398,71.9153,Bhadla_Solar_Park
2023-04-11 20:00:00,27.5,33,992.4,44,13.7,0.0,0.0,0.0,0.0,27.5398,71.9153,Bhadla_Solar_Park
2023-04-11 21:00:00,26.6,35,993.0,45,9.7,0.0,0.0,0.0,0.0,27.5398,71.9153,Bhadla_Solar_Park
2023-04-11 22:00:00,26.2,33,993.2,38,11.5,0.0,0.0,0.0,0.0,27.5398,71.9153,Bhadla_Solar_Park
2023-04-11 23:00:00,25.6,34,992.7,50,10.4,0.0,0.0,0.0,0.0,27.5398,71.9153,Bhadla_Solar_Park
2023-04-12 00:00:00,24.4,39,992.5,12,6.4,0.0,0.0,0.0,0.0,27.5398,71.9153,Bhadla_Solar_Park
2023-04-12 01:00:00,23.7,41,992.0,4,6.9,0.0,0.0,0.0,0.0,27.5398,71.9153,Bhadla_Solar_Park
2023-04-12 02:00:00,23.6,39,991.7,0,12.7,0.0,0.0,0.0,0.0,27.5398,71.9153,Bhadla_Solar_Park
2023-04-12 03:00:00,23.0,42,991.2,33,11.6,0.0,0.0,0.0,0.0,27.5398,71.9153,Bhadla_Solar_Park
2023-04-12 04:00:00,23.0,42,990.9,1,11.3,0.0,0.0,0.0,0.0,27.5398,71.9153,Bhadla_Solar_Park
2023-04-12 05:00:00,23.0,53,990.9,0,9.0,0.0,0.0,0.0,0.0,27.5398,71.9153,Bhadla_Solar_Park
2023-04-12 06:00:00,24.3,47,992.2,36,2.1,0.0,0.0,0.0,0.0,27.5398,71.9153,Bhadla_Solar_Park
2023-04-12 07:00:00,23.9,50,993.2,53,13.1,57.0,81.9,45.0,12.0,27.5398,71.9153,Bhadla_Solar_Park
2023-04-12 08:00:00,27.0,41,993.7,15,15.9,212.0,241.3,126.0,86.0,27.5398,71.9153,Bhadla_Solar_Park
2023-04-12 09:00:00,30.9,30,994.3,5,21.3,423.0,424.6,185.0,238.0,27.5398,71.9153,Bhadla_Solar_Park
2023-04-12 10:00:00,32.3,26,994.4,0,24.7,633.0,563.6,221.0,412.0,27.5398,71.9153,Bhadla_Solar_Park
2023-04-12 11:00:00,34.1,22,993.9,0,21.7,792.0,652.8,233.0,559.0,27.5398,71.9153,Bhadla_Solar_Park
2023-04-12 12:00:00,35.4,20,993.2,18,15.6,879.0,681.0,247.0,632.0,27.5398,71.9153,Bhadla_Solar_Park
2023-04-12 13:00:00,36.1,19,992.1,12,12.0,852.0,630.1,259.0,593.0,27.5398,71.9153,Bhadla_Solar_Park
2023-04-12 14:00:00,36.7,17,990.8,3,7.7,813.0,633.6,246.0,567.0,27.5398,71.9153,Bhadla_Solar_Park
2023-04-12 15:00:00,37.2,17,989.9,8,6.4,703.0,605.9,223.0,480.0,27.5398,71.9153,Bhadla_Solar_Park
2023-04-12 16:00:00,37.3,16,989.5,45,9.4,529.0,518.4,197.0,332.0,27.5398,71.9153,Bhadla_Solar_Park
2023-04-12 17:00:00,37.1,13,988.9,100,12.2,281.0,266.9,161.0,120.0,27.5398,71.9153,Bhadla_Solar_Park
2023-04-12 18:00:00,36.4,14,989.3,66,9.0,84.0,77.2,66.0,18.0,27.5398,71.9153,Bhadla_Solar_Park
2023-04-12 19:00:00,34.7,17,989.6,25,13.9,10.0,12.1,9.0,1.0,27.5398,71.9153,Bhadla_Solar_Park
2023-04-12 20:00:00,33.0,20,990.1,49,18.1,0.0,0.0,0.0,0.0,27.5398,71.9153,Bhadla_Solar_Park
2023-04-12 21:00:00,31.9,21,990.7,99,17.7,0.0,0.0,0.0,0.0,27.5398,71.9153,Bhadla_Solar_Park
2023-04-12 22:00:00,30.4,24,991.1,100,14.8,0.0,0.0,0.0,0.0,27.5398,71.9153,Bhadla_Solar_Park
2023-04-12 23:00:00,29.2,25,991.1,100,12.4,0.0,0.0,0.0,0.0,27.5398,71.9153,Bhadla_Solar_Park
2023-04-13 00:00:00,28.2,25,991.1,42,11.9,0.0,0.0,0.0,0.0,27.5398,71.9153,Bhadla_Solar_Park
2023-04-13 01:00:00,27.4,27,990.7,78,13.0,0.0,0.0,0.0,0.0,27.5398,71.9153,Bhadla_Solar_Park
2023-04-13 02:00:00,27.4,26,990.1,90,15.9,0.0,0.0,0.0,0.0,27.5398,71.9153,Bhadla_Solar_Park
2023-04-13 03:00:00,26.5,28,989.9,80,14.5,0.0,0.0,0.0,0.0,27.5398,71.9153,Bhadla_Solar_Park
2023-04-13 04:00:00,25.5,30,989.7,16,12.3,0.0,0.0,0.0,0.0,27.5398,71.9153,Bhadla_Solar_Park
2023-04-13 05:00:00,25.9,32,989.8,11,15.2,0.0,0.0,0.0,0.0,27.5398,71.9153,Bhadla_Solar_Park
2023-04-13 06:00:00,24.9,34,990.3,0,14.4,0.0,0.0,0.0,0.0,27.5398,71.9153,Bhadla_Solar_Park
2023-04-13 07:00:00,25.6,33,991.1,0,13.3,66.0,114.6,49.0,17.0,27.5398,71.9153,Bhadla_Solar_Park
2023-04-13 08:00:00,28.0,29,991.5,0,10.8,247.0,333.4,127.0,120.0,27.5398,71.9153,Bhadla_Solar_Park
2023-04-13 09:00:00,31.1,24,992.2,0,10.8,462.0,503.8,178.0,284.0,27.5398,71.9153,Bhadla_Solar_Park
2023-04-13 10:00:00,34.4,20,992.4,0,10.1,658.0,606.4,213.0,445.0,27.5398,71.9153,Bhadla_Solar_Park
2023-04-13 11:00:00,36.9,15,992.2,0,7.4,808.0,665.9,236.0,572.0,27.5398,71.9153,Bhadla_Solar_Park
2023-04-13 12:00:00,37.8,13,991.5,1,9.4,866.0,654.6,257.0,609.0,27.5398,71.9153,Bhadla_Solar_Park
2023-04-13 13:00:00,38.4,13,990.7,1,9.1,902.0,684.9,256.0,646.0,27.5398,71.9153,Bhadla_Solar_Park
2023-04-13 14:00:00,38.7,12,989.7,1,8.9,853.0,680.3,243.0,610.0,27.5398,71.9153,Bhadla_Solar_Park
2023-04-13 15:00:00,38.9,12,988.9,1,10.4,731.0,639.9,223.0,508.0,27.5398,71.9153,Bhadla_Solar_Park
2023-04-13 16:00:00,38.9,12,988.4,13,13.2,556.0,565.4,193.0,363.0,27.5398,71.9153,Bhadla_Solar_Park
2023-04-13 17:00:00,38.4,13,988.2,3,2.1,344.0,427.6,151.0,193.0,27.5398,71.9153,Bhadla_Solar_Park
2023-04-13 18:00:00,37.8,13,988.7,60,3.9,122.0,170.4,82.0,40.0,27.5398,71.9153,Bhadla_Solar_Park
2023-04-13 19:00:00,35.8,17,989.2,60,4.1,11.0,11.9,10.0,1.0,27.5398,71.9153,Bhadla_Solar_Park
2023-04-13 20:00:00,35.2,15,989.6,65,2.1,0.0,0.0,0.0,0.0,27.5398,71.9153,Bhadla_Solar_Park
2023-04-13 21:00:00,32.8,18,990.3,1,9.4,0.0,0.0,0.0,0.0,27.5398,71.9153,Bhadla_Solar_Park
2023-04-13 22:00:00,31.3,21,990.3,0,9.5,0.0,0.0,0.0,0.0,27.5398,71.9153,Bhadla_Solar_Park
2023-04-13 23:00:00,29.9,22,990.1,0,11.5,0.0,0.0,0.0,0.0,27.5398,71.9153,Bhadla_Solar_Park
2023-04-14 00:00:00,28.8,23,989.7,0,10.2,0.0,0.0,0.0,0.0,27.5398,71.9153,Bhadla_Solar_Park
2023-04-14 01:00:00,28.1,25,989.0,0,7.6,0.0,0.0,0.0,0.0,27.5398,71.9153,Bhadla_Solar_Park
2023-04-14 02:00:00,28.1,24,988.4,0,7.4,0.0,0.0,0.0,0.0,27.5398,71.9153,Bhadla_Solar_Park
2023-04-14 03:00:00,27.0,26,988.3,0,9.0,0.0,0.0,0.0,0.0,27.5398,71.9153,Bhadla_Solar_Park
2023-04-14 04:00:00,25.9,28,988.3,0,9.7,0.0,0.0,0.0,0.0,27.5398,71.9153,Bhadla_Solar_Park
2023-04-14 05:00:00,25.1,31,988.7,0,6.7,0.0,0.0,0.0,0.0,27.5398,71.9153,Bhadla_Solar_Park
2023-04-14 06:00:00,25.0,32,989.6,0,4.7,0.0,0.0,0.0,0.0,27.5398,71.9153,Bhadla_Solar_Park
2023-04-14 07:00:00,25.7,30,990.4,0,7.7,69.0,119.9,51.0,18.0,27.5398,71.9153,Bhadla_Solar_Park
2023-04-14 08:00:00,29.0,25,991.1,0,10.2,252.0,338.4,129.0,123.0,27.5398,71.9153,Bhadla_Solar_Park
2023-04-14 09:00:00,32.4,20,991.7,0,9.8,468.0,508.0,180.0,288.0,27.5398,71.9153,Bhadla_Solar_Park
2023-04-14 10:00:00,35.2,16,991.9,0,10.0,666.0,612.2,215.0,451.0,27.5398,71.9153,Bhadla_Solar_Park
2023-04-14 11:00:00,37.1,14,991.4,0,7.6,817.0,672.1,238.0,579.0,27.5398,71.9153,Bhadla_Solar_Park
2023-04-14 12:00:00,38.5,12,990.6,2,5.9,905.0,702.4,250.0,655.0,27.5398,71.9153,Bhadla_Solar_Park
2023-04-14 13:00:00,39.1,10,989.8,1,5.7,920.0,704.7,254.0,666.0,27.5398,71.9153,Bhadla_Solar_Park
2023-04-14 14:00:00,39.5,10,988.8,2,6.7,861.0,686.8,244.0,617.0,27.5398,71.9153,Bhadla_Solar_Park
2023-04-14 15:00:00,39.7,9,987.7,1,10.7,737.0,642.3,226.0,511.0,27.5398,71.9153,Bhadla_Solar_Park
2023-04-14 16:00:00,39.8,9,987.1,1,16.1,556.0,557.8,197.0,359.0,27.5398,71.9153,Bhadla_Solar_Park
2023-04-14 17:00:00,38.7,9,986.7,0,12.3,346.0,428.3,152.0,194.0,27.5398,71.9153,Bhadla_Solar_Park
2023-04-14 18:00:00,38.1,8,987.0,0,11.0,138.0,211.3,88.0,50.0,27.5398,71.9153,Bhadla_Solar_Park
2023-04-14 19:00:00,35.9,9,987.1,1,6.4,13.0,11.8,12.0,1.0,27.5398,71.9153,Bhadla_Solar_Park
2023-04-14 20:00:00,34.7,10,987.7,22,6.8,0.0,0.0,0.0,0.0,27.5398,71.9153,Bhadla_Solar_Park
2023-04-14 21:00:00,33.1,11,988.5,2,10.8,0.0,0.0,0.0,0.0,27.5398,71.9153,Bhadla_Solar_Park
2023-04-14 22:00:00,31.6,13,988.8,46,11.1,0.0,0.0,0.0,0.0,27.5398,71.9153,Bhadla_Solar_Park
2023-04-14 23:00:00,31.1,14,988.7,84,10.9,0.0,0.0,0.0,0.0,27.5398,71.9153,Bhadla_Solar_Park
2023-04-15 00:00:00,30.3,17,988.3,71,10.4,0.0,0.0,0.0,0.0,27.5398,71.9153,Bhadla_Solar_Park
2023-04-15 01:00:00,29.7,18,987.7,15,13.6,0.0,0.0,0.0,0.0,27.5398,71.9153,Bhadla_Solar_Park
2023-04-15 02:00:00,29.2,18,987.1,0,15.7,0.0,0.0,0.0,0.0,27.5398,71.9153,Bhadla_Solar_Park
2023-04-15 03:00:00,28.8,20,987.1,0,17.1,0.0,0.0,0.0,0.0,27.5398,71.9153,Bhadla_Solar_Park
2023-04-15 04:00:00,28.2,22,987.3,0,19.1,0.0,0.0,0.0,0.0,27.5398,71.9153,Bhadla_Solar_Park
2023-04-15 05:00:00,27.1,26,987.7,0,18.3,0.0,0.0,0.0,0.0,27.5398,71.9153,Bhadla_Solar_Park
2023-04-15 06:00:00,26.4,30,988.4,0,15.2,1.0,0.0,1.0,0.0,27.5398,71.9153,Bhadla_Solar_Park
2023-04-15 07:00:00,27.3,30,989.4,0,15.6,71.0,125.0,52.0,19.0,27.5398,71.9153,Bhadla_Solar_Park
2023-04-15 08:00:00,29.5,28,990.1,0,12.7,254.0,337.9,130.0,124.0,27.5398,71.9153,Bhadla_Solar_Park
2023-04-15 09:00:00,32.1,26,990.7,0,14.1,469.0,507.0,180.0,289.0,27.5398,71.9153,Bhadla_Solar_Park
2023-04-15 10:00:00,34.5,24,990.8,0,15.4,663.0,605.8,215.0,448.0,27.5398,71.9153,Bhadla_Solar_Park
2023-04-15 11:00:00,36.7,21,990.4,0,14.2,811.0,663.3,238.0,573.0,27.5398,71.9153,Bhadla_Solar_Park
2023-04-15 12:00:00,38.2,17,990.0,46,10.1,895.0,691.2,249.0,646.0,27.5398,71.9153,Bhadla_Solar_Park
2023-04-15 13:00:00,38.6,14,989.2,16,7.6,769.0,476.3,318.0,451.0,27.5398,71.9153,Bhadla_Solar_Park
2023-04-15 14:00:00,39.0,13,988.3,32,5.0,786.0,585.5,259.0,527.0,27.5398,71.9153,Bhadla_Solar_Park
2023-04-15 15:00:00,39.3,13,987.2,8,8.4,650.0,511.9,242.0,408.0,27.5398,71.9153,Bhadla_Solar_Park
2023-04-15 16:00:00,39.3,13,986.7,9,9.8,528.0,500.7,205.0,323.0,27.5398,71.9153,Bhadla_Solar_Park
2023-04-15 17:00:00,38.4,14,986.5,25,7.9,312.0,358.6,149.0,163.0,27.5398,71.9153,Bhadla_Solar_Park
2023-04-15 18:00:00,37.9,14,986.4,2,12.2,124.0,176.2,82.0,42.0,27.5398,71.9153,Bhadla_Solar_Park
2023-04-15 19:00:00,35.9,16,986.6,1,14.2,13.0,23.4,11.0,2.0,27.5398,71.9153,Bhadla_Solar_Park
2023-04-15 20:00:00,34.5,18,987.1,0,12.2,0.0,0.0,0.0,0.0,27.5398,71.9153,Bhadla_Solar_Park
2023-04-15 21:00:00,33.1,20,987.8,0,12.7,0.0,0.0,0.0,0.0,27.5398,71.9153,Bhadla_Solar_Park
2023-04-15 22:00:00,32.1,21,988.0,0,13.4,0.0,0.0,0.0,0.0,27.5398,71.9153,Bhadla_Solar_Park
2023-04-15 23:00:00,31.6,21,987.9,35,19.6,0.0,0.0,0.0,0.0,27.5398,71.9153,Bhadla_Solar_Park
2023-04-16 00:00:00,31.6,19,987.8,94,23.8,0.0,0.0,0.0,0.0,27.5398,71.9153,Bhadla_Solar_Park
2023-04-16 01:00:00,30.6,20,987.5,96,22.1,0.0,0.0,0.0,0.0,27.5398,71.9153,Bhadla_Solar_Park
2023-04-16 02:00:00,30.0,21,987.1,88,21.0,0.0,0.0,0.0,0.0,27.5398,71.9153,Bhadla_Solar_Park
2023-04-16 03:00:00,29.3,23,986.7,8,19.0,0.0,0.0,0.0,0.0,27.5398,71.9153,Bhadla_Solar_Park
2023-04-16 04:00:00,28.4,24,986.8,0,16.4,0.0,0.0,0.0,0.0,27.5398,71.9153,Bhadla_Solar_Park
2023-04-16 05:00:00,28.2,28,987.3,14,19.8,0.0,0.0,0.0,0.0,27.5398,71.9153,Bhadla_Solar_Park
2023-04-16 06:00:00,27.6,31,988.1,3,18.1,1.0,0.0,1.0,0.0,27.5398,71.9153,Bhadla_Solar_Park
2023-04-16 07:00:00,28.1,34,988.9,16,16.1,72.0,123.6,53.0,19.0,27.5398,71.9153,Bhadla_Solar_Park
2023-04-16 08:00:00,30.2,34,989.5,18,14.9,252.0,326.7,131.0,121.0,27.5398,71.9153,Bhadla_Solar_Park
2023-04-16 09:00:00,33.3,30,990.3,21,16.1,455.0,469.3,186.0,269.0,27.5398,71.9153,Bhadla_Solar_Park
2023-04-16 10:00:00,36.0,17,990.3,0,23.3,650.0,568.5,228.0,422.0,27.5398,71.9153,Bhadla_Solar_Park
2023-04-16 11:00:00,37.2,14,989.6,0,23.5,810.0,658.0,240.0,570.0,27.5398,71.9153,Bhadla_Solar_Park
2023-04-16 12:00:00,38.1,12,988.8,0,21.3,900.0,691.8,252.0,648.0,27.5398,71.9153,Bhadla_Solar_Park
2023-04-16 13:00:00,38.5,11,987.8,0,18.1,919.0,701.9,253.0,666.0,27.5398,71.9153,Bhadla_Solar_Park
2023-04-16 14:00:00,38.8,11,986.4,4,15.6,865.0,687.6,245.0,620.0,27.5398,71.9153,Bhadla_Solar_Park
2023-04-16 15:00:00,38.8,12,985.7,31,14.2,736.0,636.1,228.0,508.0,27.5398,71.9153,Bhadla_Solar_Park
2023-04-16 16:00:00,38.6,13,985.3,34,13.1,555.0,549.0,200.0,355.0,27.5398,71.9153,Bhadla_Solar_Park
2023-04-16 17:00:00,37.9,13,985.3,27,15.0,337.0,403.4,153.0,184.0,27.5398,71.9153,Bhadla_Solar_Park
2023-04-16 18:00:00,37.3,13,985.8,12,12.9,134.0,191.6,88.0,46.0,27.5398,71.9153,Bhadla_Solar_Park
2023-04-16 19:00:00,35.4,15,986.3,12,10.1,14.0,23.1,12.0,2.0,27.5398,71.9153,Bhadla_Solar_Park
2023-04-16 20:00:00,33.9,17,987.0,5,12.2,0.0,0.0,0.0,0.0,27.5398,71.9153,Bhadla_Solar_Park
2023-04-16 21:00:00,32.6,18,987.4,6,15.0,0.0,0.0,0.0,0.0,27.5398,71.9153,Bhadla_Solar_Park
2023-04-16 22:00:00,31.5,23,987.7,27,20.0,0.0,0.0,0.0,0.0,27.5398,71.9153,Bhadla_Solar_Park
2023-04-16 23:00:00,31.2,25,987.7,37,20.9,0.0,0.0,0.0,0.0,27.5398,71.9153,Bhadla_Solar_Park
2023-04-17 00:00:00,30.6,25,987.4,92,19.5,0.0,0.0,0.0,0.0,27.5398,71.9153,Bhadla_Solar_Park
2023-04-17 01:00:00,29.8,26,986.6,95,20.5,0.0,0.0,0.0,0.0,27.5398,71.9153,Bhadla_Solar_Park
2023-04-17 02:00:00,28.9,27,986.2,100,15.7,0.0,0.0,0.0,0.0,27.5398,71.9153,Bhadla_Solar_Park
2023-04-17 03:00:00,27.5,30,986.1,97,10.0,0.0,0.0,0.0,0.0,27.5398,71.9153,Bhadla_Solar_Park
2023-04-17 04:00:00,27.0,31,986.4,100,11.5,0.0,0.0,0.0,0.0,27.5398,71.9153,Bhadla_Solar_Park
2023-04-17 05:00:00,27.2,41,987.1,100,14.5,0.0,0.0,0.0,0.0,27.5398,71.9153,Bhadla_Solar_Park
2023-04-17 06:00:00,26.6,44,987.6,100,10.5,1.0,0.0,1.0,0.0,27.5398,71.9153,Bhadla_Solar_Park
2023-04-17 07:00:00,27.5,43,988.5,100,8.7,71.0,83.6,58.0,13.0,27.5398,71.9153,Bhadla_Solar_Park
2023-04-17 08:00:00,29.4,39,989.0,100,8.4,244.0,280.9,139.0,105.0,27.5398,71.9153,Bhadla_Solar_Park
2023-04-17 09:00:00,31.6,35,989.5,99,7.9,448.0,428.7,201.0,247.0,27.5398,71.9153,Bhadla_Solar_Park
2023-04-17 10:00:00,34.0,31,989.8,9,10.8,624.0,484.6,263.0,361.0,27.5398,71.9153,Bhadla_Solar_Park
2023-04-17 11:00:00,36.2,25,989.4,20,14.0,804.0,652.8,237.0,567.0,27.5398,71.9153,Bhadla_Solar_Park
2023-04-17 12:00:00,37.6,21,988.7,15,14.1,876.0,667.9,249.0,627.0,27.5398,71.9153,Bhadla_Solar_Park
2023-04-17 13:00:00,38.5,19,987.8,41,15.0,876.0,642.8,265.0,611.0,27.5398,71.9153,Bhadla_Solar_Park
2023-04-17 14:00:00,38.9,18,986.8,58,15.2,786.0,570.1,271.0,515.0,27.5398,71.9153,Bhadla_Solar_Park
2023-04-17 15:00:00,39.3,16,985.8,50,14.6,701.0,561.1,252.0,449.0,27.5398,71.9153,Bhadla_Solar_Park
2023-04-17 16:00:00,39.4,15,985.5,43,17.1,504.0,439.7,219.0,285.0,27.5398,71.9153,Bhadla_Solar_Park
2023-04-17 17:00:00,38.2,16,986.1,67,17.3,279.0,281.8,150.0,129.0,27.5398,71.9153,Bhadla_Solar_Park
2023-04-17 18:00:00,37.5,17,986.3,47,18.3,118.0,148.8,82.0,36.0,27.5398,71.9153,Bhadla_Solar_Park
2023-04-17 19:00:00,35.8,19,987.0,79,15.2,14.0,11.4,13.0,1.0,27.5398,71.9153,Bhadla_Solar_Park
2023-04-17 20:00:00,34.3,21,987.6,48,8.2,0.0,0.0,0.0,0.0,27.5398,71.9153,Bhadla_Solar_Park
2023-04-17 21:00:00,32.8,24,988.2,52,5.5,0.0,0.0,0.0,0.0,27.5398,71.9153,Bhadla_Solar_Park
2023-04-17 22:00:00,33.5,23,988.7,24,1.1,0.0,0.0,0.0,0.0,27.5398,71.9153,Bhadla_Solar_Park
2023-04-17 23:00:00,31.0,27,988.5,54,6.6,0.0,0.0,0.0,0.0,27.5398,71.9153,Bhadla_Solar_Park
2023-04-18 00:00:00,30.6,26,988.5,2,16.6,0.0,0.0,0.0,0.0,27.5398,71.9153,Bhadla_Solar_Park
2023-04-18 01:00:00,30.4,17,988.3,0,19.7,0.0,0.0,0.0,0.0,27.5398,71.9153,Bhadla_Solar_Park
2023-04-18 02:00:00,29.1,21,988.0,0,18.0,0.0,0.0,0.0,0.0,27.5398,71.9153,Bhadla_Solar_Park
2023-04-18 03:00:00,28.3,27,987.7,0,18.7,0.0,0.0,0.0,0.0,27.5398,71.9153,Bhadla_Solar_Park
2023-04-18 04:00:00,27.6,28,987.9,0,20.1,0.0,0.0,0.0,0.0,27.5398,71.9153,Bhadla_Solar_Park
2023-04-18 05:00:00,25.9,36,988.8,0,11.4,0.0,0.0,0.0,0.0,27.5398,71.9153,Bhadla_Solar_Park
2023-04-18 06:00:00,25.6,37,989.5,8,11.6,1.0,0.0,1.0,0.0,27.5398,71.9153,Bhadla_Solar_Park
2023-04-18 07:00:00,26.7,34,990.4,4,10.5,75.0,120.9,56.0,19.0,27.5398,71.9153,Bhadla_Solar_Park
2023-04-18 08:00:00,28.9,29,991.3,0,8.9,254.0,323.6,132.0,122.0,27.5398,71.9153,Bhadla_Solar_Park
2023-04-18 09:00:00,31.1,26,992.1,0,12.8,464.0,483.5,184.0,280.0,27.5398,71.9153,Bhadla_Solar_Park
2023-04-18 10:00:00,32.9,24,992.1,0,15.1,655.0,581.9,220.0,435.0,27.5398,71.9153,Bhadla_Solar_Park
2023-04-18 11:00:00,34.6,23,991.7,7,13.7,801.0,638.4,245.0,556.0,27.5398,71.9153,Bhadla_Solar_Park
2023-04-18 12:00:00,36.1,20,991.0,99,10.6,888.0,672.9,255.0,633.0,27.5398,71.9153,Bhadla_Solar_Park
2023-04-18 13:00:00,37.2,18,990.0,100,9.9,873.0,592.2,309.0,564.0,27.5398,71.9153,Bhadla_Solar_Park
2023-04-18 14:00:00,38.2,16,989.1,94,14.3,790.0,515.0,324.0,466.0,27.5398,71.9153,Bhadla_Solar_Park
2023-04-18 15:00:00,38.9,17,988.2,75,22.1,649.0,427.9,306.0,343.0,27.5398,71.9153,Bhadla_Solar_Park
2023-04-18 16:00:00,38.2,17,988.0,99,32.4,401.0,275.5,222.0,179.0,27.5398,71.9153,Bhadla_Solar_Park
2023-04-18 17:00:00,36.4,18,988.1,92,24.2,247.0,172.0,168.0,79.0,27.5398,71.9153,Bhadla_Solar_Park
2023-04-18 18:00:00,35.9,19,988.4,99,21.8,104.0,45.1,93.0,11.0,27.5398,71.9153,Bhadla_Solar_Park
2023-04-18 19:00:00,34.7,21,989.2,65,17.5,14.0,11.3,13.0,1.0,27.5398,71.9153,Bhadla_Solar_Park
2023-04-18 20:00:00,31.1,33,989.9,86,33.9,0.0,0.0,0.0,0.0,27.5398,71.9153,Bhadla_Solar_Park
2023-04-18 21:00:00,28.9,44,990.4,100,23.8,0.0,0.0,0.0,0.0,27.5398,71.9153,Bhadla_Solar_Park
2023-04-18 22:00:00,27.9,49,990.8,98,15.0,0.0,0.0,0.0,0.0,27.5398,71.9153,Bhadla_Solar_Park
2023-04-18 23:00:00,27.3,50,991.1,100,12.5,0.0,0.0,0.0,0.0,27.5398,71.9153,Bhadla_Solar_Park
2023-04-19 00:00:00,27.0,50,991.0,93,8.3,0.0,0.0,0.0,0.0,27.5398,71.9153,Bhadla_Solar_Park
2023-04-19 01:00:00,26.8,51,989.9,99,5.9,0.0,0.0,0.0,0.0,27.5398,71.9153,Bhadla_Solar_Park
2023-04-19 02:00:00,26.4,52,989.1,96,6.1,0.0,0.0,0.0,0.0,27.5398,71.9153,Bhadla_Solar_Park
2023-04-19 03:00:00,25.8,54,988.5,50,7.6,0.0,0.0,0.0,0.0,27.5398,71.9153,Bhadla_Solar_Park
2023-04-19 04:00:00,25.0,56,987.9,100,11.3,0.0,0.0,0.0,0.0,27.5398,71.9153,Bhadla_Solar_Park
2023-04-19 05:00:00,23.9,66,988.4,94,9.5,0.0,0.0,0.0,0.0,27.5398,71.9153,Bhadla_Solar_Park
2023-04-19 06:00:00,22.9,71,988.2,25,10.1,1.0,0.0,1.0,0.0,27.5398,71.9153,Bhadla_Solar_Park
2023-04-19 07:00:00,24.3,66,988.8,16,9.0,75.0,107.0,58.0,17.0,27.5398,71.9153,Bhadla_Solar_Park
2023-04-19 08:00:00,27.2,55,989.2,36,9.8,250.0,299.7,136.0,114.0,27.5398,71.9153,Bhadla_Solar_Park
2023-04-19 09:00:00,29.5,43,989.7,12,12.1,450.0,436.4,196.0,254.0,27.5398,71.9153,Bhadla_Solar_Park
2023-04-19 10:00:00,31.0,36,989.8,87,11.9,648.0,569.2,221.0,427.0,27.5398,71.9153,Bhadla_Solar_Park
2023-04-19 11:00:00,32.2,32,988.9,83,11.5,789.0,616.2,251.0,538.0,27.5398,71.9153,Bhadla_Solar_Park
2023-04-19 12:00:00,33.1,29,987.9,17,11.8,864.0,619.5,280.0,584.0,27.5398,71.9153,Bhadla_Solar_Park
2023-04-19 13:00:00,34.0,27,986.8,69,16.8,879.0,638.4,270.0,609.0,27.5398,71.9153,Bhadla_Solar_Park
2023-04-19 14:00:00,34.1,23,986.0,95,22.6,722.0,433.6,329.0,393.0,27.5398,71.9153,Bhadla_Solar_Park
2023-04-19 15:00:00,33.9,25,985.1,99,19.6,455.0,260.3,246.0,209.0,27.5398,71.9153,Bhadla_Solar_Park
2023-04-19 16:00:00,34.1,22,984.5,91,24.8,377.0,165.9,269.0,108.0,27.5398,71.9153,Bhadla_Solar_Park
2023-04-19 17:00:00,33.3,23,985.5,83,19.4,318.0,329.8,166.0,152.0,27.5398,71.9153,Bhadla_Solar_Park
2023-04-19 18:00:00,32.9,23,985.6,77,15.8,130.0,126.3,99.0,31.0,27.5398,71.9153,Bhadla_Solar_Park
2023-04-19 19:00:00,31.9,24,985.6,100,10.7,14.0,11.2,13.0,1.0,27.5398,71.9153,Bhadla_Solar_Park
2023-04-19 20:00:00,30.9,24,986.0,100,7.9,0.0,0.0,0.0,0.0,27.5398,71.9153,Bhadla_Solar_Park
2023-04-19 21:00:00,29.4,26,986.2,100,6.5,0.0,0.0,0.0,0.0,27.5398,71.9153,Bhadla_Solar_Park
2023-04-19 22:00:00,28.9,26,986.4,100,7.8,0.0,0.0,0.0,0.0,27.5398,71.9153,Bhadla_Solar_Park
2023-04-19 23:00:00,28.5,26,986.4,65,12.5,0.0,0.0,0.0,0.0,27.5398,71.9153,Bhadla_Solar_Park
2023-04-20 00:00:00,27.4,29,986.0,1,3.6,0.0,0.0,0.0,0.0,27.5398,71.9153,Bhadla_Solar_Park
2023-04-20 01:00:00,25.8,32,985.4,2,12.4,0.0,0.0,0.0,0.0,27.5398,71.9153,Bhadla_Solar_Park
2023-04-20 02:00:00,25.1,34,984.3,0,10.2,0.0,0.0,0.0,0.0,27.5398,71.9153,Bhadla_Solar_Park
2023-04-20 03:00:00,24.4,35,983.6,0,10.0,0.0,0.0,0.0,0.0,27.5398,71.9153,Bhadla_Solar_Park
2023-04-20 04:00:00,23.7,37,983.5,0,12.4,0.0,0.0,0.0,0.0,27.5398,71.9153,Bhadla_Solar_Park
2023-04-20 05:00:00,23.1,45,984.7,0,9.4,0.0,0.0,0.0,0.0,27.5398,71.9153,Bhadla_Solar_Park
2023-04-20 06:00:00,22.9,46,985.0,0,9.2,2.0,0.0,2.0,0.0,27.5398,71.9153,Bhadla_Solar_Park
2023-04-20 07:00:00,24.5,41,985.3,4,7.1,81.0,129.5,60.0,21.0,27.5398,71.9153,Bhadla_Solar_Park
2023-04-20 08:00:00,27.6,33,985.9,0,10.5,264.0,331.1,137.0,127.0,27.5398,71.9153,Bhadla_Solar_Park
2023-04-20 09:00:00,30.4,26,986.2,0,11.3,480.0,497.5,189.0,291.0,27.5398,71.9153,Bhadla_Solar_Park
2023-04-20 10:00:00,32.6,18,986.1,16,9.2,676.0,599.2,225.0,451.0,27.5398,71.9153,Bhadla_Solar_Park
2023-04-20 11:00:00,33.8,14,985.6,52,7.4,825.0,656.9,250.0,575.0,27.5398,71.9153,Bhadla_Solar_Park
2023-04-20 12:00:00,34.9,12,984.9,100,9.7,909.0,677.6,269.0,640.0,27.5398,71.9153,Bhadla_Solar_Park
2023-04-20 13:00:00,35.8,11,984.0,94,14.1,907.0,623.7,311.0,596.0,27.5398,71.9153,Bhadla_Solar_Park
2023-04-20 14:00:00,36.2,11,982.9,100,18.7,803.0,494.6,354.0,449.0,27.5398,71.9153,Bhadla_Solar_Park
2023-04-20 15:00:00,36.3,12,981.8,100,19.8,672.0,441.3,317.0,355.0,27.5398,71.9153,Bhadla_Solar_Park
2023-04-20 16:00:00,36.0,12,981.1,100,19.5,465.0,274.3,286.0,179.0,27.5398,71.9153,Bhadla_Solar_Park
2023-04-20 17:00:00,34.9,12,982.1,90,22.8,303.0,257.3,184.0,119.0,27.5398,71.9153,Bhadla_Solar_Park
2023-04-20 18:00:00,33.9,12,982.6,0,21.4,144.0,202.3,94.0,50.0,27.5398,71.9153,Bhadla_Solar_Park
2023-04-20 19:00:00,32.4,12,982.9,0,17.7,16.0,22.2,14.0,2.0,27.5398,71.9153,Bhadla_Solar_Park
2023-04-20 20:00:00,31.4,13,983.2,0,17.1,0.0,0.0,0.0,0.0,27.5398,71.9153,Bhadla_Solar_Park
2023-04-20 21:00:00,30.1,14,983.9,0,17.6,0.0,0.0,0.0,0.0,27.5398,71.9153,Bhadla_Solar_Park
2023-04-20 22:00:00,29.0,13,984.8,0,18.2,0.0,0.0,0.0,0.0,27.5398,71.9153,Bhadla_Solar_Park
2023-04-20 23:00:00,27.4,13,985.0,0,15.8,0.0,0.0,0.0,0.0,27.5398,71.9153,Bhadla_Solar_Park
2023-04-21 00:00:00,25.1,15,984.7,0,10.5,0.0,0.0,0.0,0.0,27.5398,71.9153,Bhadla_Solar_Park
2023-04-21 01:00:00,23.1,19,984.1,0,7.5,0.0,0.0,0.0,0.0,27.5398,71.9153,Bhadla_Solar_Park
2023-04-21 02:00:00,24.9,17,983.6,0,2.7,0.0,0.0,0.0,0.0,27.5398,71.9153,Bhadla_Solar_Park
2023-04-21 03:00:00,24.7,18,983.2,0,4.7,0.0,0.0,0.0,0.0,27.5398,71.9153,Bhadla_Solar_Park
2023-04-21 04:00:00,21.5,23,983.2,0,7.4,0.0,0.0,0.0,0.0,27.5398,71.9153,Bhadla_Solar_Park
2023-04-21 05:00:00,20.7,28,983.5,0,12.0,0.0,0.0,0.0,0.0,27.5398,71.9153,Bhadla_Solar_Park
2023-04-21 06:00:00,20.2,29,984.3,0,12.5,2.0,0.0,2.0,0.0,27.5398,71.9153,Bhadla_Solar_Park
2023-04-21 07:00:00,21.9,29,985.2,0,11.0,88.0,138.9,65.0,23.0,27.5398,71.9153,Bhadla_Solar_Park
2023-04-21 08:00:00,25.8,24,986.2,0,12.2,281.0,354.3,144.0,137.0,27.5398,71.9153,Bhadla_Solar_Park
2023-04-21 09:00:00,30.1,16,987.0,0,13.4,502.0,519.0,197.0,305.0,27.5398,71.9153,Bhadla_Solar_Park
2023-04-21 10:00:00,32.7,10,987.1,0,15.0,703.0,619.8,235.0,468.0,27.5398,71.9153,Bhadla_Solar_Park
2023-04-21 11:00:00,34.5,6,986.7,0,9.5,855.0,678.1,260.0,595.0,27.5398,71.9153,Bhadla_Solar_Park
2023-04-21 12:00:00,35.4,6,986.2,0,9.0,943.0,708.0,273.0,670.0,27.5398,71.9153,Bhadla_Solar_Park
2023-04-21 13:00:00,36.3,5,985.2,0,11.2,957.0,712.5,275.0,682.0,27.5398,71.9153,Bhadla_Solar_Park
2023-04-21 14:00:00,37.0,6,984.0,0,13.0,893.0,691.8,264.0,629.0,27.5398,71.9153,Bhadla_Solar_Park
2023-04-21 15:00:00,37.1,7,983.1,0,16.8,760.0,642.8,242.0,518.0,27.5398,71.9153,Bhadla_Solar_Park
2023-04-21 16:00:00,37.7,7,982.3,24,19.9,573.0,555.1,210.0,363.0,27.5398,71.9153,Bhadla_Solar_Park
2023-04-21 17:00:00,36.8,7,982.8,17,19.8,260.0,211.2,162.0,98.0,27.5398,71.9153,Bhadla_Solar_Park
2023-04-21 18:00:00,36.0,8,983.1,32,17.8,127.0,144.7,91.0,36.0,27.5398,71.9153,Bhadla_Solar_Park
2023-04-21 19:00:00,33.4,9,983.9,2,14.5,16.0,22.0,14.0,2.0,27.5398,71.9153,Bhadla_Solar_Park
2023-04-21 20:00:00,31.4,10,984.6,0,9.5,0.0,0.0,0.0,0.0,27.5398,71.9153,Bhadla_Solar_Park
2023-04-21 21:00:00,29.1,13,985.1,0,7.8,0.0,0.0,0.0,0.0,27.5398,71.9153,Bhadla_Solar_Park
2023-04-21 22:00:00,28.6,12,986.0,0,14.8,0.0,0.0,0.0,0.0,27.5398,71.9153,Bhadla_Solar_Park
2023-04-21 23:00:00,27.8,11,985.9,0,16.6,0.0,0.0,0.0,0.0,27.5398,71.9153,Bhadla_Solar_Park
2023-04-22 00:00:00,26.5,13,985.5,0,14.1,0.0,0.0,0.0,0.0,27.5398,71.9153,Bhadla_Solar_Park
2023-04-22 01:00:00,25.2,14,984.9,0,13.5,0.0,0.0,0.0,0.0,27.5398,71.9153,Bhadla_Solar_Park
2023-04-22 02:00:00,24.4,14,984.2,0,12.4,0.0,0.0,0.0,0.0,27.5398,71.9153,Bhadla_Solar_Park
2023-04-22 03:00:00,23.2,16,984.2,0,11.1,0.0,0.0,0.0,0.0,27.5398,71.9153,Bhadla_Solar_Park
2023-04-22 04:00:00,21.9,19,984.3,0,10.3,0.0,0.0,0.0,0.0,27.5398,71.9153,Bhadla_Solar_Park
2023-04-22 05:00:00,21.4,24,984.5,0,10.1,0.0,0.0,0.0,0.0,27.5398,71.9153,Bhadla_Solar_Park
2023-04-22 06:00:00,20.8,27,985.1,0,7.2,2.0,0.0,2.0,0.0,27.5398,71.9153,Bhadla_Solar_Park
2023-04-22 07:00:00,22.8,23,986.7,0,8.3,87.0,136.1,64.0,23.0,27.5398,71.9153,Bhadla_Solar_Park
2023-04-22 08:00:00,25.5,18,987.4,0,3.2,277.0,341.3,144.0,133.0,27.5398,71.9153,Bhadla_Solar_Park
2023-04-22 09:00:00,28.6,16,988.0,0,1.5,494.0,501.4,198.0,296.0,27.5398,71.9153,Bhadla_Solar_Park
2023-04-22 10:00:00,32.1,14,987.8,0,4.7,693.0,603.3,236.0,457.0,27.5398,71.9153,Bhadla_Solar_Park
2023-04-22 11:00:00,34.3,10,987.7,0,5.4,845.0,664.1,261.0,584.0,27.5398,71.9153,Bhadla_Solar_Park
2023-04-22 12:00:00,35.4,8,987.2,0,2.3,931.0,693.0,274.0,657.0,27.5398,71.9153,Bhadla_Solar_Park
2023-04-22 13:00:00,36.2,7,986.3,0,2.5,944.0,697.8,275.0,669.0,27.5398,71.9153,Bhadla_Solar_Park
2023-04-22 14:00:00,36.7,6,985.6,0,2.5,884.0,678.6,266.0,618.0,27.5398,71.9153,Bhadla_Solar_Park
2023-04-22 15:00:00,36.9,6,984.6,0,3.3,756.0,633.1,245.0,511.0,27.5398,71.9153,Bhadla_Solar_Park
2023-04-22 16:00:00,37.0,6,983.9,0,7.2,573.0,550.9,212.0,361.0,27.5398,71.9153,Bhadla_Solar_Park
2023-04-22 17:00:00,36.1,6,984.6,0,14.6,358.0,412.5,166.0,192.0,27.5398,71.9153,Bhadla_Solar_Park
2023-04-22 18:00:00,35.3,6,984.7,0,16.1,149.0,207.5,97.0,52.0,27.5398,71.9153,Bhadla_Solar_Park
2023-04-22 19:00:00,33.2,8,985.0,0,13.9,17.0,21.8,15.0,2.0,27.5398,71.9153,Bhadla_Solar_Park
2023-04-22 20:00:00,31.2,10,985.8,0,11.4,0.0,0.0,0.0,0.0,27.5398,71.9153,Bhadla_Solar_Park
2023-04-22 21:00:00,29.7,11,986.2,0,12.1,0.0,0.0,0.0,0.0,27.5398,71.9153,Bhadla_Solar_Park
2023-04-22 22:00:00,28.7,15,986.7,0,16.3,0.0,0.0,0.0,0.0,27.5398,71.9153,Bhadla_Solar_Park
2023-04-22 23:00:00,27.6,17,986.9,0,18.1,0.0,0.0,0.0,0.0,27.5398,71.9153,Bhadla_Solar_Park
2023-04-23 00:00:00,26.4,18,986.6,0,18.0,0.0,0.0,0.0,0.0,27.5398,71.9153,Bhadla_Solar_Park
2023-04-23 01:00:00,25.3,25,986.4,0,18.0,0.0,0.0,0.0,0.0,27.5398,71.9153,Bhadla_Solar_Park
2023-04-23 02:00:00,24.4,29,986.0,0,17.1,0.0,0.0,0.0,0.0,27.5398,71.9153,Bhadla_Solar_Park
2023-04-23 03:00:00,23.4,31,986.1,0,16.0,0.0,0.0,0.0,0.0,27.5398,71.9153,Bhadla_Solar_Park
2023-04-23 04:00:00,22.7,33,986.6,8,14.8,0.0,0.0,0.0,0.0,27.5398,71.9153,Bhadla_Solar_Park
2023-04-23 05:00:00,22.9,37,986.5,0,15.6,0.0,0.0,0.0,0.0,27.5398,71.9153,Bhadla_Solar_Park
2023-04-23 06:00:00,22.2,41,987.3,0,14.1,3.0,0.0,3.0,0.0,27.5398,71.9153,Bhadla_Solar_Park
2023-04-23 07:00:00,23.5,38,988.2,0,12.6,87.0,127.7,65.0,22.0,27.5398,71.9153,Bhadla_Solar_Park
2023-04-23 08:00:00,25.9,32,988.9,0,12.0,275.0,331.0,145.0,130.0,27.5398,71.9153,Bhadla_Solar_Park
2023-04-23 09:00:00,29.0,25,989.4,0,13.1,489.0,489.0,199.0,290.0,27.5398,71.9153,Bhadla_Solar_Park
2023-04-23 10:00:00,30.8,19,989.7,0,11.0,684.0,589.7,236.0,448.0,27.5398,71.9153,Bhadla_Solar_Park
2023-04-23 11:00:00,32.0,17,989.4,0,11.3,830.0,645.6,261.0,569.0,27.5398,71.9153,Bhadla_Solar_Park
2023-04-23 12:00:00,33.0,14,988.8,0,13.4,915.0,673.8,275.0,640.0,27.5398,71.9153,Bhadla_Solar_Park
2023-04-23 13:00:00,34.0,13,988.3,0,17.6,930.0,680.0,277.0,653.0,27.5398,71.9153,Bhadla_Solar_Park
2023-04-23 14:00:00,34.8,11,987.5,0,21.1,870.0,661.2,267.0,603.0,27.5398,71.9153,Bhadla_Solar_Park
2023-04-23 15:00:00,34.8,11,987.1,5,24.7,744.0,614.7,247.0,497.0,27.5398,71.9153,Bhadla_Solar_Park
2023-04-23 16:00:00,34.9,10,986.5,1,24.3,560.0,528.4,213.0,347.0,27.5398,71.9153,Bhadla_Solar_Park
2023-04-23 17:00:00,34.0,12,986.7,0,23.5,349.0,391.9,166.0,183.0,27.5398,71.9153,Bhadla_Solar_Park
2023-04-23 18:00:00,33.1,13,986.8,8,20.7,145.0,194.2,96.0,49.0,27.5398,71.9153,Bhadla_Solar_Park
2023-04-23 19:00:00,31.6,15,987.1,1,17.3,17.0,21.6,15.0,2.0,27.5398,71.9153,Bhadla_Solar_Park
2023-04-23 20:00:00,30.9,15,987.6,0,19.9,0.0,0.0,0.0,0.0,27.5398,71.9153,Bhadla_Solar_Park
2023-04-23 21:00:00,28.7,19,988.3,1,10.0,0.0,0.0,0.0,0.0,27.5398,71.9153,Bhadla_Solar_Park
2023-04-23 22:00:00,27.3,19,988.9,0,11.5,0.0,0.0,0.0,0.0,27.5398,71.9153,Bhadla_Solar_Park
2023-04-23 23:00:00,26.1,22,989.3,0,10.1,0.0,0.0,0.0,0.0,27.5398,71.9153,Bhadla_Solar_Park
2023-04-24 00:00:00,24.9,24,988.7,0,10.2,0.0,0.0,0.0,0.0,27.5398,71.9153,Bhadla_Solar_Park
2023-04-24 01:00:00,23.9,25,988.2,0,10.5,0.0,0.0,0.0,0.0,27.5398,71.9153,Bhadla_Solar_Park
2023-04-24 02:00:00,23.1,26,987.8,0,11.1,0.0,0.0,0.0,0.0,27.5398,71.9153,Bhadla_Solar_Park
2023-04-24 03:00:00,22.6,26,988.0,0,11.9,0.0,0.0,0.0,0.0,27.5398,71.9153,Bhadla_Solar_Park
2023-04-24 04:00:00,21.1,30,988.5,0,8.7,0.0,0.0,0.0,0.0,27.5398,71.9153,Bhadla_Solar_Park
2023-04-24 05:00:00,21.2,32,989.0,0,9.7,0.0,0.0,0.0,0.0,27.5398,71.9153,Bhadla_Solar_Park
2023-04-24 06:00:00,21.0,33,989.9,0,9.9,3.0,0.0,3.0,0.0,27.5398,71.9153,Bhadla_Solar_Park
2023-04-24 07:00:00,22.8,30,990.5,0,7.7,87.0,119.6,66.0,21.0,27.5398,71.9153,Bhadla_Solar_Park
2023-04-24 08:00:00,26.3,25,991.0,0,7.2,271.0,318.5,145.0,126.0,27.5398,71.9153,Bhadla_Solar_Park
2023-04-24 09:00:00,29.6,20,991.8,0,9.4,484.0,475.1,201.0,283.0,27.5398,71.9153,Bhadla_Solar_Park
2023-04-24 10:00:00,31.3,18,991.9,0,16.0,676.0,573.5,239.0,437.0,27.5398,71.9153,Bhadla_Solar_Park
2023-04-24 11:00:00,32.4,17,991.6,0,17.0,823.0,631.7,265.0,558.0,27.5398,71.9153,Bhadla_Solar_Park
2023-04-24 12:00:00,33.3,15,991.4,8,14.8,907.0,661.1,278.0,629.0,27.5398,71.9153,Bhadla_Solar_Park
2023-04-24 13:00:00,34.2,14,990.8,5,13.6,920.0,665.5,280.0,640.0,27.5398,71.9153,Bhadla_Solar_Park
2023-04-24 14:00:00,34.7,13,989.9,4,12.9,860.0,646.0,270.0,590.0,27.5398,71.9153,Bhadla_Solar_Park
2023-04-24 15:00:00,34.9,13,989.1,0,11.9,735.0,601.4,248.0,487.0,27.5398,71.9153,Bhadla_Solar_Park
2023-04-24 16:00:00,34.9,12,988.6,0,9.8,556.0,518.2,215.0,341.0,27.5398,71.9153,Bhadla_Solar_Park
2023-04-24 17:00:00,34.7,13,989.2,0,9.7,346.0,384.2,166.0,180.0,27.5398,71.9153,Bhadla_Solar_Park
2023-04-24 18:00:00,34.1,13,989.3,0,11.3,145.0,189.0,97.0,48.0,27.5398,71.9153,Bhadla_Solar_Park
2023-04-24 19:00:00,32.4,14,989.6,0,12.5,18.0,21.4,16.0,2.0,27.5398,71.9153,Bhadla_Solar_Park
2023-04-24 20:00:00,31.1,16,989.9,100,16.5,0.0,0.0,0.0,0.0,27.5398,71.9153,Bhadla_Solar_Park
2023-04-24 21:00:00,30.0,18,990.3,99,15.3,0.0,0.0,0.0,0.0,27.5398,71.9153,Bhadla_Solar_Park
2023-04-24 22:00:00,28.6,19,990.6,93,13.1,0.0,0.0,0.0,0.0,27.5398,71.9153,Bhadla_Solar_Park
2023-04-24 23:00:00,27.2,21,990.2,96,10.9,0.0,0.0,0.0,0.0,27.5398,71.9153,Bhadla_Solar_Park
2023-04-25 00:00:00,26.3,22,989.8,92,11.2,0.0,0.0,0.0,0.0,27.5398,71.9153,Bhadla_Solar_Park
2023-04-25 01:00:00,25.2,24,989.4,100,11.2,0.0,0.0,0.0,0.0,27.5398,71.9153,Bhadla_Solar_Park
2023-04-25 02:00:00,24.2,26,989.2,100,11.2,0.0,0.0,0.0,0.0,27.5398,71.9153,Bhadla_Solar_Park
2023-04-25 03:00:00,23.1,28,988.9,50,10.9,0.0,0.0,0.0,0.0,27.5398,71.9153,Bhadla_Solar_Park
2023-04-25 04:00:00,22.1,31,989.2,100,9.8,0.0,0.0,0.0,0.0,27.5398,71.9153,Bhadla_Solar_Park
2023-04-25 05:00:00,21.9,35,989.7,100,9.7,0.0,0.0,0.0,0.0,27.5398,71.9153,Bhadla_Solar_Park
2023-04-25 06:00:00,22.6,34,990.6,100,14.0,3.0,0.0,3.0,0.0,27.5398,71.9153,Bhadla_Solar_Park
2023-04-25 07:00:00,24.4,30,991.2,100,13.7,82.0,50.4,73.0,9.0,27.5398,71.9153,Bhadla_Solar_Park
2023-04-25 08:00:00,26.6,26,991.8,100,15.4,228.0,128.0,177.0,51.0,27.5398,71.9153,Bhadla_Solar_Park
2023-04-25 09:00:00,30.0,24,992.4,100,19.7,444.0,344.4,238.0,206.0,27.5398,71.9153,Bhadla_Solar_Park
2023-04-25 10:00:00,33.0,21,992.4,100,22.2,628.0,428.0,301.0,327.0,27.5398,71.9153,Bhadla_Solar_Park
2023-04-25 11:00:00,34.8,16,992.3,85,20.2,680.0,334.4,384.0,296.0,27.5398,71.9153,Bhadla_Solar_Park
2023-04-25 12:00:00,36.0,14,991.6,31,17.4,884.0,593.9,318.0,566.0,27.5398,71.9153,Bhadla_Solar_Park
2023-04-25 13:00:00,36.6,12,990.6,5,16.7,917.0,657.3,284.0,633.0,27.5398,71.9153,Bhadla_Solar_Park
2023-04-25 14:00:00,37.0,11,989.4,16,15.5,860.0,642.9,272.0,588.0,27.5398,71.9153,Bhadla_Solar_Park
2023-04-25 15:00:00,37.1,10,988.8,99,12.6,735.0,596.8,251.0,484.0,27.5398,71.9153,Bhadla_Solar_Park
2023-04-25 16:00:00,37.0,10,988.5,97,9.0,553.0,500.5,223.0,330.0,27.5398,71.9153,Bhadla_Solar_Park
2023-04-25 17:00:00,36.4,11,988.4,96,11.6,339.0,342.6,178.0,161.0,27.5398,71.9153,Bhadla_Solar_Park
2023-04-25 18:00:00,35.6,12,988.4,5,12.1,144.0,183.8,97.0,47.0,27.5398,71.9153,Bhadla_Solar_Park
2023-04-25 19:00:00,33.6,14,988.5,51,10.7,18.0,21.2,16.0,2.0,27.5398,71.9153,Bhadla_Solar_Park
2023-04-25 20:00:00,32.2,16,988.9,100,10.0,0.0,0.0,0.0,0.0,27.5398,71.9153,Bhadla_Solar_Park
2023-04-25 21:00:00,31.0,17,989.0,100,9.6,0.0,0.0,0.0,0.0,27.5398,71.9153,Bhadla_Solar_Park
2023-04-25 22:00:00,30.6,17,989.1,100,13.9,0.0,0.0,0.0,0.0,27.5398,71.9153,Bhadla_Solar_Park
2023-04-25 23:00:00,29.2,19,989.1,100,12.7,0.0,0.0,0.0,0.0,27.5398,71.9153,Bhadla_Solar_Park
2023-04-26 00:00:00,29.0,19,988.4,100,14.7,0.0,0.0,0.0,0.0,27.5398,71.9153,Bhadla_Solar_Park
2023-04-26 01:00:00,28.7,20,987.9,100,16.6,0.0,0.0,0.0,0.0,27.5398,71.9153,Bhadla_Solar_Park
2023-04-26 02:00:00,28.2,21,987.6,100,18.5,0.0,0.0,0.0,0.0,27.5398,71.9153,Bhadla_Solar_Park
2023-04-26 03:00:00,28.1,22,987.4,100,18.8,0.0,0.0,0.0,0.0,27.5398,71.9153,Bhadla_Solar_Park
2023-04-26 04:00:00,27.7,23,987.4,100,17.4,0.0,0.0,0.0,0.0,27.5398,71.9153,Bhadla_Solar_Park
2023-04-26 05:00:00,27.2,27,987.8,100,15.5,0.0,0.0,0.0,0.0,27.5398,71.9153,Bhadla_Solar_Park
2023-04-26 06:00:00,26.6,29,988.4,100,14.2,3.0,0.0,3.0,0.0,27.5398,71.9153,Bhadla_Solar_Park
2023-04-26 07:00:00,27.8,27,989.1,100,13.2,71.0,16.5,68.0,3.0,27.5398,71.9153,Bhadla_Solar_Park
2023-04-26 08:00:00,29.8,24,989.4,100,14.2,204.0,84.8,170.0,34.0,27.5398,71.9153,Bhadla_Solar_Park
2023-04-26 09:00:00,32.5,21,990.0,100,20.8,435.0,319.7,243.0,192.0,27.5398,71.9153,Bhadla_Solar_Park
2023-04-26 10:00:00,34.8,19,990.0,100,26.6,556.0,288.5,335.0,221.0,27.5398,71.9153,Bhadla_Solar_Park
2023-04-26 11:00:00,36.0,15,989.8,100,21.6,614.0,227.8,412.0,202.0,27.5398,71.9153,Bhadla_Solar_Park
2023-04-26 12:00:00,36.7,12,989.1,100,13.0,639.0,219.0,430.0,209.0,27.5398,71.9153,Bhadla_Solar_Park
2023-04-26 13:00:00,36.9,11,988.1,100,13.9,571.0,148.3,428.0,143.0,27.5398,71.9153,Bhadla_Solar_Park
2023-04-26 14:00:00,36.9,11,987.1,100,15.4,506.0,114.6,401.0,105.0,27.5398,71.9153,Bhadla_Solar_Park
2023-04-26 15:00:00,37.0,10,985.9,94,13.5,488.0,142.8,372.0,116.0,27.5398,71.9153,Bhadla_Solar_Park
2023-04-26 16:00:00,37.2,10,985.5,30,11.9,467.0,280.0,282.0,185.0,27.5398,71.9153,Bhadla_Solar_Park
2023-04-26 17:00:00,36.6,9,985.1,8,9.5,330.0,316.1,181.0,149.0,27.5398,71.9153,Bhadla_Solar_Park
2023-04-26 18:00:00,35.9,10,985.0,97,6.8,136.0,120.4,105.0,31.0,27.5398,71.9153,Bhadla_Solar_Park
2023-04-26 19:00:00,33.6,12,985.0,37,11.5,18.0,21.0,16.0,2.0,27.5398,71.9153,Bhadla_Solar_Park
2023-04-26 20:00:00,31.4,14,985.6,0,9.3,0.0,0.0,0.0,0.0,27.5398,71.9153,Bhadla_Solar_Park
2023-04-26 21:00:00,30.5,15,986.2,17,12.9,0.0,0.0,0.0,0.0,27.5398,71.9153,Bhadla_Solar_Park
2023-04-26 22:00:00,29.7,19,986.7,98,15.2,0.0,0.0,0.0,0.0,27.5398,71.9153,Bhadla_Solar_Park
2023-04-26 23:00:00,29.8,22,986.7,100,11.9,0.0,0.0,0.0,0.0,27.5398,71.9153,Bhadla_Solar_Park
2023-04-27 00:00:00,29.4,23,986.6,80,10.9,0.0,0.0,0.0,0.0,27.5398,71.9153,Bhadla_Solar_Park
2023-04-27 01:00:00,28.1,24,986.2,100,9.3,0.0,0.0,0.0,0.0,27.5398,71.9153,Bhadla_Solar_Park
2023-04-27 02:00:00,27.7,25,985.6,100,9.4,0.0,0.0,0.0,0.0,27.5398,71.9153,Bhadla_Solar_Park
2023-04-27 03:00:00,28.3,24,985.6,99,14.3,0.0,0.0,0.0,0.0,27.5398,71.9153,Bhadla_Solar_Park
2023-04-27 04:00:00,28.1,25,985.8,100,12.2,0.0,0.0,0.0,0.0,27.5398,71.9153,Bhadla_Solar_Park
2023-04-27 05:00:00,28.5,26,986.3,69,25.5,0.0,0.0,0.0,0.0,27.5398,71.9153,Bhadla_Solar_Park
2023-04-27 06:00:00,28.0,28,986.8,93,19.9,4.0,0.0,4.0,0.0,27.5398,71.9153,Bhadla_Solar_Park
2023-04-27 07:00:00,29.4,25,987.8,99,14.3,81.0,64.9,69.0,12.0,27.5398,71.9153,Bhadla_Solar_Park
2023-04-27 08:00:00,31.8,21,988.3,100,11.4,247.0,217.9,159.0,88.0,27.5398,71.9153,Bhadla_Solar_Park
2023-04-27 09:00:00,34.0,18,989.0,100,14.9,422.0,315.2,232.0,190.0,27.5398,71.9153,Bhadla_Solar_Park
2023-04-27 10:00:00,35.1,16,989.0,96,11.8,519.0,343.7,255.0,264.0,27.5398,71.9153,Bhadla_Solar_Park
2023-04-27 11:00:00,35.8,14,988.8,98,6.2,588.0,307.2,315.0,273.0,27.5398,71.9153,Bhadla_Solar_Park
2023-04-27 12:00:00,36.8,13,988.1,4,4.5,747.0,380.8,383.0,364.0,27.5398,71.9153,Bhadla_Solar_Park
2023-04-27 13:00:00,37.5,13,987.5,79,12.7,879.0,614.1,286.0,593.0,27.5398,71.9153,Bhadla_Solar_Park
2023-04-27 14:00:00,36.3,15,987.0,49,21.9,607.0,304.2,328.0,279.0,27.5398,71.9153,Bhadla_Solar_Park
2023-04-27 15:00:00,36.1,15,986.4,60,15.7,436.0,174.6,294.0,142.0,27.5398,71.9153,Bhadla_Solar_Park
2023-04-27 16:00:00,36.0,15,985.8,42,12.8,343.0,178.3,225.0,118.0,27.5398,71.9153,Bhadla_Solar_Park
2023-04-27 17:00:00,34.4,18,986.3,64,10.0,292.0,253.7,172.0,120.0,27.5398,71.9153,Bhadla_Solar_Park
2023-04-27 18:00:00,34.5,18,986.7,84,4.6,125.0,104.2,98.0,27.0,27.5398,71.9153,Bhadla_Solar_Park
2023-04-27 19:00:00,33.4,19,987.2,35,9.4,16.0,10.4,15.0,1.0,27.5398,71.9153,Bhadla_Solar_Park
2023-04-27 20:00:00,31.0,27,988.1,66,26.3,0.0,0.0,0.0,0.0,27.5398,71.9153,Bhadla_Solar_Park
2023-04-27 21:00:00,30.2,29,988.6,74,17.7,0.0,0.0,0.0,0.0,27.5398,71.9153,Bhadla_Solar_Park
2023-04-27 22:00:00,29.8,28,989.1,99,12.7,0.0,0.0,0.0,0.0,27.5398,71.9153,Bhadla_Solar_Park
2023-04-27 23:00:00,28.8,32,988.8,93,3.9,0.0,0.0,0.0,0.0,27.5398,71.9153,Bhadla_Solar_Park
2023-04-28 00:00:00,27.8,33,988.8,32,8.0,0.0,0.0,0.0,0.0,27.5398,71.9153,Bhadla_Solar_Park
2023-04-28 01:00:00,27.3,34,988.6,59,11.1,0.0,0.0,0.0,0.0,27.5398,71.9153,Bhadla_Solar_Park
2023-04-28 02:00:00,27.0,35,987.9,100,5.5,0.0,0.0,0.0,0.0,27.5398,71.9153,Bhadla_Solar_Park
2023-04-28 03:00:00,26.5,35,987.6,99,8.9,0.0,0.0,0.0,0.0,27.5398,71.9153,Bhadla_Solar_Park
2023-04-28 04:00:00,25.9,37,987.7,100,9.2,0.0,0.0,0.0,0.0,27.5398,71.9153,Bhadla_Solar_Park
2023-04-28 05:00:00,24.4,45,988.0,98,9.3,0.0,0.0,0.0,0.0,27.5398,71.9153,Bhadla_Solar_Park
2023-04-28 06:00:00,24.3,46,988.6,100,9.4,4.0,0.0,4.0,0.0,27.5398,71.9153,Bhadla_Solar_Park
2023-04-28 07:00:00,26.1,42,989.6,2,6.6,87.0,85.2,71.0,16.0,27.5398,71.9153,Bhadla_Solar_Park
2023-04-28 08:00:00,29.5,34,990.4,30,6.3,265.0,290.4,147.0,118.0,27.5398,71.9153,Bhadla_Solar_Park
2023-04-28 09:00:00,31.7,29,991.0,94,10.2,465.0,431.4,204.0,261.0,27.5398,71.9153,Bhadla_Solar_Park
2023-04-28 10:00:00,33.0,26,991.0,100,9.7,640.0,497.4,257.0,383.0,27.5398,71.9153,Bhadla_Solar_Park
2023-04-28 11:00:00,33.8,24,990.2,100,7.4,785.0,554.9,291.0,494.0,27.5398,71.9153,Bhadla_Solar_Park
2023-04-28 12:00:00,35.4,21,989.5,100,9.9,838.0,513.9,346.0,492.0,27.5398,71.9153,Bhadla_Solar_Park
2023-04-28 13:00:00,30.8,33,990.0,100,33.9,618.0,281.3,346.0,272.0,27.5398,71.9153,Bhadla_Solar_Park
2023-04-28 14:00:00,33.0,23,989.1,100,15.6,369.0,87.1,289.0,80.0,27.5398,71.9153,Bhadla_Solar_Park
2023-04-28 15:00:00,32.7,26,987.8,100,16.1,497.0,168.2,360.0,137.0,27.5398,71.9153,Bhadla_Solar_Park
2023-04-28 16:00:00,33.0,25,987.7,100,14.8,469.0,289.5,277.0,192.0,27.5398,71.9153,Bhadla_Solar_Park
2023-04-28 17:00:00,29.5,41,988.1,100,10.7,211.0,56.9,184.0,27.0,27.5398,71.9153,Bhadla_Solar_Park
2023-04-28 18:00:00,29.9,40,987.5,100,12.8,77.0,7.7,75.0,2.0,27.5398,71.9153,Bhadla_Solar_Park
2023-04-28 19:00:00,28.9,44,988.0,100,12.2,9.0,0.0,9.0,0.0,27.5398,71.9153,Bhadla_Solar_Park
2023-04-28 20:00:00,28.2,46,988.7,100,9.7,0.0,0.0,0.0,0.0,27.5398,71.9153,Bhadla_Solar_Park
2023-04-28 21:00:00,27.6,45,989.2,100,5.6,0.0,0.0,0.0,0.0,27.5398,71.9153,Bhadla_Solar_Park
2023-04-28 22:00:00,26.5,51,990.2,100,18.1,0.0,0.0,0.0,0.0,27.5398,71.9153,Bhadla_Solar_Park
2023-04-28 23:00:00,22.0,75,991.3,99,27.4,0.0,0.0,0.0,0.0,27.5398,71.9153,Bhadla_Solar_Park
2023-04-29 00:00:00,21.4,80,990.9,100,15.7,0.0,0.0,0.0,0.0,27.5398,71.9153,Bhadla_Solar_Park
2023-04-29 01:00:00,21.0,84,989.4,100,12.4,0.0,0.0,0.0,0.0,27.5398,71.9153,Bhadla_Solar_Park
2023-04-29 02:00:00,20.9,83,988.9,100,1.1,0.0,0.0,0.0,0.0,27.5398,71.9153,Bhadla_Solar_Park
2023-04-29 03:00:00,21.1,83,988.4,100,1.4,0.0,0.0,0.0,0.0,27.5398,71.9153,Bhadla_Solar_Park
2023-04-29 04:00:00,21.2,84,988.6,99,8.7,0.0,0.0,0.0,0.0,27.5398,71.9153,Bhadla_Solar_Park
2023-04-29 05:00:00,20.9,84,988.7,99,1.9,0.0,0.0,0.0,0.0,27.5398,71.9153,Bhadla_Solar_Park
2023-04-29 06:00:00,20.6,87,989.3,99,3.1,4.0,0.0,4.0,0.0,27.5398,71.9153,Bhadla_Solar_Park
2023-04-29 07:00:00,21.0,84,990.1,100,1.1,61.0,10.5,59.0,2.0,27.5398,71.9153,Bhadla_Solar_Park
2023-04-29 08:00:00,21.6,82,990.7,88,1.6,129.0,17.1,122.0,7.0,27.5398,71.9153,Bhadla_Solar_Park
2023-04-29 09:00:00,23.2,73,991.2,18,3.7,338.0,217.4,206.0,132.0,27.5398,71.9153,Bhadla_Solar_Park
2023-04-29 10:00:00,25.1,62,991.1,25,1.1,605.0,417.2,283.0,322.0,27.5398,71.9153,Bhadla_Solar_Park
2023-04-29 11:00:00,26.4,55,990.6,9,1.1,709.0,478.8,282.0,427.0,27.5398,71.9153,Bhadla_Solar_Park
2023-04-29 12:00:00,27.4,56,989.8,13,8.7,848.0,581.0,291.0,557.0,27.5398,71.9153,Bhadla_Solar_Park
2023-04-29 13:00:00,27.8,56,989.3,25,9.3,828.0,550.6,295.0,533.0,27.5398,71.9153,Bhadla_Solar_Park
2023-04-29 14:00:00,28.2,54,988.0,32,7.0,767.0,514.5,294.0,473.0,27.5398,71.9153,Bhadla_Solar_Park
2023-04-29 15:00:00,28.3,53,986.9,28,8.1,623.0,430.2,272.0,351.0,27.5398,71.9153,Bhadla_Solar_Park
2023-04-29 16:00:00,28.5,53,986.3,32,7.1,496.0,401.8,229.0,267.0,27.5398,71.9153,Bhadla_Solar_Park
2023-04-29 17:00:00,27.7,52,986.3,39,4.5,302.0,273.2,172.0,130.0,27.5398,71.9153,Bhadla_Solar_Park
2023-04-29 18:00:00,27.8,52,986.9,22,4.0,127.0,125.7,94.0,33.0,27.5398,71.9153,Bhadla_Solar_Park
2023-04-29 19:00:00,26.9,62,987.4,83,4.2,18.0,20.4,16.0,2.0,27.5398,71.9153,Bhadla_Solar_Park
2023-04-29 20:00:00,25.5,68,987.9,100,6.7,0.0,0.0,0.0,0.0,27.5398,71.9153,Bhadla_Solar_Park
2023-04-29 21:00:00,24.4,73,988.4,89,4.8,0.0,0.0,0.0,0.0,27.5398,71.9153,Bhadla_Solar_Park
2023-04-29 22:00:00,23.9,80,988.5,57,1.9,0.0,0.0,0.0,0.0,27.5398,71.9153,Bhadla_Solar_Park
2023-04-29 23:00:00,23.5,83,988.1,15,2.9,0.0,0.0,0.0,0.0,27.5398,71.9153,Bhadla_Solar_Park
2023-04-30 00:00:00,21.7,78,988.4,83,22.0,0.0,0.0,0.0,0.0,27.5398,71.9153,Bhadla_Solar_Park
2023-04-30 01:00:00,20.0,87,988.3,100,18.8,0.0,0.0,0.0,0.0,27.5398,71.9153,Bhadla_Solar_Park
2023-04-30 02:00:00,20.4,87,987.7,100,5.2,0.0,0.0,0.0,0.0,27.5398,71.9153,Bhadla_Solar_Park
2023-04-30 03:00:00,20.5,88,987.3,100,4.8,0.0,0.0,0.0,0.0,27.5398,71.9153,Bhadla_Solar_Park
2023-04-30 04:00:00,20.6,89,987.3,100,3.9,0.0,0.0,0.0,0.0,27.5398,71.9153,Bhadla_Solar_Park
2023-04-30 05:00:00,20.3,89,987.2,100,7.1,0.0,0.0,0.0,0.0,27.5398,71.9153,Bhadla_Solar_Park
2023-04-30 06:00:00,20.5,89,987.5,100,7.1,5.0,0.0,5.0,0.0,27.5398,71.9153,Bhadla_Solar_Park
2023-04-30 07:00:00,21.5,86,988.0,96,8.9,81.0,62.1,69.0,12.0,27.5398,71.9153,Bhadla_Solar_Park
2023-04-30 08:00:00,23.0,78,988.7,98,11.4,246.0,213.9,158.0,88.0,27.5398,71.9153,Bhadla_Solar_Park
2023-04-30 09:00:00,24.6,71,989.2,81,11.2,435.0,349.6,222.0,213.0,27.5398,71.9153,Bhadla_Solar_Park
2023-04-30 10:00:00,25.9,65,989.1,93,10.4,586.0,385.2,288.0,298.0,27.5398,71.9153,Bhadla_Solar_Park
2023-04-30 11:00:00,26.6,62,988.6,84,8.2,732.0,456.7,324.0,408.0,27.5398,71.9153,Bhadla_Solar_Park
2023-04-30 12:00:00,27.0,60,988.3,80,7.6,663.0,318.8,357.0,306.0,27.5398,71.9153,Bhadla_Solar_Park
2023-04-30 13:00:00,27.4,57,987.6,86,9.2,667.0,303.3,373.0,294.0,27.5398,71.9153,Bhadla_Solar_Park
2023-04-30 14:00:00,27.6,58,986.4,87,10.2,664.0,359.6,333.0,331.0,27.5398,71.9153,Bhadla_Solar_Park
2023-04-30 15:00:00,26.6,62,985.3,90,14.8,565.0,328.0,297.0,268.0,27.5398,71.9153,Bhadla_Solar_Park
2023-04-30 16:00:00,24.7,70,984.8,79,14.3,413.0,246.3,249.0,164.0,27.5398,71.9153,Bhadla_Solar_Park
2023-04-30 17:00:00,25.5,60,985.1,94,5.6,223.0,119.4,166.0,57.0,27.5398,71.9153,Bhadla_Solar_Park
2023-04-30 18:00:00,25.4,64,985.6,97,5.1,102.0,53.0,88.0,14.0,27.5398,71.9153,Bhadla_Solar_Park
2023-04-30 19:00:00,24.2,77,986.2,98,5.8,18.0,10.1,17.0,1.0,27.5398,71.9153,Bhadla_Solar_Park
2023-04-30 20:00:00,23.2,82,986.4,97,7.2,0.0,0.0,0.0,0.0,27.5398,71.9153,Bhadla_Solar_Park
2023-04-30 21:00:00,22.7,85,986.8,86,6.9,0.0,0.0,0.0,0.0,27.5398,71.9153,Bhadla_Solar_Park
2023-04-30 22:00:00,22.4,87,987.1,83,6.8,0.0,0.0,0.0,0.0,27.5398,71.9153,Bhadla_Solar_Park
2023-04-30 23:00:00,22.1,87,986.9,87,7.1,0.0,0.0,0.0,0.0,27.5398,71.9153,Bhadla_Solar_Park
2023-05-01 00:00:00,21.6,88,986.3,7,9.6,0.0,0.0,0.0,0.0,27.5398,71.9153,Bhadla_Solar_Park
2023-05-01 01:00:00,21.2,89,986.0,7,9.4,0.0,0.0,0.0,0.0,27.5398,71.9153,Bhadla_Solar_Park
2023-05-01 02:00:00,20.9,89,985.4,29,9.3,0.0,0.0,0.0,0.0,27.5398,71.9153,Bhadla_Solar_Park
2023-05-01 03:00:00,20.5,90,985.3,98,9.6,0.0,0.0,0.0,0.0,27.5398,71.9153,Bhadla_Solar_Park
2023-05-01 04:00:00,20.2,89,985.5,9,9.4,0.0,0.0,0.0,0.0,27.5398,71.9153,Bhadla_Solar_Park
2023-05-01 05:00:00,20.6,89,985.8,7,6.6,0.0,0.0,0.0,0.0,27.5398,71.9153,Bhadla_Solar_Park
2023-05-01 06:00:00,20.6,89,986.3,40,7.4,5.0,0.0,5.0,0.0,27.5398,71.9153,Bhadla_Solar_Park
2023-05-01 07:00:00,21.4,86,986.7,20,8.2,82.0,76.5,67.0,15.0,27.5398,71.9153,Bhadla_Solar_Park
2023-05-01 08:00:00,23.0,81,987.5,20,8.9,255.0,249.0,152.0,103.0,27.5398,71.9153,Bhadla_Solar_Park
2023-05-01 09:00:00,24.7,73,988.0,21,6.6,452.0,389.3,214.0,238.0,27.5398,71.9153,Bhadla_Solar_Park
2023-05-01 10:00:00,26.2,65,988.1,28,5.4,637.0,493.9,254.0,383.0,27.5398,71.9153,Bhadla_Solar_Park
2023-05-01 11:00:00,27.4,58,987.8,14,5.2,783.0,568.9,274.0,509.0,27.5398,71.9153,Bhadla_Solar_Park
2023-05-01 12:00:00,27.9,55,987.2,28,5.1,851.0,578.4,295.0,556.0,27.5398,71.9153,Bhadla_Solar_Park
2023-05-01 13:00:00,28.1,53,986.7,59,5.2,805.0,500.8,319.0,486.0,27.5398,71.9153,Bhadla_Solar_Park
2023-05-01 14:00:00,28.1,53,986.1,52,5.4,701.0,412.3,321.0,380.0,27.5398,71.9153,Bhadla_Solar_Park
2023-05-01 15:00:00,28.6,51,985.2,48,6.4,618.0,394.8,295.0,323.0,27.5398,71.9153,Bhadla_Solar_Park
2023-05-01 16:00:00,28.4,52,984.7,48,7.9,492.0,373.3,243.0,249.0,27.5398,71.9153,Bhadla_Solar_Park
2023-05-01 17:00:00,28.5,49,984.5,49,5.8,303.0,261.1,178.0,125.0,27.5398,71.9153,Bhadla_Solar_Park
2023-05-01 18:00:00,27.7,62,984.8,34,7.0,125.0,109.0,96.0,29.0,27.5398,71.9153,Bhadla_Solar_Park
2023-05-01 19:00:00,25.9,71,985.6,28,8.8,18.0,20.0,16.0,2.0,27.5398,71.9153,Bhadla_Solar_Park
2023-05-01 20:00:00,24.7,77,986.2,12,7.4,0.0,0.0,0.0,0.0,27.5398,71.9153,Bhadla_Solar_Park
2023-05-01 21:00:00,24.0,80,987.1,9,7.0,0.0,0.0,0.0,0.0,27.5398,71.9153,Bhadla_Solar_Park
2023-05-01 22:00:00,23.7,79,987.7,2,10.0,0.0,0.0,0.0,0.0,27.5398,71.9153,Bhadla_Solar_Park
2023-05-01 23:00:00,23.1,83,987.7,0,9.2,0.0,0.0,0.0,0.0,27.5398,71.9153,Bhadla_Solar_Park
2023-05-02 00:00:00,22.6,84,987.2,0,9.5,0.0,0.0,0.0,0.0,27.5398,71.9153,Bhadla_Solar_Park
2023-05-02 01:00:00,22.3,85,986.6,25,9.7,0.0,0.0,0.0,0.0,27.5398,71.9153,Bhadla_Solar_Park
2023-05-02 02:00:00,21.9,85,986.3,72,10.7,0.0,0.0,0.0,0.0,27.5398,71.9153,Bhadla_Solar_Park
2023-05-02 03:00:00,21.4,86,986.1,62,11.5,0.0,0.0,0.0,0.0,27.5398,71.9153,Bhadla_Solar_Park
2023-05-02 04:00:00,21.0,88,986.2,26,10.2,0.0,0.0,0.0,0.0,27.5398,71.9153,Bhadla_Solar_Park
2023-05-02 05:00:00,21.7,91,986.8,0,9.2,0.0,0.0,0.0,0.0,27.5398,71.9153,Bhadla_Solar_Park
2023-05-02 06:00:00,21.8,90,987.4,1,9.3,6.0,0.0,6.0,0.0,27.5398,71.9153,Bhadla_Solar_Park
2023-05-02 07:00:00,22.8,87,988.6,36,12.6,92.0,100.7,72.0,20.0,27.5398,71.9153,Bhadla_Solar_Park
2023-05-02 08:00:00,24.1,79,989.4,39,12.9,241.0,223.5,148.0,93.0,27.5398,71.9153,Bhadla_Solar_Park
2023-05-02 09:00:00,25.8,71,990.0,8,12.6,405.0,321.2,208.0,197.0,27.5398,71.9153,Bhadla_Solar_Park
2023-05-02 10:00:00,27.4,62,990.0,12,11.7,610.0,459.4,253.0,357.0,27.5398,71.9153,Bhadla_Solar_Park
2023-05-02 11:00:00,28.7,55,989.6,10,8.9,753.0,523.3,284.0,469.0,27.5398,71.9153,Bhadla_Solar_Park
2023-05-02 12:00:00,29.6,50,988.9,11,7.1,821.0,539.2,302.0,519.0,27.5398,71.9153,Bhadla_Solar_Park
2023-05-02 13:00:00,30.2,49,988.1,20,6.5,850.0,560.0,306.0,544.0,27.5398,71.9153,Bhadla_Solar_Park
2023-05-02 14:00:00,30.4,46,987.3,37,5.3,756.0,497.5,297.0,459.0,27.5398,71.9153,Bhadla_Solar_Park
2023-05-02 15:00:00,30.7,43,986.4,49,3.1,634.0,448.0,267.0,367.0,27.5398,71.9153,Bhadla_Solar_Park
2023-05-02 16:00:00,30.8,43,985.8,42,4.0,461.0,335.2,237.0,224.0,27.5398,71.9153,Bhadla_Solar_Park
2023-05-02 17:00:00,30.1,47,986.0,52,7.9,308.0,272.8,177.0,131.0,27.5398,71.9153,Bhadla_Solar_Park
2023-05-02 18:00:00,28.7,62,986.7,47,6.1,122.0,112.0,92.0,30.0,27.5398,71.9153,Bhadla_Solar_Park
2023-05-02 19:00:00,27.8,60,987.3,14,3.1,18.0,19.9,16.0,2.0,27.5398,71.9153,Bhadla_Solar_Park
2023-05-02 20:00:00,25.8,72,988.0,8,7.9,0.0,0.0,0.0,0.0,27.5398,71.9153,Bhadla_Solar_Park
2023-05-02 21:00:00,25.0,67,989.0,0,13.4,0.0,0.0,0.0,0.0,27.5398,71.9153,Bhadla_Solar_Park
2023-05-02 22:00:00,23.8,67,989.6,0,16.1,0.0,0.0,0.0,0.0,27.5398,71.9153,Bhadla_Solar_Park
2023-05-02 23:00:00,23.0,72,989.6,0,12.9,0.0,0.0,0.0,0.0,27.5398,71.9153,Bhadla_Solar_Park
2023-05-03 00:00:00,22.4,75,989.3,0,12.3,0.0,0.0,0.0,0.0,27.5398,71.9153,Bhadla_Solar_Park
2023-05-03 01:00:00,22.0,76,989.0,0,11.9,0.0,0.0,0.0,0.0,27.5398,71.9153,Bhadla_Solar_Park
2023-05-03 02:00:00,21.7,77,988.8,0,11.2,0.0,0.0,0.0,0.0,27.5398,71.9153,Bhadla_Solar_Park
2023-05-03 03:00:00,21.4,78,988.7,0,10.8,0.0,0.0,0.0,0.0,27.5398,71.9153,Bhadla_Solar_Park
2023-05-03 04:00:00,21.2,79,989.0,0,11.2,0.0,0.0,0.0,0.0,27.5398,71.9153,Bhadla_Solar_Park
2023-05-03 05:00:00,21.3,84,989.8,0,5.7,0.0,0.0,0.0,0.0,27.5398,71.9153,Bhadla_Solar_Park
2023-05-03 06:00:00,21.6,83,990.4,0,6.2,6.0,0.0,6.0,0.0,27.5398,71.9153,Bhadla_Solar_Park
2023-05-03 07:00:00,22.9,75,991.3,0,4.3,93.0,99.4,73.0,20.0,27.5398,71.9153,Bhadla_Solar_Park
2023-05-03 08:00:00,24.5,68,991.7,0,4.3,263.0,263.0,153.0,110.0,27.5398,71.9153,Bhadla_Solar_Park
2023-05-03 09:00:00,26.5,62,992.2,0,4.7,460.0,404.7,211.0,249.0,27.5398,71.9153,Bhadla_Solar_Park
2023-05-03 10:00:00,28.6,52,992.2,0,3.8,641.0,498.3,253.0,388.0,27.5398,71.9153,Bhadla_Solar_Park
2023-05-03 11:00:00,29.9,46,992.0,0,3.6,780.0,556.0,281.0,499.0,27.5398,71.9153,Bhadla_Solar_Park
2023-05-03 12:00:00,30.8,44,991.1,6,7.1,859.0,585.3,295.0,564.0,27.5398,71.9153,Bhadla_Solar_Park
2023-05-03 13:00:00,31.6,41,990.2,14,5.6,857.0,572.7,300.0,557.0,27.5398,71.9153,Bhadla_Solar_Park
2023-05-03 14:00:00,32.4,39,989.0,10,3.8,772.0,525.1,287.0,485.0,27.5398,71.9153,Bhadla_Solar_Park
2023-05-03 15:00:00,33.0,36,987.9,100,5.2,676.0,498.6,267.0,409.0,27.5398,71.9153,Bhadla_Solar_Park
2023-05-03 16:00:00,32.5,36,987.3,63,14.1,416.0,285.3,225.0,191.0,27.5398,71.9153,Bhadla_Solar_Park
2023-05-03 17:00:00,31.9,35,987.0,33,21.8,280.0,228.4,170.0,110.0,27.5398,71.9153,Bhadla_Solar_Park
2023-05-03 18:00:00,30.2,42,987.4,18,19.1,129.0,133.6,93.0,36.0,27.5398,71.9153,Bhadla_Solar_Park
2023-05-03 19:00:00,28.5,49,987.5,17,14.1,20.0,19.7,18.0,2.0,27.5398,71.9153,Bhadla_Solar_Park
2023-05-03 20:00:00,27.3,55,987.9,0,11.6,0.0,0.0,0.0,0.0,27.5398,71.9153,Bhadla_Solar_Park
2023-05-03 21:00:00,26.4,56,988.9,0,12.5,0.0,0.0,0.0,0.0,27.5398,71.9153,Bhadla_Solar_Park
2023-05-03 22:00:00,25.6,58,989.7,8,12.8,0.0,0.0,0.0,0.0,27.5398,71.9153,Bhadla_Solar_Park
2023-05-03 23:00:00,25.4,55,989.8,20,17.1,0.0,0.0,0.0,0.0,27.5398,71.9153,Bhadla_Solar_Park
2023-05-04 00:00:00,24.7,59,989.4,9,16.8,0.0,0.0,0.0,0.0,27.5398,71.9153,Bhadla_Solar_Park
2023-05-04 01:00:00,23.8,64,988.8,42,15.0,0.0,0.0,0.0,0.0,27.5398,71.9153,Bhadla_Solar_Park
2023-05-04 02:00:00,23.1,68,988.5,91,13.7,0.0,0.0,0.0,0.0,27.5398,71.9153,Bhadla_Solar_Park
2023-05-04 03:00:00,22.5,72,988.3,96,11.4,0.0,0.0,0.0,0.0,27.5398,71.9153,Bhadla_Solar_Park
2023-05-04 04:00:00,22.0,75,988.5,88,10.0,0.0,0.0,0.0,0.0,27.5398,71.9153,Bhadla_Solar_Park
2023-05-04 05:00:00,22.6,75,988.6,87,11.1,0.0,0.0,0.0,0.0,27.5398,71.9153,Bhadla_Solar_Park
2023-05-04 06:00:00,23.1,73,989.2,98,12.5,6.0,0.0,6.0,0.0,27.5398,71.9153,Bhadla_Solar_Park
2023-05-04 07:00:00,24.4,69,990.1,86,12.4,89.0,54.0,78.0,11.0,27.5398,71.9153,Bhadla_Solar_Park
2023-05-04 08:00:00,26.4,63,991.0,97,12.3,265.0,259.2,156.0,109.0,27.5398,71.9153,Bhadla_Solar_Park
2023-05-04 09:00:00,28.9,54,991.4,14,13.6,464.0,406.7,213.0,251.0,27.5398,71.9153,Bhadla_Solar_Park
2023-05-04 10:00:00,31.4,44,991.3,0,12.7,643.0,493.4,258.0,385.0,27.5398,71.9153,Bhadla_Solar_Park
2023-05-04 11:00:00,32.9,36,990.9,20,9.7,786.0,558.5,284.0,502.0,27.5398,71.9153,Bhadla_Solar_Park
2023-05-04 12:00:00,33.9,31,990.1,17,5.5,833.0,551.4,301.0,532.0,27.5398,71.9153,Bhadla_Solar_Park
2023-05-04 13:00:00,34.4,28,989.3,31,2.7,808.0,507.4,314.0,494.0,27.5398,71.9153,Bhadla_Solar_Park
2023-05-04 14:00:00,35.0,26,988.4,28,5.8,738.0,461.8,311.0,427.0,27.5398,71.9153,Bhadla_Solar_Park
2023-05-04 15:00:00,35.4,24,987.3,26,7.6,658.0,470.0,272.0,386.0,27.5398,71.9153,Bhadla_Solar_Park
2023-05-04 16:00:00,35.5,23,986.5,36,6.5,477.0,386.1,218.0,259.0,27.5398,71.9153,Bhadla_Solar_Park
2023-05-04 17:00:00,35.4,25,986.0,17,6.0,309.0,273.2,177.0,132.0,27.5398,71.9153,Bhadla_Solar_Park
2023-05-04 18:00:00,34.1,36,986.3,90,4.5,121.0,103.2,93.0,28.0,27.5398,71.9153,Bhadla_Solar_Park
2023-05-04 19:00:00,31.6,46,986.9,67,6.7,18.0,19.5,16.0,2.0,27.5398,71.9153,Bhadla_Solar_Park
2023-05-04 20:00:00,30.7,54,987.6,24,4.6,0.0,0.0,0.0,0.0,27.5398,71.9153,Bhadla_Solar_Park
2023-05-04 21:00:00,29.1,57,988.4,16,6.5,0.0,0.0,0.0,0.0,27.5398,71.9153,Bhadla_Solar_Park
2023-05-04 22:00:00,28.0,53,988.8,8,7.7,0.0,0.0,0.0,0.0,27.5398,71.9153,Bhadla_Solar_Park
2023-05-04 23:00:00,27.5,49,988.5,0,8.6,0.0,0.0,0.0,0.0,27.5398,71.9153,Bhadla_Solar_Park
2023-05-05 00:00:00,26.4,50,988.1,0,8.4,0.0,0.0,0.0,0.0,27.5398,71.9153,Bhadla_Solar_Park
2023-05-05 01:00:00,25.6,51,987.8,0,9.6,0.0,0.0,0.0,0.0,27.5398,71.9153,Bhadla_Solar_Park
2023-05-05 02:00:00,25.2,49,987.2,0,11.4,0.0,0.0,0.0,0.0,27.5398,71.9153,Bhadla_Solar_Park
2023-05-05 03:00:00,23.9,54,986.9,0,9.4,0.0,0.0,0.0,0.0,27.5398,71.9153,Bhadla_Solar_Park
2023-05-05 04:00:00,23.5,50,986.6,0,10.9,0.0,0.0,0.0,0.0,27.5398,71.9153,Bhadla_Solar_Park
2023-05-05 05:00:00,23.9,52,988.0,0,10.0,0.0,0.0,0.0,0.0,27.5398,71.9153,Bhadla_Solar_Park
2023-05-05 06:00:00,23.6,48,988.6,2,9.6,6.0,0.0,6.0,0.0,27.5398,71.9153,Bhadla_Solar_Park
2023-05-05 07:00:00,25.4,42,989.4,0,9.3,96.0,97.0,76.0,20.0,27.5398,71.9153,Bhadla_Solar_Park
2023-05-05 08:00:00,27.9,37,990.1,0,9.1,268.0,267.4,155.0,113.0,27.5398,71.9153,Bhadla_Solar_Park
2023-05-05 09:00:00,30.8,33,990.3,4,10.5,466.0,407.2,214.0,252.0,27.5398,71.9153,Bhadla_Solar_Park
2023-05-05 10:00:00,33.4,26,990.1,0,10.9,647.0,500.1,256.0,391.0,27.5398,71.9153,Bhadla_Solar_Park
2023-05-05 11:00:00,34.7,23,989.7,0,7.0,787.0,559.9,283.0,504.0,27.5398,71.9153,Bhadla_Solar_Park
2023-05-05 12:00:00,35.5,22,989.0,2,4.2,866.0,588.1,298.0,568.0,27.5398,71.9153,Bhadla_Solar_Park
2023-05-05 13:00:00,36.3,21,988.0,4,4.4,871.0,583.9,302.0,569.0,27.5398,71.9153,Bhadla_Solar_Park
2023-05-05 14:00:00,37.0,19,987.0,8,4.7,805.0,556.4,290.0,515.0,27.5398,71.9153,Bhadla_Solar_Park
2023-05-05 15:00:00,37.3,19,985.7,23,4.3,674.0,496.1,266.0,408.0,27.5398,71.9153,Bhadla_Solar_Park
2023-05-05 16:00:00,37.6,18,985.1,8,5.1,516.0,419.7,234.0,282.0,27.5398,71.9153,Bhadla_Solar_Park
2023-05-05 17:00:00,37.3,17,985.4,10,12.6,326.0,313.7,174.0,152.0,27.5398,71.9153,Bhadla_Solar_Park
2023-05-05 18:00:00,36.6,18,985.7,100,17.0,134.0,131.9,98.0,36.0,27.5398,71.9153,Bhadla_Solar_Park
2023-05-05 19:00:00,35.5,19,986.3,100,12.6,19.0,19.3,17.0,2.0,27.5398,71.9153,Bhadla_Solar_Park
2023-05-05 20:00:00,33.9,21,987.0,24,7.3,0.0,0.0,0.0,0.0,27.5398,71.9153,Bhadla_Solar_Park
2023-05-05 21:00:00,32.1,25,987.6,18,6.5,0.0,0.0,0.0,0.0,27.5398,71.9153,Bhadla_Solar_Park
2023-05-05 22:00:00,31.4,25,988.0,16,9.7,0.0,0.0,0.0,0.0,27.5398,71.9153,Bhadla_Solar_Park
2023-05-05 23:00:00,30.9,26,988.1,0,16.8,0.0,0.0,0.0,0.0,27.5398,71.9153,Bhadla_Solar_Park
2023-05-06 00:00:00,29.6,32,987.7,3,15.2,0.0,0.0,0.0,0.0,27.5398,71.9153,Bhadla_Solar_Park
2023-05-06 01:00:00,28.8,34,987.2,6,16.9,0.0,0.0,0.0,0.0,27.5398,71.9153,Bhadla_Solar_Park
2023-05-06 02:00:00,27.9,38,986.7,0,14.8,0.0,0.0,0.0,0.0,27.5398,71.9153,Bhadla_Solar_Park
2023-05-06 03:00:00,27.1,40,986.6,0,13.1,0.0,0.0,0.0,0.0,27.5398,71.9153,Bhadla_Solar_Park
2023-05-06 04:00:00,26.5,40,986.4,0,12.2,0.0,0.0,0.0,0.0,27.5398,71.9153,Bhadla_Solar_Park
2023-05-06 05:00:00,26.7,49,986.8,2,13.7,0.0,0.0,0.0,0.0,27.5398,71.9153,Bhadla_Solar_Park
2023-05-06 06:00:00,26.8,48,987.2,4,14.0,7.0,0.0,7.0,0.0,27.5398,71.9153,Bhadla_Solar_Park
2023-05-06 07:00:00,28.3,44,987.8,82,14.1,94.0,81.5,77.0,17.0,27.5398,71.9153,Bhadla_Solar_Park
2023-05-06 08:00:00,30.5,39,988.5,58,13.9,223.0,150.7,159.0,64.0,27.5398,71.9153,Bhadla_Solar_Park
2023-05-06 09:00:00,33.7,29,988.9,0,16.1,430.0,311.0,237.0,193.0,27.5398,71.9153,Bhadla_Solar_Park
2023-05-06 10:00:00,35.7,22,988.8,3,12.6,645.0,490.3,261.0,384.0,27.5398,71.9153,Bhadla_Solar_Park
2023-05-06 11:00:00,37.2,19,988.7,30,15.2,801.0,579.2,279.0,522.0,27.5398,71.9153,Bhadla_Solar_Park
2023-05-06 12:00:00,38.2,17,987.9,12,17.2,816.0,488.2,344.0,472.0,27.5398,71.9153,Bhadla_Solar_Park
2023-05-06 13:00:00,39.1,16,987.0,14,18.1,857.0,561.8,309.0,548.0,27.5398,71.9153,Bhadla_Solar_Park
2023-05-06 14:00:00,39.3,15,986.1,30,17.5,790.0,526.7,302.0,488.0,27.5398,71.9153,Bhadla_Solar_Park
2023-05-06 15:00:00,39.2,15,985.4,13,19.5,594.0,397.1,267.0,327.0,27.5398,71.9153,Bhadla_Solar_Park
2023-05-06 16:00:00,39.0,15,984.8,10,21.2,513.0,418.9,231.0,282.0,27.5398,71.9153,Bhadla_Solar_Park
2023-05-06 17:00:00,38.1,15,985.2,5,17.9,313.0,288.1,173.0,140.0,27.5398,71.9153,Bhadla_Solar_Park
2023-05-06 18:00:00,37.2,16,985.2,3,13.9,146.0,156.6,103.0,43.0,27.5398,71.9153,Bhadla_Solar_Park
2023-05-06 19:00:00,35.4,19,985.4,5,13.4,23.0,28.8,20.0,3.0,27.5398,71.9153,Bhadla_Solar_Park
2023-05-06 20:00:00,34.4,19,985.8,2,15.6,0.0,0.0,0.0,0.0,27.5398,71.9153,Bhadla_Solar_Park
2023-05-06 21:00:00,32.7,22,986.3,0,11.9,0.0,0.0,0.0,0.0,27.5398,71.9153,Bhadla_Solar_Park
2023-05-06 22:00:00,30.5,31,986.4,0,7.7,0.0,0.0,0.0,0.0,27.5398,71.9153,Bhadla_Solar_Park
2023-05-06 23:00:00,30.1,27,986.3,0,10.3,0.0,0.0,0.0,0.0,27.5398,71.9153,Bhadla_Solar_Park
2023-05-07 00:00:00,29.3,27,986.0,0,11.3,0.0,0.0,0.0,0.0,27.5398,71.9153,Bhadla_Solar_Park
2023-05-07 01:00:00,28.0,29,985.4,0,10.8,0.0,0.0,0.0,0.0,27.5398,71.9153,Bhadla_Solar_Park
2023-05-07 02:00:00,26.9,30,984.9,0,11.1,0.0,0.0,0.0,0.0,27.5398,71.9153,Bhadla_Solar_Park
2023-05-07 03:00:00,26.3,31,985.0,0,13.0,0.0,0.0,0.0,0.0,27.5398,71.9153,Bhadla_Solar_Park
2023-05-07 04:00:00,25.6,33,984.8,0,11.2,0.0,0.0,0.0,0.0,27.5398,71.9153,Bhadla_Solar_Park
2023-05-07 05:00:00,26.3,31,985.3,0,16.9,0.0,0.0,0.0,0.0,27.5398,71.9153,Bhadla_Solar_Park
2023-05-07 06:00:00,27.3,31,986.1,0,19.6,8.0,0.0,8.0,0.0,27.5398,71.9153,Bhadla_Solar_Park
2023-05-07 07:00:00,29.2,30,986.9,0,18.5,102.0,109.0,79.0,23.0,27.5398,71.9153,Bhadla_Solar_Park
2023-05-07 08:00:00,31.4,28,987.5,0,18.5,276.0,276.5,158.0,118.0,27.5398,71.9153,Bhadla_Solar_Park
2023-05-07 09:00:00,33.4,28,988.0,0,21.7,475.0,416.2,216.0,259.0,27.5398,71.9153,Bhadla_Solar_Park
2023-05-07 10:00:00,35.8,24,988.0,0,21.1,657.0,508.5,258.0,399.0,27.5398,71.9153,Bhadla_Solar_Park
2023-05-07 11:00:00,38.0,18,987.6,26,21.5,795.0,564.0,286.0,509.0,27.5398,71.9153,Bhadla_Solar_Park
2023-05-07 12:00:00,39.0,15,986.7,32,26.2,752.0,454.6,312.0,440.0,27.5398,71.9153,Bhadla_Solar_Park
2023-05-07 13:00:00,39.5,14,985.8,18,28.5,720.0,398.4,331.0,389.0,27.5398,71.9153,Bhadla_Solar_Park
2023-05-07 14:00:00,40.0,13,984.6,25,29.5,687.0,413.0,304.0,383.0,27.5398,71.9153,Bhadla_Solar_Park
2023-05-07 15:00:00,40.1,12,983.9,66,30.9,669.0,467.0,284.0,385.0,27.5398,71.9153,Bhadla_Solar_Park
2023-05-07 16:00:00,39.3,12,983.3,55,29.5,437.0,314.4,225.0,212.0,27.5398,71.9153,Bhadla_Solar_Park
2023-05-07 17:00:00,38.9,11,983.1,0,24.4,304.0,256.5,179.0,125.0,27.5398,71.9153,Bhadla_Solar_Park
2023-05-07 18:00:00,38.6,11,983.1,0,20.6,147.0,155.6,104.0,43.0,27.5398,71.9153,Bhadla_Solar_Park
2023-05-07 19:00:00,36.0,13,983.8,0,21.2,24.0,28.5,21.0,3.0,27.5398,71.9153,Bhadla_Solar_Park
2023-05-07 20:00:00,34.3,13,984.4,0,15.1,0.0,0.0,0.0,0.0,27.5398,71.9153,Bhadla_Solar_Park
2023-05-07 21:00:00,32.2,14,984.5,0,11.5,0.0,0.0,0.0,0.0,27.5398,71.9153,Bhadla_Solar_Park
2023-05-07 22:00:00,30.4,16,984.9,0,11.8,0.0,0.0,0.0,0.0,27.5398,71.9153,Bhadla_Solar_Park
2023-05-07 23:00:00,28.5,17,985.0,0,10.5,0.0,0.0,0.0,0.0,27.5398,71.9153,Bhadla_Solar_Park
2023-05-08 00:00:00,26.8,18,984.7,0,9.2,0.0,0.0,0.0,0.0,27.5398,71.9153,Bhadla_Solar_Park
2023-05-08 01:00:00,26.1,16,984.0,0,11.4,0.0,0.0,0.0,0.0,27.5398,71.9153,Bhadla_Solar_Park
2023-05-08 02:00:00,25.0,15,983.5,0,10.9,0.0,0.0,0.0,0.0,27.5398,71.9153,Bhadla_Solar_Park
2023-05-08 03:00:00,24.2,14,983.3,0,10.5,0.0,0.0,0.0,0.0,27.5398,71.9153,Bhadla_Solar_Park
2023-05-08 04:00:00,24.0,14,983.3,0,11.8,0.0,0.0,0.0,0.0,27.5398,71.9153,Bhadla_Solar_Park
2023-05-08 05:00:00,24.2,18,984.1,0,13.2,0.0,0.0,0.0,0.0,27.5398,71.9153,Bhadla_Solar_Park
2023-05-08 06:00:00,24.4,17,984.5,0,13.0,9.0,13.7,8.0,1.0,27.5398,71.9153,Bhadla_Solar_Park
2023-05-08 07:00:00,26.9,14,985.5,0,15.9,109.0,117.2,84.0,25.0,27.5398,71.9153,Bhadla_Solar_Park
2023-05-08 08:00:00,30.1,12,986.3,0,11.7,293.0,296.3,166.0,127.0,27.5398,71.9153,Bhadla_Solar_Park
2023-05-08 09:00:00,32.7,11,986.9,0,13.8,501.0,440.7,226.0,275.0,27.5398,71.9153,Bhadla_Solar_Park
2023-05-08 10:00:00,33.9,13,986.9,0,17.0,688.0,533.1,269.0,419.0,27.5398,71.9153,Bhadla_Solar_Park
2023-05-08 11:00:00,36.4,9,986.9,0,19.5,838.0,595.4,300.0,538.0,27.5398,71.9153,Bhadla_Solar_Park
2023-05-08 12:00:00,38.0,7,986.5,0,20.2,922.0,625.5,316.0,606.0,27.5398,71.9153,Bhadla_Solar_Park
2023-05-08 13:00:00,39.0,6,985.6,0,22.0,935.0,630.3,319.0,616.0,27.5398,71.9153,Bhadla_Solar_Park
2023-05-08 14:00:00,39.5,5,984.7,0,23.5,875.0,611.8,307.0,568.0,27.5398,71.9153,Bhadla_Solar_Park
2023-05-08 15:00:00,39.7,4,984.1,0,24.9,748.0,565.8,281.0,467.0,27.5398,71.9153,Bhadla_Solar_Park
2023-05-08 16:00:00,39.4,4,983.7,0,25.6,570.0,484.1,243.0,327.0,27.5398,71.9153,Bhadla_Solar_Park
2023-05-08 17:00:00,38.2,5,984.5,0,21.9,361.0,354.0,188.0,173.0,27.5398,71.9153,Bhadla_Solar_Park
2023-05-08 18:00:00,37.1,7,984.7,0,18.6,159.0,169.1,112.0,47.0,27.5398,71.9153,Bhadla_Solar_Park
2023-05-08 19:00:00,34.6,9,985.2,0,15.6,26.0,28.3,23.0,3.0,27.5398,71.9153,Bhadla_Solar_Park
2023-05-08 20:00:00,32.9,10,985.7,0,13.2,0.0,0.0,0.0,0.0,27.5398,71.9153,Bhadla_Solar_Park
2023-05-08 21:00:00,31.2,12,986.4,0,12.6,0.0,0.0,0.0,0.0,27.5398,71.9153,Bhadla_Solar_Park
2023-05-08 22:00:00,29.9,13,986.9,0,11.9,0.0,0.0,0.0,0.0,27.5398,71.9153,Bhadla_Solar_Park
2023-05-08 23:00:00,28.2,15,986.8,0,9.4,0.0,0.0,0.0,0.0,27.5398,71.9153,Bhadla_Solar_Park
2023-05-09 00:00:00,27.8,15,986.6,0,13.7,0.0,0.0,0.0,0.0,27.5398,71.9153,Bhadla_Solar_Park
2023-05-09 01:00:00,27.0,16,986.2,0,15.1,0.0,0.0,0.0,0.0,27.5398,71.9153,Bhadla_Solar_Park
2023-05-09 02:00:00,26.2,19,985.8,0,15.7,0.0,0.0,0.0,0.0,27.5398,71.9153,Bhadla_Solar_Park
2023-05-09 03:00:00,25.0,22,985.9,0,16.3,0.0,0.0,0.0,0.0,27.5398,71.9153,Bhadla_Solar_Park
2023-05-09 04:00:00,24.5,24,986.1,0,17.1,0.0,0.0,0.0,0.0,27.5398,71.9153,Bhadla_Solar_Park
2023-05-09 05:00:00,24.6,23,986.6,0,18.1,0.0,0.0,0.0,0.0,27.5398,71.9153,Bhadla_Solar_Park
2023-05-09 06:00:00,24.5,24,987.2,0,18.8,9.0,13.4,8.0,1.0,27.5398,71.9153,Bhadla_Solar_Park
2023-05-09 07:00:00,26.1,23,988.5,0,17.3,109.0,116.0,84.0,25.0,27.5398,71.9153,Bhadla_Solar_Park
2023-05-09 08:00:00,28.4,19,989.8,0,11.7,289.0,283.4,167.0,122.0,27.5398,71.9153,Bhadla_Solar_Park
2023-05-09 09:00:00,30.7,17,990.4,0,8.3,493.0,423.6,228.0,265.0,27.5398,71.9153,Bhadla_Solar_Park
2023-05-09 10:00:00,34.0,14,990.3,0,11.3,679.0,517.0,272.0,407.0,27.5398,71.9153,Bhadla_Solar_Park
2023-05-09 11:00:00,37.3,10,990.1,0,15.1,818.0,571.5,301.0,517.0,27.5398,71.9153,Bhadla_Solar_Park
2023-05-09 12:00:00,38.9,10,989.6,0,11.9,895.0,598.1,315.0,580.0,27.5398,71.9153,Bhadla_Solar_Park
2023-05-09 13:00:00,40.0,8,988.8,0,10.5,906.0,602.2,317.0,589.0,27.5398,71.9153,Bhadla_Solar_Park
2023-05-09 14:00:00,40.6,7,987.9,0,10.3,847.0,583.3,305.0,542.0,27.5398,71.9153,Bhadla_Solar_Park
2023-05-09 15:00:00,40.8,7,987.0,0,9.7,723.0,537.3,279.0,444.0,27.5398,71.9153,Bhadla_Solar_Park
2023-05-09 16:00:00,41.0,6,986.2,0,7.9,548.0,456.7,239.0,309.0,27.5398,71.9153,Bhadla_Solar_Park
2023-05-09 17:00:00,40.6,8,986.2,0,11.6,346.0,330.5,184.0,162.0,27.5398,71.9153,Bhadla_Solar_Park
2023-05-09 18:00:00,39.4,8,986.3,0,19.9,152.0,153.7,109.0,43.0,27.5398,71.9153,Bhadla_Solar_Park
2023-05-09 19:00:00,37.1,9,986.7,0,14.4,25.0,28.1,22.0,3.0,27.5398,71.9153,Bhadla_Solar_Park
2023-05-09 20:00:00,35.1,10,987.2,0,11.6,0.0,0.0,0.0,0.0,27.5398,71.9153,Bhadla_Solar_Park
2023-05-09 21:00:00,33.6,11,987.6,0,13.4,0.0,0.0,0.0,0.0,27.5398,71.9153,Bhadla_Solar_Park
2023-05-09 22:00:00,32.7,12,988.0,0,16.1,0.0,0.0,0.0,0.0,27.5398,71.9153,Bhadla_Solar_Park
2023-05-09 23:00:00,31.1,12,988.2,0,13.6,0.0,0.0,0.0,0.0,27.5398,71.9153,Bhadla_Solar_Park
2023-05-10 00:00:00,30.0,12,988.1,0,16.3,0.0,0.0,0.0,0.0,27.5398,71.9153,Bhadla_Solar_Park
2023-05-10 01:00:00,29.1,15,987.7,27,16.7,0.0,0.0,0.0,0.0,27.5398,71.9153,Bhadla_Solar_Park
2023-05-10 02:00:00,28.0,18,987.4,35,16.8,0.0,0.0,0.0,0.0,27.5398,71.9153,Bhadla_Solar_Park
2023-05-10 03:00:00,26.9,20,987.5,24,15.0,0.0,0.0,0.0,0.0,27.5398,71.9153,Bhadla_Solar_Park
2023-05-10 04:00:00,26.2,22,987.8,10,14.8,0.0,0.0,0.0,0.0,27.5398,71.9153,Bhadla_Solar_Park
2023-05-10 05:00:00,25.8,28,987.9,2,13.5,0.0,0.0,0.0,0.0,27.5398,71.9153,Bhadla_Solar_Park
2023-05-10 06:00:00,25.0,33,988.2,0,13.5,9.0,13.2,8.0,1.0,27.5398,71.9153,Bhadla_Solar_Park
2023-05-10 07:00:00,26.7,31,988.8,0,12.9,106.0,105.7,83.0,23.0,27.5398,71.9153,Bhadla_Solar_Park
2023-05-10 08:00:00,29.3,27,989.3,0,11.1,283.0,272.9,165.0,118.0,27.5398,71.9153,Bhadla_Solar_Park
2023-05-10 09:00:00,32.2,23,989.8,0,10.0,486.0,413.1,227.0,259.0,27.5398,71.9153,Bhadla_Solar_Park
2023-05-10 10:00:00,34.8,19,990.0,0,7.2,670.0,506.0,271.0,399.0,27.5398,71.9153,Bhadla_Solar_Park
2023-05-10 11:00:00,36.9,16,989.7,0,4.8,809.0,562.0,300.0,509.0,27.5398,71.9153,Bhadla_Solar_Park
2023-05-10 12:00:00,38.3,13,989.1,0,2.7,888.0,590.3,315.0,573.0,27.5398,71.9153,Bhadla_Solar_Park
2023-05-10 13:00:00,39.5,11,988.1,0,5.4,900.0,595.5,317.0,583.0,27.5398,71.9153,Bhadla_Solar_Park
2023-05-10 14:00:00,40.4,9,987.2,0,8.0,843.0,578.5,305.0,538.0,27.5398,71.9153,Bhadla_Solar_Park
2023-05-10 15:00:00,40.9,8,986.1,0,10.7,721.0,533.0,280.0,441.0,27.5398,71.9153,Bhadla_Solar_Park
2023-05-10 16:00:00,41.0,7,985.5,0,12.7,548.0,454.5,240.0,308.0,27.5398,71.9153,Bhadla_Solar_Park
2023-05-10 17:00:00,40.5,7,985.7,0,10.5,347.0,327.6,186.0,161.0,27.5398,71.9153,Bhadla_Solar_Park
2023-05-10 18:00:00,39.9,7,985.7,0,8.1,155.0,156.4,111.0,44.0,27.5398,71.9153,Bhadla_Solar_Park
2023-05-10 19:00:00,37.2,8,985.9,0,11.9,26.0,27.8,23.0,3.0,27.5398,71.9153,Bhadla_Solar_Park
2023-05-10 20:00:00,35.6,9,986.3,0,12.7,0.0,0.0,0.0,0.0,27.5398,71.9153,Bhadla_Solar_Park
2023-05-10 21:00:00,33.4,11,986.4,0,9.4,0.0,0.0,0.0,0.0,27.5398,71.9153,Bhadla_Solar_Park
2023-05-10 22:00:00,32.0,13,986.5,0,9.5,0.0,0.0,0.0,0.0,27.5398,71.9153,Bhadla_Solar_Park
2023-05-10 23:00:00,35.5,10,986.5,0,2.9,0.0,0.0,0.0,0.0,27.5398,71.9153,Bhadla_Solar_Park
2023-05-11 00:00:00,31.0,13,986.2,0,7.4,0.0,0.0,0.0,0.0,27.5398,71.9153,Bhadla_Solar_Park
2023-05-11 01:00:00,28.2,16,986.3,0,7.7,0.0,0.0,0.0,0.0,27.5398,71.9153,Bhadla_Solar_Park
2023-05-11 02:00:00,30.1,14,986.4,0,1.8,0.0,0.0,0.0,0.0,27.5398,71.9153,Bhadla_Solar_Park
2023-05-11 03:00:00,30.1,14,986.7,0,1.9,0.0,0.0,0.0,0.0,27.5398,71.9153,Bhadla_Solar_Park
2023-05-11 04:00:00,25.8,18,986.7,0,11.4,0.0,0.0,0.0,0.0,27.5398,71.9153,Bhadla_Solar_Park
2023-05-11 05:00:00,24.4,21,986.9,0,11.7,0.0,0.0,0.0,0.0,27.5398,71.9153,Bhadla_Solar_Park
2023-05-11 06:00:00,24.4,21,987.5,0,12.3,10.0,13.1,9.0,1.0,27.5398,71.9153,Bhadla_Solar_Park
2023-05-11 07:00:00,26.9,18,988.4,0,12.9,110.0,109.3,86.0,24.0,27.5398,71.9153,Bhadla_Solar_Park
2023-05-11 08:00:00,31.1,14,989.1,0,13.0,289.0,276.5,169.0,120.0,27.5398,71.9153,Bhadla_Solar_Park
2023-05-11 09:00:00,35.1,11,989.4,0,15.1,493.0,416.9,231.0,262.0,27.5398,71.9153,Bhadla_Solar_Park
2023-05-11 10:00:00,38.6,9,989.3,0,21.6,678.0,510.4,275.0,403.0,27.5398,71.9153,Bhadla_Solar_Park
2023-05-11 11:00:00,40.6,8,989.0,0,22.1,819.0,566.9,305.0,514.0,27.5398,71.9153,Bhadla_Solar_Park
2023-05-11 12:00:00,41.9,7,988.3,0,18.8,899.0,595.0,321.0,578.0,27.5398,71.9153,Bhadla_Solar_Park
2023-05-11 13:00:00,42.6,6,987.5,0,15.5,910.0,600.2,322.0,588.0,27.5398,71.9153,Bhadla_Solar_Park
2023-05-11 14:00:00,43.0,6,986.4,0,12.8,850.0,580.1,310.0,540.0,27.5398,71.9153,Bhadla_Solar_Park
2023-05-11 15:00:00,43.1,5,985.7,0,10.2,725.0,533.7,283.0,442.0,27.5398,71.9153,Bhadla_Solar_Park
2023-05-11 16:00:00,43.0,5,985.2,0,8.0,550.0,452.2,243.0,307.0,27.5398,71.9153,Bhadla_Solar_Park
2023-05-11 17:00:00,42.4,5,985.3,0,6.5,347.0,326.6,186.0,161.0,27.5398,71.9153,Bhadla_Solar_Park
2023-05-11 18:00:00,41.5,6,985.5,0,5.8,154.0,155.4,110.0,44.0,27.5398,71.9153,Bhadla_Solar_Park
2023-05-11 19:00:00,37.9,8,985.5,0,7.4,26.0,27.6,23.0,3.0,27.5398,71.9153,Bhadla_Solar_Park
2023-05-11 20:00:00,37.1,9,985.8,0,6.9,0.0,0.0,0.0,0.0,27.5398,71.9153,Bhadla_Solar_Park
2023-05-11 21:00:00,34.8,10,986.0,0,9.1,0.0,0.0,0.0,0.0,27.5398,71.9153,Bhadla_Solar_Park
2023-05-11 22:00:00,33.0,10,986.3,0,11.2,0.0,0.0,0.0,0.0,27.5398,71.9153,Bhadla_Solar_Park
2023-05-11 23:00:00,31.3,13,986.2,0,7.3,0.0,0.0,0.0,0.0,27.5398,71.9153,Bhadla_Solar_Park
2023-05-12 00:00:00,29.9,13,985.9,0,9.5,0.0,0.0,0.0,0.0,27.5398,71.9153,Bhadla_Solar_Park
2023-05-12 01:00:00,29.6,13,985.4,0,13.7,0.0,0.0,0.0,0.0,27.5398,71.9153,Bhadla_Solar_Park
2023-05-12 02:00:00,29.0,14,985.3,0,5.1,0.0,0.0,0.0,0.0,27.5398,71.9153,Bhadla_Solar_Park
2023-05-12 03:00:00,27.7,14,985.3,0,11.1,0.0,0.0,0.0,0.0,27.5398,71.9153,Bhadla_Solar_Park
2023-05-12 04:00:00,27.1,16,985.3,0,10.4,0.0,0.0,0.0,0.0,27.5398,71.9153,Bhadla_Solar_Park
2023-05-12 05:00:00,26.9,18,986.2,0,11.5,0.0,0.0,0.0,0.0,27.5398,71.9153,Bhadla_Solar_Park
2023-05-12 06:00:00,27.2,18,986.8,0,13.1,10.0,12.9,9.0,1.0,27.5398,71.9153,Bhadla_Solar_Park
2023-05-12 07:00:00,29.7,15,987.2,0,12.4,107.0,103.8,84.0,23.0,27.5398,71.9153,Bhadla_Solar_Park
2023-05-12 08:00:00,33.4,13,987.9,0,13.0,282.0,266.2,166.0,116.0,27.5398,71.9153,Bhadla_Solar_Park
2023-05-12 09:00:00,36.4,13,988.4,0,14.6,481.0,403.3,227.0,254.0,27.5398,71.9153,Bhadla_Solar_Park
2023-05-12 10:00:00,38.8,14,988.1,0,15.0,663.0,494.5,272.0,391.0,27.5398,71.9153,Bhadla_Solar_Park
2023-05-12 11:00:00,41.5,12,987.6,0,16.9,802.0,552.1,301.0,501.0,27.5398,71.9153,Bhadla_Solar_Park
2023-05-12 12:00:00,43.4,8,986.9,0,21.2,881.0,581.1,316.0,565.0,27.5398,71.9153,Bhadla_Solar_Park
2023-05-12 13:00:00,44.3,7,986.0,38,17.6,889.0,582.4,318.0,571.0,27.5398,71.9153,Bhadla_Solar_Park
2023-05-12 14:00:00,44.5,6,985.1,17,13.9,790.0,500.2,324.0,466.0,27.5398,71.9153,Bhadla_Solar_Park
2023-05-12 15:00:00,44.5,6,984.2,7,10.9,672.0,459.5,291.0,381.0,27.5398,71.9153,Bhadla_Solar_Park
2023-05-12 16:00:00,44.5,6,983.9,6,8.7,527.0,410.3,248.0,279.0,27.5398,71.9153,Bhadla_Solar_Park
2023-05-12 17:00:00,44.6,5,983.6,7,13.7,329.0,291.3,185.0,144.0,27.5398,71.9153,Bhadla_Solar_Park
2023-05-12 18:00:00,43.3,6,983.4,57,15.2,150.0,147.5,108.0,42.0,27.5398,71.9153,Bhadla_Solar_Park
2023-05-12 19:00:00,39.9,8,983.7,30,8.4,24.0,18.3,22.0,2.0,27.5398,71.9153,Bhadla_Solar_Park
2023-05-12 20:00:00,37.6,9,984.3,17,8.2,0.0,0.0,0.0,0.0,27.5398,71.9153,Bhadla_Solar_Park
2023-05-12 21:00:00,36.3,10,984.7,23,8.7,0.0,0.0,0.0,0.0,27.5398,71.9153,Bhadla_Solar_Park
2023-05-12 22:00:00,35.1,11,985.1,6,10.3,0.0,0.0,0.0,0.0,27.5398,71.9153,Bhadla_Solar_Park
2023-05-12 23:00:00,35.5,10,985.1,0,18.7,0.0,0.0,0.0,0.0,27.5398,71.9153,Bhadla_Solar_Park
2023-05-13 00:00:00,34.4,11,984.4,0,12.4,0.0,0.0,0.0,0.0,27.5398,71.9153,Bhadla_Solar_Park
2023-05-13 01:00:00,31.8,13,983.6,0,11.9,0.0,0.0,0.0,0.0,27.5398,71.9153,Bhadla_Solar_Park
2023-05-13 02:00:00,30.7,14,983.3,0,14.1,0.0,0.0,0.0,0.0,27.5398,71.9153,Bhadla_Solar_Park
2023-05-13 03:00:00,30.1,15,983.2,0,12.4,0.0,0.0,0.0,0.0,27.5398,71.9153,Bhadla_Solar_Park
2023-05-13 04:00:00,30.4,15,983.9,0,18.6,0.0,0.0,0.0,0.0,27.5398,71.9153,Bhadla_Solar_Park
2023-05-13 05:00:00,29.8,18,984.5,0,15.3,0.0,0.0,0.0,0.0,27.5398,71.9153,Bhadla_Solar_Park
2023-05-13 06:00:00,29.2,20,985.2,0,13.0,10.0,12.7,9.0,1.0,27.5398,71.9153,Bhadla_Solar_Park
2023-05-13 07:00:00,31.1,19,985.8,0,11.8,108.0,102.9,85.0,23.0,27.5398,71.9153,Bhadla_Solar_Park
2023-05-13 08:00:00,34.2,18,986.5,0,11.0,282.0,265.3,166.0,116.0,27.5398,71.9153,Bhadla_Solar_Park
2023-05-13 09:00:00,37.2,17,987.0,1,16.0,480.0,400.9,227.0,253.0,27.5398,71.9153,Bhadla_Solar_Park
2023-05-13 10:00:00,39.8,15,987.0,0,16.6,659.0,490.0,271.0,388.0,27.5398,71.9153,Bhadla_Solar_Park
2023-05-13 11:00:00,42.3,12,986.8,8,17.0,797.0,548.2,299.0,498.0,27.5398,71.9153,Bhadla_Solar_Park
2023-05-13 12:00:00,44.0,8,986.4,55,21.4,781.0,427.6,365.0,416.0,27.5398,71.9153,Bhadla_Solar_Park
2023-05-13 13:00:00,44.5,8,985.7,27,22.5,784.0,433.2,359.0,425.0,27.5398,71.9153,Bhadla_Solar_Park
2023-05-13 14:00:00,44.6,8,984.7,69,22.6,782.0,486.9,328.0,454.0,27.5398,71.9153,Bhadla_Solar_Park
2023-05-13 15:00:00,44.2,8,984.0,51,25.2,578.0,319.3,313.0,265.0,27.5398,71.9153,Bhadla_Solar_Park
2023-05-13 16:00:00,43.9,8,983.8,67,25.7,478.0,331.8,252.0,226.0,27.5398,71.9153,Bhadla_Solar_Park
2023-05-13 17:00:00,43.9,8,983.3,60,17.9,296.0,219.9,187.0,109.0,27.5398,71.9153,Bhadla_Solar_Park
2023-05-13 18:00:00,42.9,8,983.5,98,15.9,107.0,52.4,92.0,15.0,27.5398,71.9153,Bhadla_Solar_Park
2023-05-13 19:00:00,40.3,10,983.7,14,9.4,22.0,18.1,20.0,2.0,27.5398,71.9153,Bhadla_Solar_Park
2023-05-13 20:00:00,37.8,12,984.0,0,7.3,0.0,0.0,0.0,0.0,27.5398,71.9153,Bhadla_Solar_Park
2023-05-13 21:00:00,36.3,12,984.7,1,10.2,0.0,0.0,0.0,0.0,27.5398,71.9153,Bhadla_Solar_Park
2023-05-13 22:00:00,35.3,13,984.7,0,10.7,0.0,0.0,0.0,0.0,27.5398,71.9153,Bhadla_Solar_Park
2023-05-13 23:00:00,34.0,15,984.4,8,10.5,0.0,0.0,0.0,0.0,27.5398,71.9153,Bhadla_Solar_Park
2023-05-14 00:00:00,33.4,15,983.7,41,12.2,0.0,0.0,0.0,0.0,27.5398,71.9153,Bhadla_Solar_Park
2023-05-14 01:00:00,32.0,16,983.6,38,11.0,0.0,0.0,0.0,0.0,27.5398,71.9153,Bhadla_Solar_Park
2023-05-14 02:00:00,31.4,17,982.9,37,7.4,0.0,0.0,0.0,0.0,27.5398,71.9153,Bhadla_Solar_Park
2023-05-14 03:00:00,31.2,16,982.4,98,14.5,0.0,0.0,0.0,0.0,27.5398,71.9153,Bhadla_Solar_Park
2023-05-14 04:00:00,30.3,18,982.4,15,15.3,0.0,0.0,0.0,0.0,27.5398,71.9153,Bhadla_Solar_Park
2023-05-14 05:00:00,28.9,23,983.2,6,11.9,0.0,0.0,0.0,0.0,27.5398,71.9153,Bhadla_Solar_Park
2023-05-14 06:00:00,28.5,26,984.0,23,6.9,10.0,12.6,9.0,1.0,27.5398,71.9153,Bhadla_Solar_Park
2023-05-14 07:00:00,29.4,26,985.0,8,0.5,105.0,97.6,83.0,22.0,27.5398,71.9153,Bhadla_Solar_Park
2023-05-14 08:00:00,32.2,23,985.2,0,13.8,274.0,248.4,165.0,109.0,27.5398,71.9153,Bhadla_Solar_Park
2023-05-14 09:00:00,35.2,24,985.4,0,15.9,467.0,378.0,228.0,239.0,27.5398,71.9153,Bhadla_Solar_Park
2023-05-14 10:00:00,37.4,22,985.2,0,15.9,651.0,480.6,270.0,381.0,27.5398,71.9153,Bhadla_Solar_Park
2023-05-14 11:00:00,39.3,19,984.6,0,12.7,790.0,540.0,299.0,491.0,27.5398,71.9153,Bhadla_Solar_Park
2023-05-14 12:00:00,41.1,15,983.9,0,11.2,868.0,570.0,313.0,555.0,27.5398,71.9153,Bhadla_Solar_Park
2023-05-14 13:00:00,42.5,12,982.8,8,9.2,879.0,574.4,315.0,564.0,27.5398,71.9153,Bhadla_Solar_Park
2023-05-14 14:00:00,43.3,10,981.6,14,10.3,801.0,526.2,310.0,491.0,27.5398,71.9153,Bhadla_Solar_Park
2023-05-14 15:00:00,44.1,9,980.5,92,18.0,702.0,504.3,283.0,419.0,27.5398,71.9153,Bhadla_Solar_Park
2023-05-14 16:00:00,43.4,9,980.1,19,24.5,483.0,334.2,255.0,228.0,27.5398,71.9153,Bhadla_Solar_Park
2023-05-14 17:00:00,43.1,8,979.9,29,22.5,324.0,271.7,189.0,135.0,27.5398,71.9153,Bhadla_Solar_Park
2023-05-14 18:00:00,42.1,9,979.9,7,22.1,152.0,149.3,109.0,43.0,27.5398,71.9153,Bhadla_Solar_Park
2023-05-14 19:00:00,39.9,11,980.2,3,17.5,27.0,27.0,24.0,3.0,27.5398,71.9153,Bhadla_Solar_Park
2023-05-14 20:00:00,38.3,13,980.8,19,18.1,0.0,0.0,0.0,0.0,27.5398,71.9153,Bhadla_Solar_Park
2023-05-14 21:00:00,36.3,15,981.5,0,12.0,0.0,0.0,0.0,0.0,27.5398,71.9153,Bhadla_Solar_Park
2023-05-14 22:00:00,34.3,15,981.8,0,7.9,0.0,0.0,0.0,0.0,27.5398,71.9153,Bhadla_Solar_Park
2023-05-14 23:00:00,35.4,13,981.7,0,5.8,0.0,0.0,0.0,0.0,27.5398,71.9153,Bhadla_Solar_Park
2023-05-15 00:00:00,32.7,16,981.2,0,8.0,0.0,0.0,0.0,0.0,27.5398,71.9153,Bhadla_Solar_Park
2023-05-15 01:00:00,34.6,14,981.1,0,4.2,0.0,0.0,0.0,0.0,27.5398,71.9153,Bhadla_Solar_Park
2023-05-15 02:00:00,30.6,20,981.5,0,17.6,0.0,0.0,0.0,0.0,27.5398,71.9153,Bhadla_Solar_Park
2023-05-15 03:00:00,29.9,35,981.7,0,14.9,0.0,0.0,0.0,0.0,27.5398,71.9153,Bhadla_Solar_Park
2023-05-15 04:00:00,28.9,43,981.9,0,17.3,0.0,0.0,0.0,0.0,27.5398,71.9153,Bhadla_Solar_Park
2023-05-15 05:00:00,29.0,45,982.1,0,21.1,0.0,0.0,0.0,0.0,27.5398,71.9153,Bhadla_Solar_Park
2023-05-15 06:00:00,28.5,45,982.7,0,21.4,11.0,12.4,10.0,1.0,27.5398,71.9153,Bhadla_Solar_Park
2023-05-15 07:00:00,29.3,43,983.7,0,24.2,109.0,101.3,86.0,23.0,27.5398,71.9153,Bhadla_Solar_Park
2023-05-15 08:00:00,30.4,47,984.1,0,29.5,281.0,261.2,166.0,115.0,27.5398,71.9153,Bhadla_Solar_Park
2023-05-15 09:00:00,32.5,45,984.5,0,28.0,477.0,394.7,227.0,250.0,27.5398,71.9153,Bhadla_Solar_Park
2023-05-15 10:00:00,35.3,37,984.6,0,29.8,656.0,485.1,271.0,385.0,27.5398,71.9153,Bhadla_Solar_Park
2023-05-15 11:00:00,37.9,27,984.7,0,30.4,791.0,539.6,300.0,491.0,27.5398,71.9153,Bhadla_Solar_Park
2023-05-15 12:00:00,39.9,20,984.0,0,30.2,868.0,567.6,315.0,553.0,27.5398,71.9153,Bhadla_Solar_Park
2023-05-15 13:00:00,41.2,17,983.3,0,30.3,878.0,572.0,316.0,562.0,27.5398,71.9153,Bhadla_Solar_Park
2023-05-15 14:00:00,42.2,15,982.3,8,30.3,819.0,551.5,304.0,515.0,27.5398,71.9153,Bhadla_Solar_Park
2023-05-15 15:00:00,42.5,13,981.3,42,28.6,679.0,479.7,280.0,399.0,27.5398,71.9153,Bhadla_Solar_Park
2023-05-15 16:00:00,42.2,12,981.0,96,25.8,414.0,278.1,224.0,190.0,27.5398,71.9153,Bhadla_Solar_Park
2023-05-15 17:00:00,40.9,12,981.8,100,20.6,178.0,54.2,151.0,27.0,27.5398,71.9153,Bhadla_Solar_Park
2023-05-15 18:00:00,40.1,12,982.3,92,18.2,109.0,34.5,99.0,10.0,27.5398,71.9153,Bhadla_Solar_Park
2023-05-15 19:00:00,37.9,15,982.4,21,16.6,22.0,8.9,21.0,1.0,27.5398,71.9153,Bhadla_Solar_Park
2023-05-15 20:00:00,35.8,18,982.5,3,12.4,0.0,0.0,0.0,0.0,27.5398,71.9153,Bhadla_Solar_Park
2023-05-15 21:00:00,34.2,21,983.0,62,9.9,0.0,0.0,0.0,0.0,27.5398,71.9153,Bhadla_Solar_Park
2023-05-15 22:00:00,33.3,24,983.5,0,13.4,0.0,0.0,0.0,0.0,27.5398,71.9153,Bhadla_Solar_Park
2023-05-15 23:00:00,32.5,25,983.6,0,15.6,0.0,0.0,0.0,0.0,27.5398,71.9153,Bhadla_Solar_Park
2023-05-16 00:00:00,31.9,28,983.5,0,17.2,0.0,0.0,0.0,0.0,27.5398,71.9153,Bhadla_Solar_Park
2023-05-16 01:00:00,31.1,33,983.1,0,18.3,0.0,0.0,0.0,0.0,27.5398,71.9153,Bhadla_Solar_Park
2023-05-16 02:00:00,30.9,31,983.0,0,22.2,0.0,0.0,0.0,0.0,27.5398,71.9153,Bhadla_Solar_Park
2023-05-16 03:00:00,30.2,36,983.1,0,22.1,0.0,0.0,0.0,0.0,27.5398,71.9153,Bhadla_Solar_Park
2023-05-16 04:00:00,29.4,48,983.6,3,23.4,0.0,0.0,0.0,0.0,27.5398,71.9153,Bhadla_Solar_Park
2023-05-16 05:00:00,27.5,59,984.2,6,22.4,0.0,0.0,0.0,0.0,27.5398,71.9153,Bhadla_Solar_Park
2023-05-16 06:00:00,26.9,65,985.1,20,22.3,10.0,12.3,9.0,1.0,27.5398,71.9153,Bhadla_Solar_Park
2023-05-16 07:00:00,27.5,68,986.2,0,22.4,104.0,87.4,84.0,20.0,27.5398,71.9153,Bhadla_Solar_Park
2023-05-16 08:00:00,28.9,66,986.9,0,23.8,271.0,242.3,164.0,107.0,27.5398,71.9153,Bhadla_Solar_Park
2023-05-16 09:00:00,31.4,54,987.2,0,22.5,463.0,373.5,226.0,237.0,27.5398,71.9153,Bhadla_Solar_Park
2023-05-16 10:00:00,34.1,42,987.4,0,24.0,638.0,463.2,270.0,368.0,27.5398,71.9153,Bhadla_Solar_Park
2023-05-16 11:00:00,36.2,33,986.8,0,25.3,773.0,518.3,301.0,472.0,27.5398,71.9153,Bhadla_Solar_Park
2023-05-16 12:00:00,38.0,29,986.1,0,25.5,852.0,549.8,316.0,536.0,27.5398,71.9153,Bhadla_Solar_Park
2023-05-16 13:00:00,39.6,23,985.0,0,27.3,866.0,556.4,319.0,547.0,27.5398,71.9153,Bhadla_Solar_Park
2023-05-16 14:00:00,40.9,17,984.0,5,28.9,809.0,539.3,305.0,504.0,27.5398,71.9153,Bhadla_Solar_Park
2023-05-16 15:00:00,41.0,17,983.0,19,27.3,679.0,476.8,282.0,397.0,27.5398,71.9153,Bhadla_Solar_Park
2023-05-16 16:00:00,40.5,14,983.6,92,22.6,460.0,318.6,242.0,218.0,27.5398,71.9153,Bhadla_Solar_Park
2023-05-16 17:00:00,40.6,11,984.0,100,12.1,177.0,58.0,148.0,29.0,27.5398,71.9153,Bhadla_Solar_Park
2023-05-16 18:00:00,39.5,12,984.2,93,13.7,132.0,89.3,106.0,26.0,27.5398,71.9153,Bhadla_Solar_Park
2023-05-16 19:00:00,37.0,15,984.4,64,14.1,27.0,17.7,25.0,2.0,27.5398,71.9153,Bhadla_Solar_Park
2023-05-16 20:00:00,35.1,20,984.8,100,12.9,0.0,0.0,0.0,0.0,27.5398,71.9153,Bhadla_Solar_Park
2023-05-16 21:00:00,33.9,23,985.5,45,12.8,0.0,0.0,0.0,0.0,27.5398,71.9153,Bhadla_Solar_Park
2023-05-16 22:00:00,32.7,27,985.9,32,12.6,0.0,0.0,0.0,0.0,27.5398,71.9153,Bhadla_Solar_Park
2023-05-16 23:00:00,31.5,30,985.7,0,10.5,0.0,0.0,0.0,0.0,27.5398,71.9153,Bhadla_Solar_Park
2023-05-17 00:00:00,30.7,33,985.3,0,10.4,0.0,0.0,0.0,0.0,27.5398,71.9153,Bhadla_Solar_Park
2023-05-17 01:00:00,30.2,34,984.4,0,11.4,0.0,0.0,0.0,0.0,27.5398,71.9153,Bhadla_Solar_Park
2023-05-17 02:00:00,29.9,34,983.9,0,15.4,0.0,0.0,0.0,0.0,27.5398,71.9153,Bhadla_Solar_Park
2023-05-17 03:00:00,30.1,36,984.3,0,21.3,0.0,0.0,0.0,0.0,27.5398,71.9153,Bhadla_Solar_Park
2023-05-17 04:00:00,29.0,49,984.8,0,19.4,0.0,0.0,0.0,0.0,27.5398,71.9153,Bhadla_Solar_Park
2023-05-17 05:00:00,28.4,70,985.7,0,16.7,0.0,0.0,0.0,0.0,27.5398,71.9153,Bhadla_Solar_Park
2023-05-17 06:00:00,28.3,73,986.7,0,16.0,11.0,12.2,10.0,1.0,27.5398,71.9153,Bhadla_Solar_Park
2023-05-17 07:00:00,28.9,69,987.4,0,18.5,104.0,91.2,83.0,21.0,27.5398,71.9153,Bhadla_Solar_Park
2023-05-17 08:00:00,30.5,62,987.8,0,17.9,268.0,237.1,163.0,105.0,27.5398,71.9153,Bhadla_Solar_Park
2023-05-17 09:00:00,32.6,53,988.3,0,20.2,456.0,363.5,225.0,231.0,27.5398,71.9153,Bhadla_Solar_Park
2023-05-17 10:00:00,34.6,45,988.6,0,22.1,628.0,451.4,269.0,359.0,27.5398,71.9153,Bhadla_Solar_Park
2023-05-17 11:00:00,36.0,40,988.2,0,22.7,759.0,504.8,299.0,460.0,27.5398,71.9153,Bhadla_Solar_Park
2023-05-17 12:00:00,37.4,35,987.4,0,21.8,834.0,533.0,314.0,520.0,27.5398,71.9153,Bhadla_Solar_Park
2023-05-17 13:00:00,38.5,32,986.3,9,21.3,845.0,537.8,316.0,529.0,27.5398,71.9153,Bhadla_Solar_Park
2023-05-17 14:00:00,39.1,28,985.3,35,18.8,772.0,498.3,306.0,466.0,27.5398,71.9153,Bhadla_Solar_Park
2023-05-17 15:00:00,39.2,26,984.5,78,15.0,493.0,258.0,278.0,215.0,27.5398,71.9153,Bhadla_Solar_Park
2023-05-17 16:00:00,40.2,23,984.4,69,17.8,345.0,170.7,228.0,117.0,27.5398,71.9153,Bhadla_Solar_Park
2023-05-17 17:00:00,29.8,55,986.7,97,25.1,186.0,101.8,135.0,51.0,27.5398,71.9153,Bhadla_Solar_Park
2023-05-17 18:00:00,29.8,48,984.6,35,17.4,61.0,30.7,52.0,9.0,27.5398,71.9153,Bhadla_Solar_Park
2023-05-17 19:00:00,30.5,48,984.4,2,15.9,28.0,26.4,25.0,3.0,27.5398,71.9153,Bhadla_Solar_Park
2023-05-17 20:00:00,29.0,57,985.2,0,11.9,0.0,0.0,0.0,0.0,27.5398,71.9153,Bhadla_Solar_Park
2023-05-17 21:00:00,29.1,50,985.9,0,18.2,0.0,0.0,0.0,0.0,27.5398,71.9153,Bhadla_Solar_Park
2023-05-17 22:00:00,28.6,50,986.5,0,18.4,0.0,0.0,0.0,0.0,27.5398,71.9153,Bhadla_Solar_Park
2023-05-17 23:00:00,28.2,50,986.8,0,20.3,0.0,0.0,0.0,0.0,27.5398,71.9153,Bhadla_Solar_Park
2023-05-18 00:00:00,28.1,47,986.7,0,20.8,0.0,0.0,0.0,0.0,27.5398,71.9153,Bhadla_Solar_Park
2023-05-18 01:00:00,27.2,47,986.3,0,20.9,0.0,0.0,0.0,0.0,27.5398,71.9153,Bhadla_Solar_Park
2023-05-18 02:00:00,26.6,57,986.2,15,18.7,0.0,0.0,0.0,0.0,27.5398,71.9153,Bhadla_Solar_Park
2023-05-18 03:00:00,25.7,68,986.9,58,15.2,0.0,0.0,0.0,0.0,27.5398,71.9153,Bhadla_Solar_Park
2023-05-18 04:00:00,25.8,71,987.7,44,17.9,0.0,0.0,0.0,0.0,27.5398,71.9153,Bhadla_Solar_Park
2023-05-18 05:00:00,23.7,79,989.3,23,5.2,0.0,0.0,0.0,0.0,27.5398,71.9153,Bhadla_Solar_Park
2023-05-18 06:00:00,24.0,75,990.0,0,9.2,11.0,12.1,10.0,1.0,27.5398,71.9153,Bhadla_Solar_Park
2023-05-18 07:00:00,25.0,78,990.9,0,8.6,105.0,86.3,85.0,20.0,27.5398,71.9153,Bhadla_Solar_Park
2023-05-18 08:00:00,27.1,71,991.6,0,11.3,269.0,232.0,166.0,103.0,27.5398,71.9153,Bhadla_Solar_Park
2023-05-18 09:00:00,28.3,69,992.0,0,14.7,458.0,359.8,229.0,229.0,27.5398,71.9153,Bhadla_Solar_Park
2023-05-18 10:00:00,29.5,64,992.0,0,14.9,633.0,449.7,275.0,358.0,27.5398,71.9153,Bhadla_Solar_Park
2023-05-18 11:00:00,30.8,57,991.9,0,14.6,767.0,505.5,306.0,461.0,27.5398,71.9153,Bhadla_Solar_Park
2023-05-18 12:00:00,31.8,52,991.6,0,14.5,845.0,534.8,323.0,522.0,27.5398,71.9153,Bhadla_Solar_Park
2023-05-18 13:00:00,32.7,50,990.8,0,12.4,857.0,540.5,325.0,532.0,27.5398,71.9153,Bhadla_Solar_Park
2023-05-18 14:00:00,33.6,46,989.6,0,9.6,801.0,522.5,312.0,489.0,27.5398,71.9153,Bhadla_Solar_Park
2023-05-18 15:00:00,34.3,42,988.8,0,8.1,682.0,475.9,285.0,397.0,27.5398,71.9153,Bhadla_Solar_Park
2023-05-18 16:00:00,34.8,39,988.0,0,5.8,517.0,399.2,243.0,274.0,27.5398,71.9153,Bhadla_Solar_Park
2023-05-18 17:00:00,33.7,44,989.2,0,3.2,329.0,282.8,187.0,142.0,27.5398,71.9153,Bhadla_Solar_Park
2023-05-18 18:00:00,32.3,54,989.4,5,8.2,150.0,129.1,112.0,38.0,27.5398,71.9153,Bhadla_Solar_Park
2023-05-18 19:00:00,29.6,68,989.2,12,7.7,29.0,26.2,26.0,3.0,27.5398,71.9153,Bhadla_Solar_Park
2023-05-18 20:00:00,28.9,71,989.4,16,7.3,0.0,0.0,0.0,0.0,27.5398,71.9153,Bhadla_Solar_Park
2023-05-18 21:00:00,28.0,70,989.8,0,9.0,0.0,0.0,0.0,0.0,27.5398,71.9153,Bhadla_Solar_Park
2023-05-18 22:00:00,27.0,71,990.0,4,8.8,0.0,0.0,0.0,0.0,27.5398,71.9153,Bhadla_Solar_Park
2023-05-18 23:00:00,26.0,74,989.8,0,7.4,0.0,0.0,0.0,0.0,27.5398,71.9153,Bhadla_Solar_Park
2023-05-19 00:00:00,26.6,64,989.3,0,6.0,0.0,0.0,0.0,0.0,27.5398,71.9153,Bhadla_Solar_Park
2023-05-19 01:00:00,26.0,65,988.5,0,6.8,0.0,0.0,0.0,0.0,27.5398,71.9153,Bhadla_Solar_Park
2023-05-19 02:00:00,27.8,52,987.9,0,3.1,0.0,0.0,0.0,0.0,27.5398,71.9153,Bhadla_Solar_Park
2023-05-19 03:00:00,27.7,51,988.1,0,1.1,0.0,0.0,0.0,0.0,27.5398,71.9153,Bhadla_Solar_Park
2023-05-19 04:00:00,27.7,51,988.4,0,2.7,0.0,0.0,0.0,0.0,27.5398,71.9153,Bhadla_Solar_Park
2023-05-19 05:00:00,27.9,54,989.0,0,3.4,0.0,0.0,0.0,0.0,27.5398,71.9153,Bhadla_Solar_Park
2023-05-19 06:00:00,25.4,74,989.2,0,6.8,12.0,12.0,11.0,1.0,27.5398,71.9153,Bhadla_Solar_Park
2023-05-19 07:00:00,26.8,66,989.8,0,4.4,107.0,90.0,86.0,21.0,27.5398,71.9153,Bhadla_Solar_Park
2023-05-19 08:00:00,28.8,61,990.2,0,4.9,273.0,235.9,168.0,105.0,27.5398,71.9153,Bhadla_Solar_Park
2023-05-19 09:00:00,31.5,51,990.5,0,6.1,465.0,367.1,231.0,234.0,27.5398,71.9153,Bhadla_Solar_Park
2023-05-19 10:00:00,33.5,44,990.3,0,8.6,640.0,456.8,276.0,364.0,27.5398,71.9153,Bhadla_Solar_Park
2023-05-19 11:00:00,35.1,40,990.0,0,10.9,773.0,511.8,306.0,467.0,27.5398,71.9153,Bhadla_Solar_Park
2023-05-19 12:00:00,36.5,34,989.6,0,12.7,849.0,539.6,322.0,527.0,27.5398,71.9153,Bhadla_Solar_Park
2023-05-19 13:00:00,38.0,26,988.6,12,7.7,860.0,544.3,324.0,536.0,27.5398,71.9153,Bhadla_Solar_Park
2023-05-19 14:00:00,39.3,19,987.3,32,4.3,775.0,496.5,310.0,465.0,27.5398,71.9153,Bhadla_Solar_Park
2023-05-19 15:00:00,40.3,16,986.3,32,1.6,622.0,403.6,285.0,337.0,27.5398,71.9153,Bhadla_Solar_Park
2023-05-19 16:00:00,40.7,14,985.6,35,8.3,492.0,350.6,251.0,241.0,27.5398,71.9153,Bhadla_Solar_Park
2023-05-19 17:00:00,39.7,13,985.6,33,22.5,301.0,228.4,186.0,115.0,27.5398,71.9153,Bhadla_Solar_Park
2023-05-19 18:00:00,38.6,15,985.6,6,16.2,140.0,104.7,109.0,31.0,27.5398,71.9153,Bhadla_Solar_Park
2023-05-19 19:00:00,37.2,17,985.4,3,23.2,29.0,26.0,26.0,3.0,27.5398,71.9153,Bhadla_Solar_Park
2023-05-19 20:00:00,36.0,19,985.9,17,20.2,0.0,0.0,0.0,0.0,27.5398,71.9153,Bhadla_Solar_Park
2023-05-19 21:00:00,33.8,24,986.4,3,12.6,0.0,0.0,0.0,0.0,27.5398,71.9153,Bhadla_Solar_Park
2023-05-19 22:00:00,31.3,37,986.6,0,7.6,0.0,0.0,0.0,0.0,27.5398,71.9153,Bhadla_Solar_Park
2023-05-19 23:00:00,30.3,37,986.5,0,8.8,0.0,0.0,0.0,0.0,27.5398,71.9153,Bhadla_Solar_Park
2023-05-20 00:00:00,29.1,41,985.9,9,12.7,0.0,0.0,0.0,0.0,27.5398,71.9153,Bhadla_Solar_Park
2023-05-20 01:00:00,27.7,45,985.3,5,10.3,0.0,0.0,0.0,0.0,27.5398,71.9153,Bhadla_Solar_Park
2023-05-20 02:00:00,27.2,42,984.9,0,10.0,0.0,0.0,0.0,0.0,27.5398,71.9153,Bhadla_Solar_Park
2023-05-20 03:00:00,26.8,38,984.7,0,9.6,0.0,0.0,0.0,0.0,27.5398,71.9153,Bhadla_Solar_Park
2023-05-20 04:00:00,28.0,33,985.2,0,16.5,0.0,0.0,0.0,0.0,27.5398,71.9153,Bhadla_Solar_Park
2023-05-20 05:00:00,28.5,42,985.6,20,16.5,0.0,0.0,0.0,0.0,27.5398,71.9153,Bhadla_Solar_Park
2023-05-20 06:00:00,28.3,45,985.9,0,16.1,12.0,11.9,11.0,1.0,27.5398,71.9153,Bhadla_Solar_Park
2023-05-20 07:00:00,29.8,46,986.4,0,17.7,109.0,93.8,87.0,22.0,27.5398,71.9153,Bhadla_Solar_Park
2023-05-20 08:00:00,32.3,45,986.8,0,18.9,277.0,244.3,168.0,109.0,27.5398,71.9153,Bhadla_Solar_Park
2023-05-20 09:00:00,35.0,39,987.0,0,23.7,468.0,374.5,229.0,239.0,27.5398,71.9153,Bhadla_Solar_Park
2023-05-20 10:00:00,38.0,27,987.0,7,25.6,645.0,465.3,274.0,371.0,27.5398,71.9153,Bhadla_Solar_Park
2023-05-20 11:00:00,40.5,18,986.7,34,27.6,781.0,521.4,305.0,476.0,27.5398,71.9153,Bhadla_Solar_Park
2023-05-20 12:00:00,42.1,13,986.2,23,26.3,858.0,548.6,322.0,536.0,27.5398,71.9153,Bhadla_Solar_Park
2023-05-20 13:00:00,42.7,12,985.5,30,23.8,748.0,430.3,324.0,424.0,27.5398,71.9153,Bhadla_Solar_Park
2023-05-20 14:00:00,43.3,10,984.7,36,23.2,764.0,474.9,319.0,445.0,27.5398,71.9153,Bhadla_Solar_Park
2023-05-20 15:00:00,43.3,10,983.9,16,22.7,605.0,380.5,287.0,318.0,27.5398,71.9153,Bhadla_Solar_Park
2023-05-20 16:00:00,43.3,9,983.7,13,21.2,500.0,366.1,248.0,252.0,27.5398,71.9153,Bhadla_Solar_Park
2023-05-20 17:00:00,42.9,10,983.6,12,22.1,327.0,275.4,188.0,139.0,27.5398,71.9153,Bhadla_Solar_Park
2023-05-20 18:00:00,41.8,11,983.9,40,17.4,141.0,110.9,108.0,33.0,27.5398,71.9153,Bhadla_Solar_Park
2023-05-20 19:00:00,39.4,12,984.0,44,15.8,29.0,25.8,26.0,3.0,27.5398,71.9153,Bhadla_Solar_Park
2023-05-20 20:00:00,37.9,13,984.4,61,18.6,0.0,0.0,0.0,0.0,27.5398,71.9153,Bhadla_Solar_Park
2023-05-20 21:00:00,36.8,14,984.7,1,21.4,0.0,0.0,0.0,0.0,27.5398,71.9153,Bhadla_Solar_Park
2023-05-20 22:00:00,36.3,14,984.9,0,25.0,0.0,0.0,0.0,0.0,27.5398,71.9153,Bhadla_Solar_Park
2023-05-20 23:00:00,35.7,14,984.7,0,27.7,0.0,0.0,0.0,0.0,27.5398,71.9153,Bhadla_Solar_Park
2023-05-21 00:00:00,34.6,16,984.8,0,29.5,0.0,0.0,0.0,0.0,27.5398,71.9153,Bhadla_Solar_Park
2023-05-21 01:00:00,33.5,24,984.6,0,28.7,0.0,0.0,0.0,0.0,27.5398,71.9153,Bhadla_Solar_Park
2023-05-21 02:00:00,32.4,30,984.5,0,28.5,0.0,0.0,0.0,0.0,27.5398,71.9153,Bhadla_Solar_Park
2023-05-21 03:00:00,31.1,36,984.3,0,28.1,0.0,0.0,0.0,0.0,27.5398,71.9153,Bhadla_Solar_Park
2023-05-21 04:00:00,30.0,42,984.6,0,27.7,0.0,0.0,0.0,0.0,27.5398,71.9153,Bhadla_Solar_Park
2023-05-21 05:00:00,30.0,38,984.9,0,27.5,0.0,0.0,0.0,0.0,27.5398,71.9153,Bhadla_Solar_Park
2023-05-21 06:00:00,29.4,38,985.6,0,26.6,12.0,11.8,11.0,1.0,27.5398,71.9153,Bhadla_Solar_Park
2023-05-21 07:00:00,30.1,39,986.4,0,26.3,110.0,97.6,87.0,23.0,27.5398,71.9153,Bhadla_Solar_Park
2023-05-21 08:00:00,31.2,42,986.9,0,24.9,279.0,246.0,169.0,110.0,27.5398,71.9153,Bhadla_Solar_Park
2023-05-21 09:00:00,33.6,39,987.3,0,24.0,472.0,375.6,232.0,240.0,27.5398,71.9153,Bhadla_Solar_Park
2023-05-21 10:00:00,37.1,30,987.3,0,26.5,649.0,464.9,278.0,371.0,27.5398,71.9153,Bhadla_Solar_Park
2023-05-21 11:00:00,40.3,19,987.0,0,30.6,783.0,520.0,308.0,475.0,27.5398,71.9153,Bhadla_Solar_Park
2023-05-21 12:00:00,42.2,13,986.4,0,31.3,859.0,547.3,324.0,535.0,27.5398,71.9153,Bhadla_Solar_Park
2023-05-21 13:00:00,43.3,11,985.9,0,31.1,870.0,551.8,326.0,544.0,27.5398,71.9153,Bhadla_Solar_Park
2023-05-21 14:00:00,43.7,10,985.0,6,30.1,813.0,534.3,312.0,501.0,27.5398,71.9153,Bhadla_Solar_Park
2023-05-21 15:00:00,43.9,10,984.3,27,28.1,685.0,473.3,289.0,396.0,27.5398,71.9153,Bhadla_Solar_Park
2023-05-21 16:00:00,43.6,10,983.9,29,26.0,510.0,378.6,249.0,261.0,27.5398,71.9153,Bhadla_Solar_Park
2023-05-21 17:00:00,42.8,10,984.9,56,24.2,296.0,213.4,188.0,108.0,27.5398,71.9153,Bhadla_Solar_Park
2023-05-21 18:00:00,41.6,11,985.0,75,19.9,149.0,113.7,115.0,34.0,27.5398,71.9153,Bhadla_Solar_Park
2023-05-21 19:00:00,39.6,13,985.5,35,17.4,30.0,17.1,28.0,2.0,27.5398,71.9153,Bhadla_Solar_Park
2023-05-21 20:00:00,38.2,15,986.0,11,20.8,0.0,0.0,0.0,0.0,27.5398,71.9153,Bhadla_Solar_Park
2023-05-21 21:00:00,37.2,17,986.5,0,25.6,0.0,0.0,0.0,0.0,27.5398,71.9153,Bhadla_Solar_Park
2023-05-21 22:00:00,36.4,18,986.9,0,27.4,0.0,0.0,0.0,0.0,27.5398,71.9153,Bhadla_Solar_Park
2023-05-21 23:00:00,35.7,18,986.5,0,24.0,0.0,0.0,0.0,0.0,27.5398,71.9153,Bhadla_Solar_Park
2023-05-22 00:00:00,34.5,20,986.3,0,23.8,0.0,0.0,0.0,0.0,27.5398,71.9153,Bhadla_Solar_Park
2023-05-22 01:00:00,33.3,23,986.1,0,26.1,0.0,0.0,0.0,0.0,27.5398,71.9153,Bhadla_Solar_Park
2023-05-22 02:00:00,31.9,37,985.7,0,27.3,0.0,0.0,0.0,0.0,27.5398,71.9153,Bhadla_Solar_Park
2023-05-22 03:00:00,30.8,46,985.6,0,26.5,0.0,0.0,0.0,0.0,27.5398,71.9153,Bhadla_Solar_Park
2023-05-22 04:00:00,29.9,52,985.9,24,24.4,0.0,0.0,0.0,0.0,27.5398,71.9153,Bhadla_Solar_Park
2023-05-22 05:00:00,29.6,57,986.5,69,25.2,0.0,0.0,0.0,0.0,27.5398,71.9153,Bhadla_Solar_Park
2023-05-22 06:00:00,29.0,61,987.3,40,24.5,13.0,11.7,12.0,1.0,27.5398,71.9153,Bhadla_Solar_Park
2023-05-22 07:00:00,29.2,62,988.1,42,23.4,108.0,88.6,87.0,21.0,27.5398,71.9153,Bhadla_Solar_Park
2023-05-22 08:00:00,30.3,62,988.5,4,24.1,272.0,232.1,168.0,104.0,27.5398,71.9153,Bhadla_Solar_Park
2023-05-22 09:00:00,32.3,55,988.7,23,23.2,462.0,362.7,230.0,232.0,27.5398,71.9153,Bhadla_Solar_Park
2023-05-22 10:00:00,35.3,43,988.7,92,25.1,637.0,452.1,276.0,361.0,27.5398,71.9153,Bhadla_Solar_Park
2023-05-22 11:00:00,38.2,30,988.2,92,28.2,768.0,497.9,313.0,455.0,27.5398,71.9153,Bhadla_Solar_Park
2023-05-22 12:00:00,40.5,20,987.6,93,30.0,842.0,520.5,333.0,509.0,27.5398,71.9153,Bhadla_Solar_Park
2023-05-22 13:00:00,41.9,16,986.5,79,29.7,854.0,525.2,336.0,518.0,27.5398,71.9153,Bhadla_Solar_Park
2023-05-22 14:00:00,42.8,14,985.5,12,29.6,804.0,522.2,314.0,490.0,27.5398,71.9153,Bhadla_Solar_Park
2023-05-22 15:00:00,43.1,14,984.6,0,28.1,688.0,480.0,286.0,402.0,27.5398,71.9153,Bhadla_Solar_Park
2023-05-22 16:00:00,43.1,13,983.9,2,27.5,525.0,407.0,244.0,281.0,27.5398,71.9153,Bhadla_Solar_Park
2023-05-22 17:00:00,41.3,17,984.7,19,24.9,334.0,289.7,187.0,147.0,27.5398,71.9153,Bhadla_Solar_Park
2023-05-22 18:00:00,40.3,19,984.9,100,25.3,147.0,103.1,116.0,31.0,27.5398,71.9153,Bhadla_Solar_Park
2023-05-22 19:00:00,39.0,22,985.6,100,20.4,27.0,0.0,27.0,0.0,27.5398,71.9153,Bhadla_Solar_Park
2023-05-22 20:00:00,37.9,25,986.1,100,17.8,0.0,0.0,0.0,0.0,27.5398,71.9153,Bhadla_Solar_Park
2023-05-22 21:00:00,36.9,28,986.9,100,16.1,0.0,0.0,0.0,0.0,27.5398,71.9153,Bhadla_Solar_Park
2023-05-22 22:00:00,36.1,31,987.0,99,16.8,0.0,0.0,0.0,0.0,27.5398,71.9153,Bhadla_Solar_Park
2023-05-22 23:00:00,35.3,33,987.0,99,17.9,0.0,0.0,0.0,0.0,27.5398,71.9153,Bhadla_Solar_Park
2023-05-23 00:00:00,34.6,35,986.7,98,21.3,0.0,0.0,0.0,0.0,27.5398,71.9153,Bhadla_Solar_Park
2023-05-23 01:00:00,34.0,38,986.4,97,26.6,0.0,0.0,0.0,0.0,27.5398,71.9153,Bhadla_Solar_Park
2023-05-23 02:00:00,33.0,44,986.4,100,28.4,0.0,0.0,0.0,0.0,27.5398,71.9153,Bhadla_Solar_Park
2023-05-23 03:00:00,32.0,52,986.5,98,25.9,0.0,0.0,0.0,0.0,27.5398,71.9153,Bhadla_Solar_Park
2023-05-23 04:00:00,31.2,56,986.5,100,24.1,0.0,0.0,0.0,0.0,27.5398,71.9153,Bhadla_Solar_Park
2023-05-23 05:00:00,30.5,58,987.5,97,20.0,0.0,0.0,0.0,0.0,27.5398,71.9153,Bhadla_Solar_Park
2023-05-23 06:00:00,30.2,61,987.9,99,19.0,11.0,0.0,11.0,0.0,27.5398,71.9153,Bhadla_Solar_Park
2023-05-23 07:00:00,30.8,60,988.4,95,20.1,86.0,21.0,81.0,5.0,27.5398,71.9153,Bhadla_Solar_Park
2023-05-23 08:00:00,31.8,58,988.7,63,24.3,214.0,86.9,175.0,39.0,27.5398,71.9153,Bhadla_Solar_Park
2023-05-23 09:00:00,34.0,50,989.1,4,28.0,450.0,338.9,233.0,217.0,27.5398,71.9153,Bhadla_Solar_Park
2023-05-23 10:00:00,36.1,37,989.0,20,30.4,630.0,445.6,274.0,356.0,27.5398,71.9153,Bhadla_Solar_Park
2023-05-23 11:00:00,37.9,31,988.5,33,30.5,767.0,503.1,307.0,460.0,27.5398,71.9153,Bhadla_Solar_Park
2023-05-23 12:00:00,39.5,26,987.8,100,30.7,844.0,531.5,324.0,520.0,27.5398,71.9153,Bhadla_Solar_Park
2023-05-23 13:00:00,40.2,24,986.8,100,30.7,759.0,348.6,415.0,344.0,27.5398,71.9153,Bhadla_Solar_Park
2023-05-23 14:00:00,40.6,23,985.5,100,30.1,632.0,227.9,418.0,214.0,27.5398,71.9153,Bhadla_Solar_Park
2023-05-23 15:00:00,41.3,21,984.1,100,29.7,616.0,324.5,344.0,272.0,27.5398,71.9153,Bhadla_Solar_Park
2023-05-23 16:00:00,41.2,20,983.5,64,28.8,452.0,258.9,273.0,179.0,27.5398,71.9153,Bhadla_Solar_Park
2023-05-23 17:00:00,39.4,23,984.0,59,20.7,318.0,243.8,194.0,124.0,27.5398,71.9153,Bhadla_Solar_Park
2023-05-23 18:00:00,38.8,24,984.7,92,19.4,141.0,95.9,112.0,29.0,27.5398,71.9153,Bhadla_Solar_Park
2023-05-23 19:00:00,37.9,27,985.3,100,15.5,21.0,0.0,21.0,0.0,27.5398,71.9153,Bhadla_Solar_Park
2023-05-23 20:00:00,37.1,30,985.7,100,16.8,0.0,0.0,0.0,0.0,27.5398,71.9153,Bhadla_Solar_Park
2023-05-23 21:00:00,36.1,33,986.1,100,17.2,0.0,0.0,0.0,0.0,27.5398,71.9153,Bhadla_Solar_Park
2023-05-23 22:00:00,35.4,33,985.9,100,14.3,0.0,0.0,0.0,0.0,27.5398,71.9153,Bhadla_Solar_Park
2023-05-23 23:00:00,34.5,36,985.4,100,13.5,0.0,0.0,0.0,0.0,27.5398,71.9153,Bhadla_Solar_Park
2023-05-24 00:00:00,33.3,39,985.1,96,11.0,0.0,0.0,0.0,0.0,27.5398,71.9153,Bhadla_Solar_Park
2023-05-24 01:00:00,32.8,40,984.9,56,14.3,0.0,0.0,0.0,0.0,27.5398,71.9153,Bhadla_Solar_Park
2023-05-24 02:00:00,32.1,44,984.5,12,18.4,0.0,0.0,0.0,0.0,27.5398,71.9153,Bhadla_Solar_Park
2023-05-24 03:00:00,30.9,56,984.6,0,18.9,0.0,0.0,0.0,0.0,27.5398,71.9153,Bhadla_Solar_Park
2023-05-24 04:00:00,30.1,60,984.7,0,19.4,0.0,0.0,0.0,0.0,27.5398,71.9153,Bhadla_Solar_Park
2023-05-24 05:00:00,30.6,63,984.6,4,22.7,0.0,0.0,0.0,0.0,27.5398,71.9153,Bhadla_Solar_Park
2023-05-24 06:00:00,30.4,63,985.3,30,21.9,13.0,11.5,12.0,1.0,27.5398,71.9153,Bhadla_Solar_Park
2023-05-24 07:00:00,30.9,60,985.8,36,21.6,104.0,79.5,85.0,19.0,27.5398,71.9153,Bhadla_Solar_Park
2023-05-24 08:00:00,32.0,56,986.3,60,23.5,254.0,195.7,166.0,88.0,27.5398,71.9153,Bhadla_Solar_Park
2023-05-24 09:00:00,33.4,51,986.5,42,24.7,386.0,226.3,241.0,145.0,27.5398,71.9153,Bhadla_Solar_Park
2023-05-24 10:00:00,35.4,45,986.2,49,23.2,547.0,324.0,288.0,259.0,27.5398,71.9153,Bhadla_Solar_Park
2023-05-24 11:00:00,37.4,39,985.8,31,22.5,676.0,399.1,311.0,365.0,27.5398,71.9153,Bhadla_Solar_Park
2023-05-24 12:00:00,38.8,33,984.8,35,22.1,782.0,455.7,336.0,446.0,27.5398,71.9153,Bhadla_Solar_Park
2023-05-24 13:00:00,39.2,29,983.9,53,23.3,721.0,390.0,336.0,385.0,27.5398,71.9153,Bhadla_Solar_Park
2023-05-24 14:00:00,39.5,28,982.6,47,19.2,631.0,344.9,307.0,324.0,27.5398,71.9153,Bhadla_Solar_Park
2023-05-24 15:00:00,39.8,26,981.8,64,21.3,570.0,337.3,287.0,283.0,27.5398,71.9153,Bhadla_Solar_Park
2023-05-24 16:00:00,33.0,40,984.3,100,26.1,394.0,215.2,245.0,149.0,27.5398,71.9153,Bhadla_Solar_Park
2023-05-24 17:00:00,37.7,24,982.6,99,18.4,71.0,0.0,71.0,0.0,27.5398,71.9153,Bhadla_Solar_Park
2023-05-24 18:00:00,37.8,24,983.1,37,10.0,153.0,134.9,112.0,41.0,27.5398,71.9153,Bhadla_Solar_Park
2023-05-24 19:00:00,35.8,29,982.9,17,7.6,28.0,25.1,25.0,3.0,27.5398,71.9153,Bhadla_Solar_Park
2023-05-24 20:00:00,34.5,31,983.3,7,11.5,0.0,0.0,0.0,0.0,27.5398,71.9153,Bhadla_Solar_Park
2023-05-24 21:00:00,33.5,33,983.7,0,15.0,0.0,0.0,0.0,0.0,27.5398,71.9153,Bhadla_Solar_Park
2023-05-24 22:00:00,30.4,50,984.4,0,28.8,0.0,0.0,0.0,0.0,27.5398,71.9153,Bhadla_Solar_Park
2023-05-24 23:00:00,30.0,52,984.2,0,24.0,0.0,0.0,0.0,0.0,27.5398,71.9153,Bhadla_Solar_Park
2023-05-25 00:00:00,29.4,53,983.5,0,24.8,0.0,0.0,0.0,0.0,27.5398,71.9153,Bhadla_Solar_Park
2023-05-25 01:00:00,29.6,50,983.3,0,23.0,0.0,0.0,0.0,0.0,27.5398,71.9153,Bhadla_Solar_Park
2023-05-25 02:00:00,30.0,46,982.9,0,22.3,0.0,0.0,0.0,0.0,27.5398,71.9153,Bhadla_Solar_Park
2023-05-25 03:00:00,30.1,49,982.8,0,21.9,0.0,0.0,0.0,0.0,27.5398,71.9153,Bhadla_Solar_Park
2023-05-25 04:00:00,29.6,60,982.9,0,23.1,0.0,0.0,0.0,0.0,27.5398,71.9153,Bhadla_Solar_Park
2023-05-25 05:00:00,28.1,60,984.5,0,24.8,0.0,0.0,0.0,0.0,27.5398,71.9153,Bhadla_Solar_Park
2023-05-25 06:00:00,27.7,63,985.0,10,24.6,13.0,11.5,12.0,1.0,27.5398,71.9153,Bhadla_Solar_Park
2023-05-25 07:00:00,28.5,62,985.5,2,25.9,107.0,87.5,86.0,21.0,27.5398,71.9153,Bhadla_Solar_Park
2023-05-25 08:00:00,29.8,62,985.6,0,31.4,270.0,230.9,166.0,104.0,27.5398,71.9153,Bhadla_Solar_Park
2023-05-25 09:00:00,31.5,60,985.5,0,32.6,456.0,357.1,227.0,229.0,27.5398,71.9153,Bhadla_Solar_Park
2023-05-25 10:00:00,33.7,52,985.0,0,32.1,627.0,443.9,272.0,355.0,27.5398,71.9153,Bhadla_Solar_Park
2023-05-25 11:00:00,35.9,43,984.5,0,31.7,757.0,499.5,300.0,457.0,27.5398,71.9153,Bhadla_Solar_Park
2023-05-25 12:00:00,37.8,37,983.5,0,30.7,834.0,528.1,317.0,517.0,27.5398,71.9153,Bhadla_Solar_Park
2023-05-25 13:00:00,39.2,32,982.2,0,30.8,845.0,533.6,318.0,527.0,27.5398,71.9153,Bhadla_Solar_Park
2023-05-25 14:00:00,40.1,30,980.9,1,29.8,791.0,518.0,304.0,487.0,27.5398,71.9153,Bhadla_Solar_Park
2023-05-25 15:00:00,39.3,28,980.7,98,28.3,656.0,444.2,283.0,373.0,27.5398,71.9153,Bhadla_Solar_Park
2023-05-25 16:00:00,38.6,26,980.6,85,16.8,261.0,62.0,218.0,43.0,27.5398,71.9153,Bhadla_Solar_Park
2023-05-25 17:00:00,36.4,37,981.5,95,20.5,254.0,133.0,186.0,68.0,27.5398,71.9153,Bhadla_Solar_Park
2023-05-25 18:00:00,32.6,56,981.0,68,11.8,126.0,68.7,105.0,21.0,27.5398,71.9153,Bhadla_Solar_Park
2023-05-25 19:00:00,28.6,68,982.1,86,26.3,24.0,16.6,22.0,2.0,27.5398,71.9153,Bhadla_Solar_Park
2023-05-25 20:00:00,27.4,74,983.0,1,22.0,0.0,0.0,0.0,0.0,27.5398,71.9153,Bhadla_Solar_Park
2023-05-25 21:00:00,26.5,75,983.4,0,25.9,0.0,0.0,0.0,0.0,27.5398,71.9153,Bhadla_Solar_Park
2023-05-25 22:00:00,26.2,76,983.1,0,23.2,0.0,0.0,0.0,0.0,27.5398,71.9153,Bhadla_Solar_Park
2023-05-25 23:00:00,25.8,77,982.8,0,23.8,0.0,0.0,0.0,0.0,27.5398,71.9153,Bhadla_Solar_Park
2023-05-26 00:00:00,25.8,78,982.5,0,20.5,0.0,0.0,0.0,0.0,27.5398,71.9153,Bhadla_Solar_Park
2023-05-26 01:00:00,26.5,72,982.2,0,17.2,0.0,0.0,0.0,0.0,27.5398,71.9153,Bhadla_Solar_Park
2023-05-26 02:00:00,27.7,66,982.0,0,17.4,0.0,0.0,0.0,0.0,27.5398,71.9153,Bhadla_Solar_Park
2023-05-26 03:00:00,27.5,72,982.3,0,17.6,0.0,0.0,0.0,0.0,27.5398,71.9153,Bhadla_Solar_Park
2023-05-26 04:00:00,26.7,76,982.7,0,14.2,0.0,0.0,0.0,0.0,27.5398,71.9153,Bhadla_Solar_Park
2023-05-26 05:00:00,26.0,85,983.3,0,29.2,0.0,0.0,0.0,0.0,27.5398,71.9153,Bhadla_Solar_Park
2023-05-26 06:00:00,25.7,89,983.6,1,29.9,13.0,11.4,12.0,1.0,27.5398,71.9153,Bhadla_Solar_Park
2023-05-26 07:00:00,26.5,85,984.5,1,26.7,110.0,91.3,88.0,22.0,27.5398,71.9153,Bhadla_Solar_Park
2023-05-26 08:00:00,28.1,77,985.2,13,31.8,272.0,230.6,168.0,104.0,27.5398,71.9153,Bhadla_Solar_Park
2023-05-26 09:00:00,29.8,69,985.3,1,31.3,447.0,322.5,240.0,207.0,27.5398,71.9153,Bhadla_Solar_Park
2023-05-26 10:00:00,31.6,62,985.0,1,32.3,635.0,454.9,271.0,364.0,27.5398,71.9153,Bhadla_Solar_Park
2023-05-26 11:00:00,33.2,57,984.5,0,33.0,763.0,501.5,304.0,459.0,27.5398,71.9153,Bhadla_Solar_Park
2023-05-26 12:00:00,34.9,50,983.9,0,32.1,840.0,532.0,319.0,521.0,27.5398,71.9153,Bhadla_Solar_Park
2023-05-26 13:00:00,36.4,45,983.2,0,30.4,850.0,536.5,320.0,530.0,27.5398,71.9153,Bhadla_Solar_Park
2023-05-26 14:00:00,37.6,40,982.2,0,28.7,794.0,517.7,307.0,487.0,27.5398,71.9153,Bhadla_Solar_Park
2023-05-26 15:00:00,38.7,36,981.6,32,24.2,679.0,474.7,280.0,399.0,27.5398,71.9153,Bhadla_Solar_Park
2023-05-26 16:00:00,39.3,32,981.1,48,18.5,488.0,351.3,244.0,244.0,27.5398,71.9153,Bhadla_Solar_Park
2023-05-26 17:00:00,37.9,30,981.6,55,14.0,290.0,218.5,178.0,112.0,27.5398,71.9153,Bhadla_Solar_Park
2023-05-26 18:00:00,35.5,37,981.8,50,13.5,116.0,68.4,95.0,21.0,27.5398,71.9153,Bhadla_Solar_Park
2023-05-26 19:00:00,33.4,39,981.8,17,14.0,27.0,24.8,24.0,3.0,27.5398,71.9153,Bhadla_Solar_Park
2023-05-26 20:00:00,32.3,38,982.1,8,20.8,0.0,0.0,0.0,0.0,27.5398,71.9153,Bhadla_Solar_Park
2023-05-26 21:00:00,31.6,36,982.3,1,24.3,0.0,0.0,0.0,0.0,27.5398,71.9153,Bhadla_Solar_Park
2023-05-26 22:00:00,31.5,43,982.6,0,23.6,0.0,0.0,0.0,0.0,27.5398,71.9153,Bhadla_Solar_Park
2023-05-26 23:00:00,31.0,49,982.6,0,22.8,0.0,0.0,0.0,0.0,27.5398,71.9153,Bhadla_Solar_Park
2023-05-27 00:00:00,30.4,55,982.6,0,20.4,0.0,0.0,0.0,0.0,27.5398,71.9153,Bhadla_Solar_Park
2023-05-27 01:00:00,30.3,54,982.3,0,22.9,0.0,0.0,0.0,0.0,27.5398,71.9153,Bhadla_Solar_Park
2023-05-27 02:00:00,30.0,57,981.9,0,29.2,0.0,0.0,0.0,0.0,27.5398,71.9153,Bhadla_Solar_Park
2023-05-27 03:00:00,29.1,61,981.8,0,28.6,0.0,0.0,0.0,0.0,27.5398,71.9153,Bhadla_Solar_Park
2023-05-27 04:00:00,28.2,65,982.3,0,26.0,0.0,0.0,0.0,0.0,27.5398,71.9153,Bhadla_Solar_Park
2023-05-27 05:00:00,27.9,71,982.5,0,18.6,0.0,0.0,0.0,0.0,27.5398,71.9153,Bhadla_Solar_Park
2023-05-27 06:00:00,27.8,73,983.5,0,16.0,14.0,11.4,13.0,1.0,27.5398,71.9153,Bhadla_Solar_Park
2023-05-27 07:00:00,28.7,71,984.5,0,14.3,111.0,91.0,89.0,22.0,27.5398,71.9153,Bhadla_Solar_Park
2023-05-27 08:00:00,29.8,69,985.4,0,18.4,273.0,232.5,168.0,105.0,27.5398,71.9153,Bhadla_Solar_Park
2023-05-27 09:00:00,31.3,64,985.8,18,19.3,453.0,347.2,230.0,223.0,27.5398,71.9153,Bhadla_Solar_Park
2023-05-27 10:00:00,32.8,57,985.5,2,18.3,620.0,428.5,277.0,343.0,27.5398,71.9153,Bhadla_Solar_Park
2023-05-27 11:00:00,34.2,51,985.3,1,16.9,752.0,488.3,305.0,447.0,27.5398,71.9153,Bhadla_Solar_Park
2023-05-27 12:00:00,35.6,46,984.7,0,15.1,829.0,520.6,319.0,510.0,27.5398,71.9153,Bhadla_Solar_Park
2023-05-27 13:00:00,36.8,41,983.8,0,13.6,839.0,525.1,320.0,519.0,27.5398,71.9153,Bhadla_Solar_Park
2023-05-27 14:00:00,37.8,37,983.1,3,11.2,787.0,508.9,308.0,479.0,27.5398,71.9153,Bhadla_Solar_Park
2023-05-27 15:00:00,38.4,33,982.5,16,5.9,663.0,452.9,282.0,381.0,27.5398,71.9153,Bhadla_Solar_Park
2023-05-27 16:00:00,38.8,30,981.8,25,1.0,492.0,355.1,245.0,247.0,27.5398,71.9153,Bhadla_Solar_Park
2023-05-27 17:00:00,38.4,25,982.5,60,8.5,241.0,173.2,152.0,89.0,27.5398,71.9153,Bhadla_Solar_Park
2023-05-27 18:00:00,38.2,25,982.8,85,5.9,131.0,81.0,106.0,25.0,27.5398,71.9153,Bhadla_Solar_Park
2023-05-27 19:00:00,35.9,42,982.9,61,4.0,31.0,24.6,28.0,3.0,27.5398,71.9153,Bhadla_Solar_Park
2023-05-27 20:00:00,34.6,43,982.9,98,3.3,0.0,0.0,0.0,0.0,27.5398,71.9153,Bhadla_Solar_Park
2023-05-27 21:00:00,32.7,48,983.6,19,7.3,0.0,0.0,0.0,0.0,27.5398,71.9153,Bhadla_Solar_Park
2023-05-27 22:00:00,31.4,52,983.8,2,7.1,0.0,0.0,0.0,0.0,27.5398,71.9153,Bhadla_Solar_Park
2023-05-27 23:00:00,32.5,43,983.7,4,3.0,0.0,0.0,0.0,0.0,27.5398,71.9153,Bhadla_Solar_Park
2023-05-28 00:00:00,31.1,48,983.1,24,5.4,0.0,0.0,0.0,0.0,27.5398,71.9153,Bhadla_Solar_Park
2023-05-28 01:00:00,29.9,47,982.8,86,10.1,0.0,0.0,0.0,0.0,27.5398,71.9153,Bhadla_Solar_Park
2023-05-28 02:00:00,29.1,50,983.0,76,5.5,0.0,0.0,0.0,0.0,27.5398,71.9153,Bhadla_Solar_Park
2023-05-28 03:00:00,30.4,43,983.1,92,2.7,0.0,0.0,0.0,0.0,27.5398,71.9153,Bhadla_Solar_Park
2023-05-28 04:00:00,27.4,54,983.1,9,6.9,0.0,0.0,0.0,0.0,27.5398,71.9153,Bhadla_Solar_Park
2023-05-28 05:00:00,28.1,74,983.7,0,8.1,0.0,0.0,0.0,0.0,27.5398,71.9153,Bhadla_Solar_Park
2023-05-28 06:00:00,28.0,76,984.2,45,8.0,14.0,11.3,13.0,1.0,27.5398,71.9153,Bhadla_Solar_Park
2023-05-28 07:00:00,30.0,66,984.6,78,9.8,109.0,86.6,88.0,21.0,27.5398,71.9153,Bhadla_Solar_Park
2023-05-28 08:00:00,32.7,54,985.1,77,11.3,261.0,190.2,175.0,86.0,27.5398,71.9153,Bhadla_Solar_Park
2023-05-28 09:00:00,35.1,41,986.0,20,13.0,441.0,319.0,236.0,205.0,27.5398,71.9153,Bhadla_Solar_Park
2023-05-28 10:00:00,36.6,37,986.4,73,6.6,618.0,427.1,276.0,342.0,27.5398,71.9153,Bhadla_Solar_Park
2023-05-28 11:00:00,28.2,71,988.3,93,27.4,683.0,403.0,314.0,369.0,27.5398,71.9153,Bhadla_Solar_Park
2023-05-28 12:00:00,28.0,68,986.8,100,19.8,225.0,51.0,175.0,50.0,27.5398,71.9153,Bhadla_Solar_Park
2023-05-28 13:00:00,27.2,77,986.8,100,16.4,69.0,8.1,61.0,8.0,27.5398,71.9153,Bhadla_Solar_Park
2023-05-28 14:00:00,27.0,81,985.6,99,20.3,188.0,0.0,188.0,0.0,27.5398,71.9153,Bhadla_Solar_Park
2023-05-28 15:00:00,28.5,76,985.0,100,17.6,374.0,134.2,261.0,113.0,27.5398,71.9153,Bhadla_Solar_Park
2023-05-28 16:00:00,29.1,75,984.6,100,18.1,220.0,23.0,204.0,16.0,27.5398,71.9153,Bhadla_Solar_Park
2023-05-28 17:00:00,27.4,72,985.9,99,24.1,122.0,1.9,121.0,1.0,27.5398,71.9153,Bhadla_Solar_Park
2023-05-28 18:00:00,26.3,75,987.0,100,19.0,52.0,0.0,52.0,0.0,27.5398,71.9153,Bhadla_Solar_Park
2023-05-28 19:00:00,26.2,77,986.8,100,15.6,11.0,0.0,11.0,0.0,27.5398,71.9153,Bhadla_Solar_Park
2023-05-28 20:00:00,25.9,65,987.0,100,29.6,0.0,0.0,0.0,0.0,27.5398,71.9153,Bhadla_Solar_Park
2023-05-28 21:00:00,25.2,69,987.6,100,25.2,0.0,0.0,0.0,0.0,27.5398,71.9153,Bhadla_Solar_Park
2023-05-28 22:00:00,25.3,77,988.2,100,21.1,0.0,0.0,0.0,0.0,27.5398,71.9153,Bhadla_Solar_Park
2023-05-28 23:00:00,25.0,83,987.2,100,17.0,0.0,0.0,0.0,0.0,27.5398,71.9153,Bhadla_Solar_Park
2023-05-29 00:00:00,24.5,85,986.2,100,11.6,0.0,0.0,0.0,0.0,27.5398,71.9153,Bhadla_Solar_Park
2023-05-29 01:00:00,24.1,88,986.2,91,8.6,0.0,0.0,0.0,0.0,27.5398,71.9153,Bhadla_Solar_Park
2023-05-29 02:00:00,23.8,89,986.2,87,2.4,0.0,0.0,0.0,0.0,27.5398,71.9153,Bhadla_Solar_Park
2023-05-29 03:00:00,23.3,92,987.4,89,10.1,0.0,0.0,0.0,0.0,27.5398,71.9153,Bhadla_Solar_Park
2023-05-29 04:00:00,23.4,92,987.6,3,7.6,0.0,0.0,0.0,0.0,27.5398,71.9153,Bhadla_Solar_Park
2023-05-29 05:00:00,22.1,92,988.3,2,5.8,0.0,0.0,0.0,0.0,27.5398,71.9153,Bhadla_Solar_Park
2023-05-29 06:00:00,22.0,93,989.8,92,5.4,14.0,0.0,14.0,0.0,27.5398,71.9153,Bhadla_Solar_Park
2023-05-29 07:00:00,23.0,88,990.4,57,3.1,104.0,65.8,88.0,16.0,27.5398,71.9153,Bhadla_Solar_Park
2023-05-29 08:00:00,24.4,79,990.3,50,3.3,262.0,205.5,169.0,93.0,27.5398,71.9153,Bhadla_Solar_Park
2023-05-29 09:00:00,25.8,74,990.4,96,7.1,446.0,331.3,233.0,213.0,27.5398,71.9153,Bhadla_Solar_Park
2023-05-29 10:00:00,27.4,69,990.3,61,8.7,609.0,402.1,287.0,322.0,27.5398,71.9153,Bhadla_Solar_Park
2023-05-29 11:00:00,29.1,62,989.9,1,8.3,739.0,456.4,321.0,418.0,27.5398,71.9153,Bhadla_Solar_Park
2023-05-29 12:00:00,30.5,55,989.6,0,10.5,820.0,503.0,327.0,493.0,27.5398,71.9153,Bhadla_Solar_Park
2023-05-29 13:00:00,31.0,52,988.8,0,14.7,834.0,512.6,327.0,507.0,27.5398,71.9153,Bhadla_Solar_Park
2023-05-29 14:00:00,31.4,50,987.5,7,15.6,778.0,491.4,315.0,463.0,27.5398,71.9153,Bhadla_Solar_Park
2023-05-29 15:00:00,31.5,50,986.8,13,14.8,663.0,442.6,290.0,373.0,27.5398,71.9153,Bhadla_Solar_Park
2023-05-29 16:00:00,31.5,49,986.6,78,11.5,505.0,367.0,249.0,256.0,27.5398,71.9153,Bhadla_Solar_Park
2023-05-29 17:00:00,31.4,50,986.6,99,7.9,284.0,158.8,202.0,82.0,27.5398,71.9153,Bhadla_Solar_Park
2023-05-29 18:00:00,30.3,62,986.3,98,3.3,149.0,105.9,116.0,33.0,27.5398,71.9153,Bhadla_Solar_Park
2023-05-29 19:00:00,28.6,66,987.1,33,10.4,32.0,16.2,30.0,2.0,27.5398,71.9153,Bhadla_Solar_Park
2023-05-29 20:00:00,26.9,66,987.7,100,15.0,0.0,0.0,0.0,0.0,27.5398,71.9153,Bhadla_Solar_Park
2023-05-29 21:00:00,26.0,72,988.4,16,11.2,0.0,0.0,0.0,0.0,27.5398,71.9153,Bhadla_Solar_Park
2023-05-29 22:00:00,25.1,81,988.5,12,6.6,0.0,0.0,0.0,0.0,27.5398,71.9153,Bhadla_Solar_Park
2023-05-29 23:00:00,25.0,80,988.6,15,8.2,0.0,0.0,0.0,0.0,27.5398,71.9153,Bhadla_Solar_Park
2023-05-30 00:00:00,24.6,81,988.3,5,8.2,0.0,0.0,0.0,0.0,27.5398,71.9153,Bhadla_Solar_Park
2023-05-30 01:00:00,24.2,82,988.4,25,10.9,0.0,0.0,0.0,0.0,27.5398,71.9153,Bhadla_Solar_Park
2023-05-30 02:00:00,23.9,82,988.4,95,12.7,0.0,0.0,0.0,0.0,27.5398,71.9153,Bhadla_Solar_Park
2023-05-30 03:00:00,23.8,83,988.4,0,10.2,0.0,0.0,0.0,0.0,27.5398,71.9153,Bhadla_Solar_Park
2023-05-30 04:00:00,23.1,87,988.3,4,8.7,0.0,0.0,0.0,0.0,27.5398,71.9153,Bhadla_Solar_Park
2023-05-30 05:00:00,23.3,89,989.8,3,6.8,0.0,0.0,0.0,0.0,27.5398,71.9153,Bhadla_Solar_Park
2023-05-30 06:00:00,23.3,88,989.8,96,5.9,9.0,0.0,9.0,0.0,27.5398,71.9153,Bhadla_Solar_Park
2023-05-30 07:00:00,24.0,87,989.9,78,8.4,75.0,8.2,73.0,2.0,27.5398,71.9153,Bhadla_Solar_Park
2023-05-30 08:00:00,25.8,78,990.3,100,3.7,238.0,150.1,170.0,68.0,27.5398,71.9153,Bhadla_Solar_Park
2023-05-30 09:00:00,27.2,70,990.8,100,3.2,388.0,222.4,245.0,143.0,27.5398,71.9153,Bhadla_Solar_Park
2023-05-30 10:00:00,28.2,66,991.4,78,7.9,538.0,304.6,294.0,244.0,27.5398,71.9153,Bhadla_Solar_Park
2023-05-30 11:00:00,28.9,62,990.2,97,1.8,638.0,347.1,320.0,318.0,27.5398,71.9153,Bhadla_Solar_Park
2023-05-30 12:00:00,30.6,56,990.0,96,9.4,757.0,385.6,379.0,378.0,27.5398,71.9153,Bhadla_Solar_Park
2023-05-30 13:00:00,29.2,63,989.7,100,9.6,722.0,342.6,383.0,339.0,27.5398,71.9153,Bhadla_Solar_Park
2023-05-30 14:00:00,29.3,61,988.5,100,7.3,510.0,253.5,271.0,239.0,27.5398,71.9153,Bhadla_Solar_Park
2023-05-30 15:00:00,29.9,57,987.9,100,3.4,520.0,208.7,344.0,176.0,27.5398,71.9153,Bhadla_Solar_Park
2023-05-30 16:00:00,29.4,59,987.6,100,1.4,402.0,181.8,275.0,127.0,27.5398,71.9153,Bhadla_Solar_Park
2023-05-30 17:00:00,28.9,57,987.2,100,15.0,224.0,71.5,187.0,37.0,27.5398,71.9153,Bhadla_Solar_Park
2023-05-30 18:00:00,27.9,65,987.6,42,13.7,136.0,86.2,109.0,27.0,27.5398,71.9153,Bhadla_Solar_Park
2023-05-30 19:00:00,26.5,69,988.4,88,13.8,34.0,24.1,31.0,3.0,27.5398,71.9153,Bhadla_Solar_Park
2023-05-30 20:00:00,25.8,73,988.8,100,11.9,0.0,0.0,0.0,0.0,27.5398,71.9153,Bhadla_Solar_Park
2023-05-30 21:00:00,25.3,79,989.6,97,8.9,0.0,0.0,0.0,0.0,27.5398,71.9153,Bhadla_Solar_Park
2023-05-30 22:00:00,25.2,74,989.6,7,10.1,0.0,0.0,0.0,0.0,27.5398,71.9153,Bhadla_Solar_Park
2023-05-30 23:00:00,24.6,76,989.6,2,10.5,0.0,0.0,0.0,0.0,27.5398,71.9153,Bhadla_Solar_Park
2023-05-31 00:00:00,23.8,82,989.1,0,7.7,0.0,0.0,0.0,0.0,27.5398,71.9153,Bhadla_Solar_Park
2023-05-31 01:00:00,23.5,83,988.2,0,8.2,0.0,0.0,0.0,0.0,27.5398,71.9153,Bhadla_Solar_Park
2023-05-31 02:00:00,23.2,86,988.0,0,3.2,0.0,0.0,0.0,0.0,27.5398,71.9153,Bhadla_Solar_Park
2023-05-31 03:00:00,22.6,90,987.9,0,4.4,0.0,0.0,0.0,0.0,27.5398,71.9153,Bhadla_Solar_Park
2023-05-31 04:00:00,22.3,90,987.6,18,5.2,0.0,0.0,0.0,0.0,27.5398,71.9153,Bhadla_Solar_Park
2023-05-31 05:00:00,22.5,89,988.0,24,6.1,0.0,0.0,0.0,0.0,27.5398,71.9153,Bhadla_Solar_Park
2023-05-31 06:00:00,22.5,88,988.4,5,7.6,13.0,11.2,12.0,1.0,27.5398,71.9153,Bhadla_Solar_Park
2023-05-31 07:00:00,23.6,84,989.0,2,10.1,105.0,77.8,86.0,19.0,27.5398,71.9153,Bhadla_Solar_Park
2023-05-31 08:00:00,25.4,75,989.3,0,9.0,263.0,209.6,168.0,95.0,27.5398,71.9153,Bhadla_Solar_Park
2023-05-31 09:00:00,27.1,67,989.5,0,7.9,444.0,331.1,231.0,213.0,27.5398,71.9153,Bhadla_Solar_Park
2023-05-31 10:00:00,28.5,60,989.1,0,5.9,612.0,416.9,278.0,334.0,27.5398,71.9153,Bhadla_Solar_Park
2023-05-31 11:00:00,29.7,57,988.9,0,9.8,741.0,471.5,309.0,432.0,27.5398,71.9153,Bhadla_Solar_Park
2023-05-31 12:00:00,30.5,54,988.4,27,14.0,818.0,503.9,324.0,494.0,27.5398,71.9153,Bhadla_Solar_Park
2023-05-31 13:00:00,30.5,54,987.8,40,13.0,701.0,386.0,319.0,382.0,27.5398,71.9153,Bhadla_Solar_Park
2023-05-31 14:00:00,30.9,53,987.1,46,12.4,683.0,379.6,325.0,358.0,27.5398,71.9153,Bhadla_Solar_Park
2023-05-31 15:00:00,30.9,52,986.4,41,12.6,528.0,304.4,271.0,257.0,27.5398,71.9153,Bhadla_Solar_Park
2023-05-31 16:00:00,30.9,52,985.8,49,10.5,412.0,244.5,241.0,171.0,27.5398,71.9153,Bhadla_Solar_Park
2023-05-31 17:00:00,31.6,49,985.9,40,9.0,253.0,169.6,165.0,88.0,27.5398,71.9153,Bhadla_Solar_Park
2023-05-31 18:00:00,30.5,60,985.7,10,11.2,133.0,92.2,104.0,29.0,27.5398,71.9153,Bhadla_Solar_Park
2023-05-31 19:00:00,28.3,67,985.5,3,17.1,34.0,32.0,30.0,4.0,27.5398,71.9153,Bhadla_Solar_Park
2023-05-31 20:00:00,27.6,71,985.7,1,13.0,0.0,0.0,0.0,0.0,27.5398,71.9153,Bhadla_Solar_Park
2023-05-31 21:00:00,27.0,74,985.8,1,14.4,0.0,0.0,0.0,0.0,27.5398,71.9153,Bhadla_Solar_Park
2023-05-31 22:00:00,26.9,72,985.3,0,22.3,0.0,0.0,0.0,0.0,27.5398,71.9153,Bhadla_Solar_Park
2023-05-31 23:00:00,26.1,77,985.1,0,16.1,0.0,0.0,0.0,0.0,27.5398,71.9153,Bhadla_Solar_Park
2023-06-01 00:00:00,25.6,78,984.9,0,12.7,0.0,0.0,0.0,0.0,27.5398,71.9153,Bhadla_Solar_Park
2023-06-01 01:00:00,23.6,82,986.6,90,30.4,0.0,0.0,0.0,0.0,27.5398,71.9153,Bhadla_Solar_Park
2023-06-01 02:00:00,23.0,81,986.2,59,17.4,0.0,0.0,0.0,0.0,27.5398,71.9153,Bhadla_Solar_Park
2023-06-01 03:00:00,22.9,82,985.4,100,20.4,0.0,0.0,0.0,0.0,27.5398,71.9153,Bhadla_Solar_Park
2023-06-01 04:00:00,23.2,81,985.0,7,21.1,0.0,0.0,0.0,0.0,27.5398,71.9153,Bhadla_Solar_Park
2023-06-01 05:00:00,23.4,85,985.6,0,9.7,0.0,0.0,0.0,0.0,27.5398,71.9153,Bhadla_Solar_Park
2023-06-01 06:00:00,23.7,84,986.0,0,12.0,14.0,11.1,13.0,1.0,27.5398,71.9153,Bhadla_Solar_Park
2023-06-01 07:00:00,25.3,79,986.6,0,13.0,109.0,85.8,88.0,21.0,27.5398,71.9153,Bhadla_Solar_Park
2023-06-01 08:00:00,26.8,76,986.8,0,15.9,268.0,220.4,168.0,100.0,27.5398,71.9153,Bhadla_Solar_Park
2023-06-01 09:00:00,29.4,63,987.3,1,17.7,451.0,341.9,231.0,220.0,27.5398,71.9153,Bhadla_Solar_Park
2023-06-01 10:00:00,30.4,60,987.4,39,17.6,620.0,426.8,278.0,342.0,27.5398,71.9153,Bhadla_Solar_Park
2023-06-01 11:00:00,30.6,61,987.1,30,18.0,669.0,383.1,318.0,351.0,27.5398,71.9153,Bhadla_Solar_Park
2023-06-01 12:00:00,31.1,59,986.6,30,16.9,651.0,334.5,323.0,328.0,27.5398,71.9153,Bhadla_Solar_Park
2023-06-01 13:00:00,31.7,59,986.0,22,17.7,703.0,370.7,336.0,367.0,27.5398,71.9153,Bhadla_Solar_Park
2023-06-01 14:00:00,32.5,56,984.9,19,15.9,688.0,396.3,314.0,374.0,27.5398,71.9153,Bhadla_Solar_Park
2023-06-01 15:00:00,33.1,53,984.3,26,13.8,599.0,368.1,288.0,311.0,27.5398,71.9153,Bhadla_Solar_Park
2023-06-01 16:00:00,33.0,54,984.0,54,11.3,462.0,304.1,249.0,213.0,27.5398,71.9153,Bhadla_Solar_Park
2023-06-01 17:00:00,33.2,46,984.4,72,6.6,285.0,188.5,187.0,98.0,27.5398,71.9153,Bhadla_Solar_Park
2023-06-01 18:00:00,32.3,57,984.6,7,4.1,143.0,107.6,109.0,34.0,27.5398,71.9153,Bhadla_Solar_Park
2023-06-01 19:00:00,30.1,75,984.9,4,4.7,34.0,31.8,30.0,4.0,27.5398,71.9153,Bhadla_Solar_Park
2023-06-01 20:00:00,30.6,61,985.3,3,0.7,0.0,0.0,0.0,0.0,27.5398,71.9153,Bhadla_Solar_Park
2023-06-01 21:00:00,28.4,73,985.2,0,10.9,0.0,0.0,0.0,0.0,27.5398,71.9153,Bhadla_Solar_Park
2023-06-01 22:00:00,26.8,78,985.7,0,20.2,0.0,0.0,0.0,0.0,27.5398,71.9153,Bhadla_Solar_Park
2023-06-01 23:00:00,26.0,77,986.1,0,20.8,0.0,0.0,0.0,0.0,27.5398,71.9153,Bhadla_Solar_Park
2023-06-02 00:00:00,25.0,79,986.1,0,25.4,0.0,0.0,0.0,0.0,27.5398,71.9153,Bhadla_Solar_Park
2023-06-02 01:00:00,24.1,84,985.6,0,22.5,0.0,0.0,0.0,0.0,27.5398,71.9153,Bhadla_Solar_Park
2023-06-02 02:00:00,23.4,86,985.4,0,15.7,0.0,0.0,0.0,0.0,27.5398,71.9153,Bhadla_Solar_Park
2023-06-02 03:00:00,22.9,88,985.7,13,14.4,0.0,0.0,0.0,0.0,27.5398,71.9153,Bhadla_Solar_Park
2023-06-02 04:00:00,22.5,88,986.0,5,16.0,0.0,0.0,0.0,0.0,27.5398,71.9153,Bhadla_Solar_Park
2023-06-02 05:00:00,22.9,93,987.0,12,6.6,0.0,0.0,0.0,0.0,27.5398,71.9153,Bhadla_Solar_Park
2023-06-02 06:00:00,23.1,92,987.3,46,9.3,12.0,11.1,11.0,1.0,27.5398,71.9153,Bhadla_Solar_Park
2023-06-02 07:00:00,23.7,88,987.9,27,7.9,104.0,69.4,87.0,17.0,27.5398,71.9153,Bhadla_Solar_Park
2023-06-02 08:00:00,24.9,81,988.4,23,6.0,238.0,169.6,161.0,77.0,27.5398,71.9153,Bhadla_Solar_Park
2023-06-02 09:00:00,26.4,74,988.6,6,3.6,427.0,303.0,232.0,195.0,27.5398,71.9153,Bhadla_Solar_Park
2023-06-02 10:00:00,28.3,66,988.8,0,2.6,610.0,414.3,278.0,332.0,27.5398,71.9153,Bhadla_Solar_Park
2023-06-02 11:00:00,30.0,60,988.4,1,3.4,738.0,466.0,311.0,427.0,27.5398,71.9153,Bhadla_Solar_Park
2023-06-02 12:00:00,31.6,56,987.9,0,2.9,811.0,492.5,328.0,483.0,27.5398,71.9153,Bhadla_Solar_Park
2023-06-02 13:00:00,32.6,54,987.1,1,0.5,822.0,497.9,329.0,493.0,27.5398,71.9153,Bhadla_Solar_Park
2023-06-02 14:00:00,33.4,52,986.1,0,1.6,767.0,477.7,316.0,451.0,27.5398,71.9153,Bhadla_Solar_Park
2023-06-02 15:00:00,34.2,50,985.3,20,4.4,658.0,441.1,285.0,373.0,27.5398,71.9153,Bhadla_Solar_Park
2023-06-02 16:00:00,34.6,48,984.7,30,6.5,474.0,330.8,242.0,232.0,27.5398,71.9153,Bhadla_Solar_Park
2023-06-02 17:00:00,34.4,45,984.9,6,7.4,307.0,230.2,187.0,120.0,27.5398,71.9153,Bhadla_Solar_Park
2023-06-02 18:00:00,33.9,46,985.0,17,9.2,156.0,126.0,116.0,40.0,27.5398,71.9153,Bhadla_Solar_Park
2023-06-02 19:00:00,31.9,56,985.2,26,14.2,37.0,31.6,33.0,4.0,27.5398,71.9153,Bhadla_Solar_Park
2023-06-02 20:00:00,30.6,62,985.6,22,15.0,0.0,0.0,0.0,0.0,27.5398,71.9153,Bhadla_Solar_Park
2023-06-02 21:00:00,29.7,66,986.0,12,14.9,0.0,0.0,0.0,0.0,27.5398,71.9153,Bhadla_Solar_Park
2023-06-02 22:00:00,28.8,68,986.5,0,16.3,0.0,0.0,0.0,0.0,27.5398,71.9153,Bhadla_Solar_Park
2023-06-02 23:00:00,27.9,70,986.3,0,16.9,0.0,0.0,0.0,0.0,27.5398,71.9153,Bhadla_Solar_Park
2023-06-03 00:00:00,27.3,71,986.0,0,15.1,0.0,0.0,0.0,0.0,27.5398,71.9153,Bhadla_Solar_Park
2023-06-03 01:00:00,26.8,74,985.6,0,13.6,0.0,0.0,0.0,0.0,27.5398,71.9153,Bhadla_Solar_Park
2023-06-03 02:00:00,26.2,76,985.2,1,12.2,0.0,0.0,0.0,0.0,27.5398,71.9153,Bhadla_Solar_Park
2023-06-03 03:00:00,25.8,79,985.1,0,11.9,0.0,0.0,0.0,0.0,27.5398,71.9153,Bhadla_Solar_Park
2023-06-03 04:00:00,25.4,81,985.3,0,12.3,0.0,0.0,0.0,0.0,27.5398,71.9153,Bhadla_Solar_Park
2023-06-03 05:00:00,26.5,80,985.2,1,13.0,0.0,0.0,0.0,0.0,27.5398,71.9153,Bhadla_Solar_Park
2023-06-03 06:00:00,27.0,78,985.8,0,14.7,14.0,11.1,13.0,1.0,27.5398,71.9153,Bhadla_Solar_Park
2023-06-03 07:00:00,28.3,73,986.6,0,18.8,109.0,85.6,88.0,21.0,27.5398,71.9153,Bhadla_Solar_Park
2023-06-03 08:00:00,29.9,63,987.1,0,18.9,266.0,215.8,168.0,98.0,27.5398,71.9153,Bhadla_Solar_Park
2023-06-03 09:00:00,32.2,54,987.5,0,19.9,446.0,337.1,229.0,217.0,27.5398,71.9153,Bhadla_Solar_Park
2023-06-03 10:00:00,34.3,49,987.1,3,17.6,614.0,423.0,275.0,339.0,27.5398,71.9153,Bhadla_Solar_Park
2023-06-03 11:00:00,35.1,44,986.7,68,10.1,669.0,402.7,300.0,369.0,27.5398,71.9153,Bhadla_Solar_Park
2023-06-03 12:00:00,34.8,44,986.9,100,5.4,578.0,270.2,313.0,265.0,27.5398,71.9153,Bhadla_Solar_Park
2023-06-03 13:00:00,25.1,80,988.7,100,22.2,282.0,32.3,250.0,32.0,27.5398,71.9153,Bhadla_Solar_Park
2023-06-03 14:00:00,27.1,77,985.4,100,19.5,84.0,0.0,84.0,0.0,27.5398,71.9153,Bhadla_Solar_Park
2023-06-03 15:00:00,27.9,76,985.5,100,3.6,152.0,8.3,145.0,7.0,27.5398,71.9153,Bhadla_Solar_Park
2023-06-03 16:00:00,28.8,74,985.3,100,9.2,230.0,42.7,200.0,30.0,27.5398,71.9153,Bhadla_Solar_Park
2023-06-03 17:00:00,32.5,45,984.0,100,21.6,135.0,5.7,132.0,3.0,27.5398,71.9153,Bhadla_Solar_Park
2023-06-03 18:00:00,31.3,54,983.8,80,15.2,148.0,84.7,121.0,27.0,27.5398,71.9153,Bhadla_Solar_Park
2023-06-03 19:00:00,29.2,62,984.3,18,13.3,35.0,23.6,32.0,3.0,27.5398,71.9153,Bhadla_Solar_Park
2023-06-03 20:00:00,28.6,68,985.8,100,4.2,0.0,0.0,0.0,0.0,27.5398,71.9153,Bhadla_Solar_Park
2023-06-03 21:00:00,26.8,76,986.5,100,12.1,0.0,0.0,0.0,0.0,27.5398,71.9153,Bhadla_Solar_Park
2023-06-03 22:00:00,26.5,80,985.2,1,21.2,0.0,0.0,0.0,0.0,27.5398,71.9153,Bhadla_Solar_Park
2023-06-03 23:00:00,25.8,84,985.3,6,13.8,0.0,0.0,0.0,0.0,27.5398,71.9153,Bhadla_Solar_Park
2023-06-04 00:00:00,25.6,83,984.8,6,17.3,0.0,0.0,0.0,0.0,27.5398,71.9153,Bhadla_Solar_Park
2023-06-04 01:00:00,25.2,83,985.2,0,8.5,0.0,0.0,0.0,0.0,27.5398,71.9153,Bhadla_Solar_Park
2023-06-04 02:00:00,24.7,87,985.8,100,13.3,0.0,0.0,0.0,0.0,27.5398,71.9153,Bhadla_Solar_Park
2023-06-04 03:00:00,24.3,90,985.7,100,9.0,0.0,0.0,0.0,0.0,27.5398,71.9153,Bhadla_Solar_Park
2023-06-04 04:00:00,24.0,89,985.5,100,10.6,0.0,0.0,0.0,0.0,27.5398,71.9153,Bhadla_Solar_Park
2023-06-04 05:00:00,23.8,84,986.3,100,16.7,0.0,0.0,0.0,0.0,27.5398,71.9153,Bhadla_Solar_Park
2023-06-04 06:00:00,23.5,84,986.3,100,13.7,12.0,0.0,12.0,0.0,27.5398,71.9153,Bhadla_Solar_Park
2023-06-04 07:00:00,24.7,78,986.7,1,13.3,101.0,48.8,89.0,12.0,27.5398,71.9153,Bhadla_Solar_Park
2023-06-04 08:00:00,26.8,73,987.6,0,14.5,268.0,220.2,168.0,100.0,27.5398,71.9153,Bhadla_Solar_Park
2023-06-04 09:00:00,28.9,61,988.0,0,18.4,451.0,340.2,232.0,219.0,27.5398,71.9153,Bhadla_Solar_Park
2023-06-04 10:00:00,30.9,55,988.3,0,15.5,618.0,424.3,278.0,340.0,27.5398,71.9153,Bhadla_Solar_Park
2023-06-04 11:00:00,33.0,47,987.9,0,13.3,746.0,475.8,310.0,436.0,27.5398,71.9153,Bhadla_Solar_Park
2023-06-04 12:00:00,34.3,41,987.6,0,14.1,820.0,502.6,327.0,493.0,27.5398,71.9153,Bhadla_Solar_Park
2023-06-04 13:00:00,35.1,38,986.8,0,14.1,829.0,505.7,328.0,501.0,27.5398,71.9153,Bhadla_Solar_Park
2023-06-04 14:00:00,35.6,36,985.8,0,12.4,776.0,487.8,315.0,461.0,27.5398,71.9153,Bhadla_Solar_Park
2023-06-04 15:00:00,35.9,36,984.9,0,10.5,664.0,444.0,288.0,376.0,27.5398,71.9153,Bhadla_Solar_Park
2023-06-04 16:00:00,35.7,36,984.3,28,9.8,509.0,374.1,246.0,263.0,27.5398,71.9153,Bhadla_Solar_Park
2023-06-04 17:00:00,33.7,39,985.2,20,14.5,296.0,212.1,185.0,111.0,27.5398,71.9153,Bhadla_Solar_Park
2023-06-04 18:00:00,32.3,50,985.2,0,9.0,159.0,128.1,118.0,41.0,27.5398,71.9153,Bhadla_Solar_Park
2023-06-04 19:00:00,32.8,39,985.4,1,1.3,38.0,31.3,34.0,4.0,27.5398,71.9153,Bhadla_Solar_Park
2023-06-04 20:00:00,29.7,57,985.8,2,14.2,0.0,0.0,0.0,0.0,27.5398,71.9153,Bhadla_Solar_Park
2023-06-04 21:00:00,27.7,67,986.5,2,17.6,0.0,0.0,0.0,0.0,27.5398,71.9153,Bhadla_Solar_Park
2023-06-04 22:00:00,27.1,67,986.6,0,16.2,0.0,0.0,0.0,0.0,27.5398,71.9153,Bhadla_Solar_Park
2023-06-04 23:00:00,26.7,66,986.2,0,13.5,0.0,0.0,0.0,0.0,27.5398,71.9153,Bhadla_Solar_Park
2023-06-05 00:00:00,26.1,68,985.8,0,11.7,0.0,0.0,0.0,0.0,27.5398,71.9153,Bhadla_Solar_Park
2023-06-05 01:00:00,25.6,71,985.6,0,10.0,0.0,0.0,0.0,0.0,27.5398,71.9153,Bhadla_Solar_Park
2023-06-05 02:00:00,25.4,70,985.3,0,11.1,0.0,0.0,0.0,0.0,27.5398,71.9153,Bhadla_Solar_Park
2023-06-05 03:00:00,25.1,72,985.3,0,11.3,0.0,0.0,0.0,0.0,27.5398,71.9153,Bhadla_Solar_Park
2023-06-05 04:00:00,24.9,76,985.4,0,12.1,0.0,0.0,0.0,0.0,27.5398,71.9153,Bhadla_Solar_Park
2023-06-05 05:00:00,24.6,81,985.5,0,9.0,0.0,0.0,0.0,0.0,27.5398,71.9153,Bhadla_Solar_Park
2023-06-05 06:00:00,25.6,77,986.2,0,8.1,15.0,11.1,14.0,1.0,27.5398,71.9153,Bhadla_Solar_Park
2023-06-05 07:00:00,27.4,69,986.8,0,5.5,109.0,81.3,89.0,20.0,27.5398,71.9153,Bhadla_Solar_Park
2023-06-05 08:00:00,29.8,59,986.9,0,5.9,267.0,217.9,168.0,99.0,27.5398,71.9153,Bhadla_Solar_Park
2023-06-05 09:00:00,32.2,47,987.2,0,7.3,450.0,338.7,232.0,218.0,27.5398,71.9153,Bhadla_Solar_Park
2023-06-05 10:00:00,33.7,41,987.2,0,4.2,618.0,424.3,278.0,340.0,27.5398,71.9153,Bhadla_Solar_Park
2023-06-05 11:00:00,35.0,37,986.8,0,3.6,748.0,479.1,309.0,439.0,27.5398,71.9153,Bhadla_Solar_Park
2023-06-05 12:00:00,36.1,34,986.1,0,4.7,823.0,506.6,326.0,497.0,27.5398,71.9153,Bhadla_Solar_Park
2023-06-05 13:00:00,37.2,31,985.0,28,5.8,832.0,508.6,328.0,504.0,27.5398,71.9153,Bhadla_Solar_Park
2023-06-05 14:00:00,37.6,29,984.1,60,3.3,723.0,412.5,333.0,390.0,27.5398,71.9153,Bhadla_Solar_Park
2023-06-05 15:00:00,37.7,29,983.6,100,7.1,607.0,349.3,311.0,296.0,27.5398,71.9153,Bhadla_Solar_Park
2023-06-05 16:00:00,34.6,36,984.1,45,11.2,412.0,223.0,255.0,157.0,27.5398,71.9153,Bhadla_Solar_Park
2023-06-05 17:00:00,36.6,29,983.2,80,16.6,225.0,120.1,162.0,63.0,27.5398,71.9153,Bhadla_Solar_Park
2023-06-05 18:00:00,37.6,27,983.2,38,6.0,137.0,90.2,108.0,29.0,27.5398,71.9153,Bhadla_Solar_Park
2023-06-05 19:00:00,35.1,34,983.3,41,9.6,31.0,23.3,28.0,3.0,27.5398,71.9153,Bhadla_Solar_Park
2023-06-05 20:00:00,33.2,42,983.6,12,7.4,0.0,0.0,0.0,0.0,27.5398,71.9153,Bhadla_Solar_Park
2023-06-05 21:00:00,32.3,40,984.4,28,11.7,0.0,0.0,0.0,0.0,27.5398,71.9153,Bhadla_Solar_Park
2023-06-05 22:00:00,31.5,40,984.9,4,11.6,0.0,0.0,0.0,0.0,27.5398,71.9153,Bhadla_Solar_Park
2023-06-05 23:00:00,30.3,47,984.6,0,9.4,0.0,0.0,0.0,0.0,27.5398,71.9153,Bhadla_Solar_Park
2023-06-06 00:00:00,29.4,54,984.2,0,9.6,0.0,0.0,0.0,0.0,27.5398,71.9153,Bhadla_Solar_Park
2023-06-06 01:00:00,28.9,59,983.8,0,11.9,0.0,0.0,0.0,0.0,27.5398,71.9153,Bhadla_Solar_Park
2023-06-06 02:00:00,28.4,61,983.5,0,12.7,0.0,0.0,0.0,0.0,27.5398,71.9153,Bhadla_Solar_Park
2023-06-06 03:00:00,28.0,63,983.7,0,11.6,0.0,0.0,0.0,0.0,27.5398,71.9153,Bhadla_Solar_Park
2023-06-06 04:00:00,27.5,66,984.0,0,10.5,0.0,0.0,0.0,0.0,27.5398,71.9153,Bhadla_Solar_Park
2023-06-06 05:00:00,27.7,62,984.5,0,16.4,0.0,0.0,0.0,0.0,27.5398,71.9153,Bhadla_Solar_Park
2023-06-06 06:00:00,28.1,58,984.9,0,16.4,15.0,11.0,14.0,1.0,27.5398,71.9153,Bhadla_Solar_Park
2023-06-06 07:00:00,29.2,53,985.5,0,13.3,110.0,85.3,89.0,21.0,27.5398,71.9153,Bhadla_Solar_Park
2023-06-06 08:00:00,31.5,45,985.9,0,16.3,269.0,222.3,168.0,101.0,27.5398,71.9153,Bhadla_Solar_Park
2023-06-06 09:00:00,34.4,39,986.2,0,18.6,453.0,343.3,232.0,221.0,27.5398,71.9153,Bhadla_Solar_Park
2023-06-06 10:00:00,37.0,33,986.1,0,18.7,622.0,429.3,278.0,344.0,27.5398,71.9153,Bhadla_Solar_Park
2023-06-06 11:00:00,38.9,26,985.5,0,16.7,752.0,483.4,309.0,443.0,27.5398,71.9153,Bhadla_Solar_Park
2023-06-06 12:00:00,40.1,21,985.1,24,13.8,829.0,513.7,325.0,504.0,27.5398,71.9153,Bhadla_Solar_Park
2023-06-06 13:00:00,41.3,18,983.8,28,14.1,771.0,434.8,340.0,431.0,27.5398,71.9153,Bhadla_Solar_Park
2023-06-06 14:00:00,42.1,16,982.9,59,19.2,765.0,465.2,325.0,440.0,27.5398,71.9153,Bhadla_Solar_Park
2023-06-06 15:00:00,40.8,18,982.4,41,26.8,578.0,320.7,306.0,272.0,27.5398,71.9153,Bhadla_Solar_Park
2023-06-06 16:00:00,40.6,17,982.3,28,18.9,499.0,340.5,259.0,240.0,27.5398,71.9153,Bhadla_Solar_Park
2023-06-06 17:00:00,39.6,19,982.8,6,11.2,278.0,186.5,180.0,98.0,27.5398,71.9153,Bhadla_Solar_Park
2023-06-06 18:00:00,38.0,22,983.3,93,24.7,125.0,71.3,102.0,23.0,27.5398,71.9153,Bhadla_Solar_Park
2023-06-06 19:00:00,34.8,36,983.8,87,24.7,30.0,15.5,28.0,2.0,27.5398,71.9153,Bhadla_Solar_Park
2023-06-06 20:00:00,34.1,39,984.5,28,13.0,0.0,0.0,0.0,0.0,27.5398,71.9153,Bhadla_Solar_Park
2023-06-06 21:00:00,33.1,44,984.8,2,8.3,0.0,0.0,0.0,0.0,27.5398,71.9153,Bhadla_Solar_Park
2023-06-06 22:00:00,32.4,46,984.5,33,12.3,0.0,0.0,0.0,0.0,27.5398,71.9153,Bhadla_Solar_Park
2023-06-06 23:00:00,32.0,47,984.0,0,13.3,0.0,0.0,0.0,0.0,27.5398,71.9153,Bhadla_Solar_Park
2023-06-07 00:00:00,31.3,48,983.8,0,13.0,0.0,0.0,0.0,0.0,27.5398,71.9153,Bhadla_Solar_Park
2023-06-07 01:00:00,30.6,51,983.6,0,12.8,0.0,0.0,0.0,0.0,27.5398,71.9153,Bhadla_Solar_Park
2023-06-07 02:00:00,30.0,54,983.0,0,13.3,0.0,0.0,0.0,0.0,27.5398,71.9153,Bhadla_Solar_Park
2023-06-07 03:00:00,29.6,55,983.0,0,14.2,0.0,0.0,0.0,0.0,27.5398,71.9153,Bhadla_Solar_Park
2023-06-07 04:00:00,29.2,57,983.5,0,13.6,0.0,0.0,0.0,0.0,27.5398,71.9153,Bhadla_Solar_Park
2023-06-07 05:00:00,25.7,69,985.2,0,9.3,0.0,0.0,0.0,0.0,27.5398,71.9153,Bhadla_Solar_Park
2023-06-07 06:00:00,26.5,64,985.7,24,7.7,15.0,11.0,14.0,1.0,27.5398,71.9153,Bhadla_Solar_Park
2023-06-07 07:00:00,28.2,56,985.5,5,8.6,109.0,81.2,89.0,20.0,27.5398,71.9153,Bhadla_Solar_Park
2023-06-07 08:00:00,30.6,48,985.2,2,11.0,276.0,228.9,172.0,104.0,27.5398,71.9153,Bhadla_Solar_Park
2023-06-07 09:00:00,33.0,41,985.5,0,8.6,447.0,337.2,230.0,217.0,27.5398,71.9153,Bhadla_Solar_Park
2023-06-07 10:00:00,34.8,37,985.3,0,5.7,615.0,421.9,277.0,338.0,27.5398,71.9153,Bhadla_Solar_Park
2023-06-07 11:00:00,37.1,30,984.9,0,6.4,744.0,475.8,308.0,436.0,27.5398,71.9153,Bhadla_Solar_Park
2023-06-07 12:00:00,39.1,24,984.4,0,7.9,820.0,505.5,324.0,496.0,27.5398,71.9153,Bhadla_Solar_Park
2023-06-07 13:00:00,40.4,22,983.5,0,8.3,835.0,512.4,327.0,508.0,27.5398,71.9153,Bhadla_Solar_Park
2023-06-07 14:00:00,41.3,20,982.4,19,9.0,780.0,489.3,317.0,463.0,27.5398,71.9153,Bhadla_Solar_Park
2023-06-07 15:00:00,42.1,18,981.9,93,10.0,642.0,417.1,288.0,354.0,27.5398,71.9153,Bhadla_Solar_Park
2023-06-07 16:00:00,39.2,26,981.7,97,28.7,359.0,182.8,230.0,129.0,27.5398,71.9153,Bhadla_Solar_Park
2023-06-07 17:00:00,41.7,16,981.8,66,7.6,231.0,81.7,188.0,43.0,27.5398,71.9153,Bhadla_Solar_Park
2023-06-07 18:00:00,41.0,17,981.8,17,7.8,141.0,105.0,107.0,34.0,27.5398,71.9153,Bhadla_Solar_Park
2023-06-07 19:00:00,38.9,21,982.6,12,10.9,38.0,30.8,34.0,4.0,27.5398,71.9153,Bhadla_Solar_Park
2023-06-07 20:00:00,37.4,23,983.4,2,12.0,0.0,0.0,0.0,0.0,27.5398,71.9153,Bhadla_Solar_Park
2023-06-07 21:00:00,35.9,28,984.0,14,9.5,0.0,0.0,0.0,0.0,27.5398,71.9153,Bhadla_Solar_Park
2023-06-07 22:00:00,34.2,33,984.8,0,6.8,0.0,0.0,0.0,0.0,27.5398,71.9153,Bhadla_Solar_Park
2023-06-07 23:00:00,33.2,34,984.9,0,7.4,0.0,0.0,0.0,0.0,27.5398,71.9153,Bhadla_Solar_Park
2023-06-08 00:00:00,32.7,37,984.3,0,5.3,0.0,0.0,0.0,0.0,27.5398,71.9153,Bhadla_Solar_Park
2023-06-08 01:00:00,31.9,38,983.8,0,8.3,0.0,0.0,0.0,0.0,27.5398,71.9153,Bhadla_Solar_Park
2023-06-08 02:00:00,31.6,40,983.6,0,10.9,0.0,0.0,0.0,0.0,27.5398,71.9153,Bhadla_Solar_Park
2023-06-08 03:00:00,30.6,48,983.7,0,11.2,0.0,0.0,0.0,0.0,27.5398,71.9153,Bhadla_Solar_Park
2023-06-08 04:00:00,30.1,53,984.0,0,10.1,0.0,0.0,0.0,0.0,27.5398,71.9153,Bhadla_Solar_Park
2023-06-08 05:00:00,30.5,58,984.9,0,10.1,0.0,0.0,0.0,0.0,27.5398,71.9153,Bhadla_Solar_Park
2023-06-08 06:00:00,31.1,57,985.4,0,13.6,14.0,11.0,13.0,1.0,27.5398,71.9153,Bhadla_Solar_Park
2023-06-08 07:00:00,31.9,56,985.8,0,14.2,107.0,81.2,87.0,20.0,27.5398,71.9153,Bhadla_Solar_Park
2023-06-08 08:00:00,33.2,56,986.0,0,16.4,263.0,213.5,166.0,97.0,27.5398,71.9153,Bhadla_Solar_Park
2023-06-08 09:00:00,35.5,50,986.3,0,18.2,444.0,334.1,229.0,215.0,27.5398,71.9153,Bhadla_Solar_Park
2023-06-08 10:00:00,38.1,38,986.1,0,17.1,610.0,418.2,275.0,335.0,27.5398,71.9153,Bhadla_Solar_Park
2023-06-08 11:00:00,40.3,27,985.4,16,17.8,739.0,472.6,306.0,433.0,27.5398,71.9153,Bhadla_Solar_Park
2023-06-08 12:00:00,41.5,23,984.7,31,18.1,755.0,435.2,328.0,427.0,27.5398,71.9153,Bhadla_Solar_Park
2023-06-08 13:00:00,42.3,22,984.1,96,24.8,781.0,442.7,342.0,439.0,27.5398,71.9153,Bhadla_Solar_Park
2023-06-08 14:00:00,41.0,21,983.6,47,26.8,431.0,141.6,297.0,134.0,27.5398,71.9153,Bhadla_Solar_Park
2023-06-08 15:00:00,40.6,20,983.2,40,29.3,512.0,239.0,309.0,203.0,27.5398,71.9153,Bhadla_Solar_Park
2023-06-08 16:00:00,41.1,17,982.3,18,19.6,444.0,284.6,243.0,201.0,27.5398,71.9153,Bhadla_Solar_Park
2023-06-08 17:00:00,41.2,16,981.9,11,13.7,310.0,238.8,184.0,126.0,27.5398,71.9153,Bhadla_Solar_Park
2023-06-08 18:00:00,39.3,24,982.3,16,18.7,153.0,116.9,115.0,38.0,27.5398,71.9153,Bhadla_Solar_Park
2023-06-08 19:00:00,38.0,27,982.6,14,13.5,38.0,30.7,34.0,4.0,27.5398,71.9153,Bhadla_Solar_Park
2023-06-08 20:00:00,36.6,32,982.8,18,14.1,0.0,0.0,0.0,0.0,27.5398,71.9153,Bhadla_Solar_Park
2023-06-08 21:00:00,35.7,37,983.4,0,12.2,0.0,0.0,0.0,0.0,27.5398,71.9153,Bhadla_Solar_Park
2023-06-08 22:00:00,34.8,41,983.3,0,14.3,0.0,0.0,0.0,0.0,27.5398,71.9153,Bhadla_Solar_Park
2023-06-08 23:00:00,34.0,43,982.8,0,17.0,0.0,0.0,0.0,0.0,27.5398,71.9153,Bhadla_Solar_Park
2023-06-09 00:00:00,33.3,45,982.2,0,19.3,0.0,0.0,0.0,0.0,27.5398,71.9153,Bhadla_Solar_Park
2023-06-09 01:00:00,32.7,48,982.0,0,21.0,0.0,0.0,0.0,0.0,27.5398,71.9153,Bhadla_Solar_Park
2023-06-09 02:00:00,32.5,52,981.9,0,24.8,0.0,0.0,0.0,0.0,27.5398,71.9153,Bhadla_Solar_Park
2023-06-09 03:00:00,31.7,56,982.1,0,26.3,0.0,0.0,0.0,0.0,27.5398,71.9153,Bhadla_Solar_Park
2023-06-09 04:00:00,30.6,61,982.2,0,26.7,0.0,0.0,0.0,0.0,27.5398,71.9153,Bhadla_Solar_Park
2023-06-09 05:00:00,29.8,64,982.4,0,25.2,0.0,0.0,0.0,0.0,27.5398,71.9153,Bhadla_Solar_Park
2023-06-09 06:00:00,30.1,65,983.4,0,19.7,15.0,11.0,14.0,1.0,27.5398,71.9153,Bhadla_Solar_Park
2023-06-09 07:00:00,30.6,64,983.9,0,19.6,109.0,85.3,88.0,21.0,27.5398,71.9153,Bhadla_Solar_Park
2023-06-09 08:00:00,31.9,60,984.0,0,19.4,266.0,218.0,167.0,99.0,27.5398,71.9153,Bhadla_Solar_Park
2023-06-09 09:00:00,33.9,53,983.9,0,18.8,448.0,338.9,230.0,218.0,27.5398,71.9153,Bhadla_Solar_Park
2023-06-09 10:00:00,35.9,46,983.6,0,20.7,618.0,427.0,276.0,342.0,27.5398,71.9153,Bhadla_Solar_Park
2023-06-09 11:00:00,37.6,39,983.1,0,22.3,748.0,481.4,307.0,441.0,27.5398,71.9153,Bhadla_Solar_Park
2023-06-09 12:00:00,39.0,33,982.3,0,23.6,824.0,509.6,324.0,500.0,27.5398,71.9153,Bhadla_Solar_Park
2023-06-09 13:00:00,40.2,27,981.5,0,24.3,837.0,516.3,325.0,512.0,27.5398,71.9153,Bhadla_Solar_Park
2023-06-09 14:00:00,40.9,25,980.3,0,24.9,789.0,501.6,314.0,475.0,27.5398,71.9153,Bhadla_Solar_Park
2023-06-09 15:00:00,41.4,24,979.4,0,24.8,680.0,462.4,287.0,393.0,27.5398,71.9153,Bhadla_Solar_Park
2023-06-09 16:00:00,41.4,23,978.6,0,24.4,524.0,390.3,248.0,276.0,27.5398,71.9153,Bhadla_Solar_Park
2023-06-09 17:00:00,41.2,22,978.3,0,23.0,342.0,283.8,192.0,150.0,27.5398,71.9153,Bhadla_Solar_Park
2023-06-09 18:00:00,39.2,29,979.7,0,18.7,166.0,137.9,121.0,45.0,27.5398,71.9153,Bhadla_Solar_Park
2023-06-09 19:00:00,38.4,31,979.9,0,14.0,41.0,38.2,36.0,5.0,27.5398,71.9153,Bhadla_Solar_Park
2023-06-09 20:00:00,37.4,33,979.9,3,14.4,0.0,0.0,0.0,0.0,27.5398,71.9153,Bhadla_Solar_Park
2023-06-09 21:00:00,36.5,37,980.5,1,14.0,0.0,0.0,0.0,0.0,27.5398,71.9153,Bhadla_Solar_Park
2023-06-09 22:00:00,35.7,40,980.4,0,16.4,0.0,0.0,0.0,0.0,27.5398,71.9153,Bhadla_Solar_Park
2023-06-09 23:00:00,35.2,42,980.0,0,20.7,0.0,0.0,0.0,0.0,27.5398,71.9153,Bhadla_Solar_Park
2023-06-10 00:00:00,34.6,46,979.2,0,25.3,0.0,0.0,0.0,0.0,27.5398,71.9153,Bhadla_Solar_Park
2023-06-10 01:00:00,33.8,49,979.1,0,24.9,0.0,0.0,0.0,0.0,27.5398,71.9153,Bhadla_Solar_Park
2023-06-10 02:00:00,32.8,51,979.5,0,23.5,0.0,0.0,0.0,0.0,27.5398,71.9153,Bhadla_Solar_Park
2023-06-10 03:00:00,31.7,55,980.0,0,24.2,0.0,0.0,0.0,0.0,27.5398,71.9153,Bhadla_Solar_Park
2023-06-10 04:00:00,30.8,60,980.3,0,21.6,0.0,0.0,0.0,0.0,27.5398,71.9153,Bhadla_Solar_Park
2023-06-10 05:00:00,30.7,61,980.5,0,20.9,0.0,0.0,0.0,0.0,27.5398,71.9153,Bhadla_Solar_Park
2023-06-10 06:00:00,30.2,63,981.4,0,21.9,15.0,11.0,14.0,1.0,27.5398,71.9153,Bhadla_Solar_Park
2023-06-10 07:00:00,30.2,60,981.9,0,24.7,110.0,85.3,89.0,21.0,27.5398,71.9153,Bhadla_Solar_Park
2023-06-10 08:00:00,31.0,56,981.8,0,28.2,270.0,224.7,168.0,102.0,27.5398,71.9153,Bhadla_Solar_Park
2023-06-10 09:00:00,32.4,52,982.0,0,29.2,454.0,346.8,231.0,223.0,27.5398,71.9153,Bhadla_Solar_Park
2023-06-10 10:00:00,34.6,44,982.1,0,29.8,623.0,433.4,276.0,347.0,27.5398,71.9153,Bhadla_Solar_Park
2023-06-10 11:00:00,37.0,36,981.9,0,33.2,753.0,486.9,307.0,446.0,27.5398,71.9153,Bhadla_Solar_Park
2023-06-10 12:00:00,39.1,28,981.0,0,35.1,829.0,514.7,324.0,505.0,27.5398,71.9153,Bhadla_Solar_Park
2023-06-10 13:00:00,40.6,23,980.0,0,34.8,842.0,521.2,325.0,517.0,27.5398,71.9153,Bhadla_Solar_Park
2023-06-10 14:00:00,41.5,21,978.7,0,34.5,791.0,504.6,313.0,478.0,27.5398,71.9153,Bhadla_Solar_Park
2023-06-10 15:00:00,42.0,19,977.8,0,33.9,682.0,465.6,286.0,396.0,27.5398,71.9153,Bhadla_Solar_Park
2023-06-10 16:00:00,42.1,19,977.5,0,32.0,526.0,394.1,247.0,279.0,27.5398,71.9153,Bhadla_Solar_Park
2023-06-10 17:00:00,39.1,25,978.5,0,26.9,342.0,283.2,192.0,150.0,27.5398,71.9153,Bhadla_Solar_Park
2023-06-10 18:00:00,38.9,25,979.0,0,23.1,166.0,140.5,120.0,46.0,27.5398,71.9153,Bhadla_Solar_Park
2023-06-10 19:00:00,38.2,27,978.8,1,22.7,41.0,38.0,36.0,5.0,27.5398,71.9153,Bhadla_Solar_Park
2023-06-10 20:00:00,37.3,29,979.1,13,24.2,0.0,0.0,0.0,0.0,27.5398,71.9153,Bhadla_Solar_Park
2023-06-10 21:00:00,36.7,30,979.8,2,18.3,0.0,0.0,0.0,0.0,27.5398,71.9153,Bhadla_Solar_Park
2023-06-10 22:00:00,35.8,32,980.0,0,16.7,0.0,0.0,0.0,0.0,27.5398,71.9153,Bhadla_Solar_Park
2023-06-10 23:00:00,35.1,34,979.5,0,18.5,0.0,0.0,0.0,0.0,27.5398,71.9153,Bhadla_Solar_Park
2023-06-11 00:00:00,34.2,36,979.3,11,17.1,0.0,0.0,0.0,0.0,27.5398,71.9153,Bhadla_Solar_Park
2023-06-11 01:00:00,33.5,39,978.8,0,17.6,0.0,0.0,0.0,0.0,27.5398,71.9153,Bhadla_Solar_Park
2023-06-11 02:00:00,32.9,43,979.1,0,17.0,0.0,0.0,0.0,0.0,27.5398,71.9153,Bhadla_Solar_Park
2023-06-11 03:00:00,32.1,45,979.4,0,15.0,0.0,0.0,0.0,0.0,27.5398,71.9153,Bhadla_Solar_Park
2023-06-11 04:00:00,31.4,46,979.5,0,17.7,0.0,0.0,0.0,0.0,27.5398,71.9153,Bhadla_Solar_Park
2023-06-11 05:00:00,30.6,56,981.0,0,16.5,0.0,0.0,0.0,0.0,27.5398,71.9153,Bhadla_Solar_Park
2023-06-11 06:00:00,30.1,58,981.5,0,19.0,15.0,11.0,14.0,1.0,27.5398,71.9153,Bhadla_Solar_Park
2023-06-11 07:00:00,31.1,56,981.9,0,21.0,108.0,81.3,88.0,20.0,27.5398,71.9153,Bhadla_Solar_Park
2023-06-11 08:00:00,32.3,52,982.2,3,26.0,263.0,213.8,166.0,97.0,27.5398,71.9153,Bhadla_Solar_Park
2023-06-11 09:00:00,33.9,49,982.4,1,27.0,443.0,332.9,229.0,214.0,27.5398,71.9153,Bhadla_Solar_Park
2023-06-11 10:00:00,35.7,43,982.3,0,29.4,610.0,419.8,274.0,336.0,27.5398,71.9153,Bhadla_Solar_Park
2023-06-11 11:00:00,37.5,37,981.9,0,29.9,738.0,472.8,305.0,433.0,27.5398,71.9153,Bhadla_Solar_Park
2023-06-11 12:00:00,39.1,32,981.2,0,29.0,815.0,502.4,322.0,493.0,27.5398,71.9153,Bhadla_Solar_Park
2023-06-11 13:00:00,40.3,28,980.3,1,28.8,830.0,510.0,324.0,506.0,27.5398,71.9153,Bhadla_Solar_Park
2023-06-11 14:00:00,41.0,25,979.2,12,27.8,773.0,485.4,313.0,460.0,27.5398,71.9153,Bhadla_Solar_Park
2023-06-11 15:00:00,41.4,24,978.4,20,26.1,634.0,411.3,284.0,350.0,27.5398,71.9153,Bhadla_Solar_Park
2023-06-11 16:00:00,41.5,23,977.8,12,25.4,485.0,328.7,252.0,233.0,27.5398,71.9153,Bhadla_Solar_Park
2023-06-11 17:00:00,40.0,25,979.1,7,24.5,322.0,250.7,189.0,133.0,27.5398,71.9153,Bhadla_Solar_Park
2023-06-11 18:00:00,39.6,25,979.5,2,22.4,149.0,112.6,112.0,37.0,27.5398,71.9153,Bhadla_Solar_Park
2023-06-11 19:00:00,38.8,26,979.7,13,19.0,40.0,37.8,35.0,5.0,27.5398,71.9153,Bhadla_Solar_Park
2023-06-11 20:00:00,37.9,28,980.0,6,18.7,0.0,0.0,0.0,0.0,27.5398,71.9153,Bhadla_Solar_Park
2023-06-11 21:00:00,36.9,29,980.3,5,15.8,0.0,0.0,0.0,0.0,27.5398,71.9153,Bhadla_Solar_Park
2023-06-11 22:00:00,35.9,31,980.6,3,14.3,0.0,0.0,0.0,0.0,27.5398,71.9153,Bhadla_Solar_Park
2023-06-11 23:00:00,35.1,33,980.8,2,14.5,0.0,0.0,0.0,0.0,27.5398,71.9153,Bhadla_Solar_Park
2023-06-12 00:00:00,34.5,35,980.3,4,15.8,0.0,0.0,0.0,0.0,27.5398,71.9153,Bhadla_Solar_Park
2023-06-12 01:00:00,33.7,38,979.7,14,17.4,0.0,0.0,0.0,0.0,27.5398,71.9153,Bhadla_Solar_Park
2023-06-12 02:00:00,33.6,39,979.7,1,24.5,0.0,0.0,0.0,0.0,27.5398,71.9153,Bhadla_Solar_Park
2023-06-12 03:00:00,32.9,40,980.1,1,26.1,0.0,0.0,0.0,0.0,27.5398,71.9153,Bhadla_Solar_Park
2023-06-12 04:00:00,32.3,43,980.5,1,29.0,0.0,0.0,0.0,0.0,27.5398,71.9153,Bhadla_Solar_Park
2023-06-12 05:00:00,31.5,46,980.8,1,22.9,0.0,0.0,0.0,0.0,27.5398,71.9153,Bhadla_Solar_Park
2023-06-12 06:00:00,31.2,47,981.5,0,23.0,14.0,11.1,13.0,1.0,27.5398,71.9153,Bhadla_Solar_Park
2023-06-12 07:00:00,31.9,46,982.0,0,23.8,107.0,81.4,87.0,20.0,27.5398,71.9153,Bhadla_Solar_Park
2023-06-12 08:00:00,33.0,43,982.3,0,26.9,262.0,211.8,166.0,96.0,27.5398,71.9153,Bhadla_Solar_Park
2023-06-12 09:00:00,34.5,38,982.6,0,28.6,444.0,334.7,229.0,215.0,27.5398,71.9153,Bhadla_Solar_Park
2023-06-12 10:00:00,36.3,33,982.4,0,29.1,613.0,421.2,276.0,337.0,27.5398,71.9153,Bhadla_Solar_Park
2023-06-12 11:00:00,37.9,30,981.7,0,29.4,744.0,477.3,307.0,437.0,27.5398,71.9153,Bhadla_Solar_Park
2023-06-12 12:00:00,39.5,25,981.1,0,28.1,822.0,507.6,324.0,498.0,27.5398,71.9153,Bhadla_Solar_Park
2023-06-12 13:00:00,40.7,23,980.3,0,27.2,836.0,514.0,326.0,510.0,27.5398,71.9153,Bhadla_Solar_Park
2023-06-12 14:00:00,41.4,21,979.6,0,25.1,786.0,497.9,314.0,472.0,27.5398,71.9153,Bhadla_Solar_Park
2023-06-12 15:00:00,41.8,20,978.8,3,24.3,677.0,456.8,288.0,389.0,27.5398,71.9153,Bhadla_Solar_Park
2023-06-12 16:00:00,41.8,20,978.7,18,24.6,495.0,353.7,244.0,251.0,27.5398,71.9153,Bhadla_Solar_Park
2023-06-12 17:00:00,40.3,21,979.0,14,19.3,315.0,240.8,187.0,128.0,27.5398,71.9153,Bhadla_Solar_Park
2023-06-12 18:00:00,39.8,21,979.1,0,18.9,167.0,139.5,121.0,46.0,27.5398,71.9153,Bhadla_Solar_Park
2023-06-12 19:00:00,38.7,24,979.5,0,17.4,42.0,37.6,37.0,5.0,27.5398,71.9153,Bhadla_Solar_Park
2023-06-12 20:00:00,37.4,30,980.1,0,20.5,0.0,0.0,0.0,0.0,27.5398,71.9153,Bhadla_Solar_Park
2023-06-12 21:00:00,36.8,31,980.8,0,23.2,0.0,0.0,0.0,0.0,27.5398,71.9153,Bhadla_Solar_Park
2023-06-12 22:00:00,36.1,30,981.2,0,20.5,0.0,0.0,0.0,0.0,27.5398,71.9153,Bhadla_Solar_Park
2023-06-12 23:00:00,35.1,33,981.5,0,18.5,0.0,0.0,0.0,0.0,27.5398,71.9153,Bhadla_Solar_Park
2023-06-13 00:00:00,34.1,39,981.3,0,27.4,0.0,0.0,0.0,0.0,27.5398,71.9153,Bhadla_Solar_Park
2023-06-13 01:00:00,32.9,46,981.0,0,28.1,0.0,0.0,0.0,0.0,27.5398,71.9153,Bhadla_Solar_Park
2023-06-13 02:00:00,32.2,48,980.9,0,26.5,0.0,0.0,0.0,0.0,27.5398,71.9153,Bhadla_Solar_Park
2023-06-13 03:00:00,31.4,51,981.1,0,23.7,0.0,0.0,0.0,0.0,27.5398,71.9153,Bhadla_Solar_Park
2023-06-13 04:00:00,30.7,53,981.4,0,22.6,0.0,0.0,0.0,0.0,27.5398,71.9153,Bhadla_Solar_Park
2023-06-13 05:00:00,30.5,56,981.5,0,18.6,0.0,0.0,0.0,0.0,27.5398,71.9153,Bhadla_Solar_Park
2023-06-13 06:00:00,30.3,57,982.0,0,17.6,15.0,11.1,14.0,1.0,27.5398,71.9153,Bhadla_Solar_Park
2023-06-13 07:00:00,31.2,54,982.5,0,17.1,108.0,81.5,88.0,20.0,27.5398,71.9153,Bhadla_Solar_Park
2023-06-13 08:00:00,32.6,50,983.2,0,23.0,264.0,214.2,167.0,97.0,27.5398,71.9153,Bhadla_Solar_Park
2023-06-13 09:00:00,34.2,46,983.5,0,24.3,443.0,333.3,229.0,214.0,27.5398,71.9153,Bhadla_Solar_Park
2023-06-13 10:00:00,36.1,40,983.1,0,24.0,609.0,416.4,276.0,333.0,27.5398,71.9153,Bhadla_Solar_Park
2023-06-13 11:00:00,37.9,34,982.7,0,24.1,738.0,470.8,307.0,431.0,27.5398,71.9153,Bhadla_Solar_Park
2023-06-13 12:00:00,39.3,30,982.0,0,24.5,813.0,498.4,324.0,489.0,27.5398,71.9153,Bhadla_Solar_Park
2023-06-13 13:00:00,40.4,27,981.0,1,25.0,826.0,502.8,327.0,499.0,27.5398,71.9153,Bhadla_Solar_Park
2023-06-13 14:00:00,41.1,24,979.7,11,24.7,761.0,473.4,312.0,449.0,27.5398,71.9153,Bhadla_Solar_Park
2023-06-13 15:00:00,41.2,24,978.6,16,23.7,590.0,374.3,271.0,319.0,27.5398,71.9153,Bhadla_Solar_Park
2023-06-13 16:00:00,41.2,24,978.4,7,25.6,479.0,335.0,241.0,238.0,27.5398,71.9153,Bhadla_Solar_Park
2023-06-13 17:00:00,38.6,30,979.3,2,20.4,324.0,255.4,188.0,136.0,27.5398,71.9153,Bhadla_Solar_Park
2023-06-13 18:00:00,38.5,31,979.2,8,19.2,157.0,123.9,116.0,41.0,27.5398,71.9153,Bhadla_Solar_Park
2023-06-13 19:00:00,37.7,32,979.5,24,21.4,40.0,30.0,36.0,4.0,27.5398,71.9153,Bhadla_Solar_Park
2023-06-13 20:00:00,37.2,34,979.7,6,17.1,0.0,0.0,0.0,0.0,27.5398,71.9153,Bhadla_Solar_Park
2023-06-13 21:00:00,36.6,35,980.6,7,17.9,0.0,0.0,0.0,0.0,27.5398,71.9153,Bhadla_Solar_Park
2023-06-13 22:00:00,35.9,39,981.0,9,25.1,0.0,0.0,0.0,0.0,27.5398,71.9153,Bhadla_Solar_Park
2023-06-13 23:00:00,34.6,44,981.3,3,31.9,0.0,0.0,0.0,0.0,27.5398,71.9153,Bhadla_Solar_Park
2023-06-14 00:00:00,33.6,46,981.2,2,27.5,0.0,0.0,0.0,0.0,27.5398,71.9153,Bhadla_Solar_Park
2023-06-14 01:00:00,33.0,48,980.9,1,25.5,0.0,0.0,0.0,0.0,27.5398,71.9153,Bhadla_Solar_Park
2023-06-14 02:00:00,32.1,50,980.9,13,26.6,0.0,0.0,0.0,0.0,27.5398,71.9153,Bhadla_Solar_Park
2023-06-14 03:00:00,31.5,52,981.1,7,25.3,0.0,0.0,0.0,0.0,27.5398,71.9153,Bhadla_Solar_Park
2023-06-14 04:00:00,31.0,54,981.4,0,25.0,0.0,0.0,0.0,0.0,27.5398,71.9153,Bhadla_Solar_Park
2023-06-14 05:00:00,31.1,58,982.0,78,21.6,0.0,0.0,0.0,0.0,27.5398,71.9153,Bhadla_Solar_Park
2023-06-14 06:00:00,30.8,61,982.7,0,23.5,14.0,11.1,13.0,1.0,27.5398,71.9153,Bhadla_Solar_Park
2023-06-14 07:00:00,31.2,59,983.0,0,27.7,104.0,73.5,86.0,18.0,27.5398,71.9153,Bhadla_Solar_Park
2023-06-14 08:00:00,32.0,56,983.4,8,28.0,256.0,201.1,165.0,91.0,27.5398,71.9153,Bhadla_Solar_Park
2023-06-14 09:00:00,33.3,50,983.6,26,27.4,432.0,317.9,228.0,204.0,27.5398,71.9153,Bhadla_Solar_Park
2023-06-14 10:00:00,34.7,45,983.6,45,30.4,596.0,400.3,276.0,320.0,27.5398,71.9153,Bhadla_Solar_Park
2023-06-14 11:00:00,36.2,40,983.1,1,30.1,725.0,455.6,308.0,417.0,27.5398,71.9153,Bhadla_Solar_Park
2023-06-14 12:00:00,37.4,37,982.5,6,28.2,798.0,482.1,325.0,473.0,27.5398,71.9153,Bhadla_Solar_Park
2023-06-14 13:00:00,38.2,34,981.6,9,28.7,799.0,473.6,329.0,470.0,27.5398,71.9153,Bhadla_Solar_Park
2023-06-14 14:00:00,38.9,33,980.5,8,27.6,742.0,450.1,315.0,427.0,27.5398,71.9153,Bhadla_Solar_Park
2023-06-14 15:00:00,39.7,31,979.7,6,27.6,651.0,425.7,288.0,363.0,27.5398,71.9153,Bhadla_Solar_Park
2023-06-14 16:00:00,39.7,30,979.1,6,28.1,496.0,348.7,248.0,248.0,27.5398,71.9153,Bhadla_Solar_Park
2023-06-14 17:00:00,37.7,34,980.2,15,26.2,310.0,232.4,186.0,124.0,27.5398,71.9153,Bhadla_Solar_Park
2023-06-14 18:00:00,37.2,33,980.0,0,23.5,157.0,117.5,118.0,39.0,27.5398,71.9153,Bhadla_Solar_Park
2023-06-14 19:00:00,36.6,34,980.3,3,24.3,41.0,29.9,37.0,4.0,27.5398,71.9153,Bhadla_Solar_Park
2023-06-14 20:00:00,36.0,35,980.5,1,21.2,0.0,0.0,0.0,0.0,27.5398,71.9153,Bhadla_Solar_Park
2023-06-14 21:00:00,35.7,35,981.0,3,23.3,0.0,0.0,0.0,0.0,27.5398,71.9153,Bhadla_Solar_Park
2023-06-14 22:00:00,34.8,39,981.8,2,27.7,0.0,0.0,0.0,0.0,27.5398,71.9153,Bhadla_Solar_Park
2023-06-14 23:00:00,33.9,43,982.2,2,24.8,0.0,0.0,0.0,0.0,27.5398,71.9153,Bhadla_Solar_Park
2023-06-15 00:00:00,33.2,46,982.2,3,25.6,0.0,0.0,0.0,0.0,27.5398,71.9153,Bhadla_Solar_Park
2023-06-15 01:00:00,32.5,49,982.0,7,22.7,0.0,0.0,0.0,0.0,27.5398,71.9153,Bhadla_Solar_Park
2023-06-15 02:00:00,31.9,50,981.8,2,21.1,0.0,0.0,0.0,0.0,27.5398,71.9153,Bhadla_Solar_Park
2023-06-15 03:00:00,31.1,52,981.7,1,17.6,0.0,0.0,0.0,0.0,27.5398,71.9153,Bhadla_Solar_Park
2023-06-15 04:00:00,30.5,54,982.0,0,18.4,0.0,0.0,0.0,0.0,27.5398,71.9153,Bhadla_Solar_Park
2023-06-15 05:00:00,30.0,57,982.2,0,21.1,0.0,0.0,0.0,0.0,27.5398,71.9153,Bhadla_Solar_Park
2023-06-15 06:00:00,29.6,60,982.9,1,23.8,14.0,11.1,13.0,1.0,27.5398,71.9153,Bhadla_Solar_Park
2023-06-15 07:00:00,30.0,59,983.4,1,20.7,104.0,73.6,86.0,18.0,27.5398,71.9153,Bhadla_Solar_Park
2023-06-15 08:00:00,30.9,57,983.9,2,20.5,254.0,194.7,166.0,88.0,27.5398,71.9153,Bhadla_Solar_Park
2023-06-15 09:00:00,32.2,53,984.1,15,24.1,428.0,311.9,228.0,200.0,27.5398,71.9153,Bhadla_Solar_Park
2023-06-15 10:00:00,33.9,46,983.7,3,22.8,561.0,354.2,278.0,283.0,27.5398,71.9153,Bhadla_Solar_Park
2023-06-15 11:00:00,35.5,41,983.0,3,24.2,718.0,448.1,308.0,410.0,27.5398,71.9153,Bhadla_Solar_Park
2023-06-15 12:00:00,36.9,38,982.4,7,24.7,790.0,472.0,327.0,463.0,27.5398,71.9153,Bhadla_Solar_Park
2023-06-15 13:00:00,37.4,36,981.5,23,25.1,788.0,459.4,332.0,456.0,27.5398,71.9153,Bhadla_Solar_Park
2023-06-15 14:00:00,37.9,35,980.8,17,21.6,701.0,409.9,312.0,389.0,27.5398,71.9153,Bhadla_Solar_Park
2023-06-15 15:00:00,38.7,32,979.9,27,23.7,613.0,376.2,292.0,321.0,27.5398,71.9153,Bhadla_Solar_Park
2023-06-15 16:00:00,38.4,32,979.4,10,25.6,478.0,318.9,251.0,227.0,27.5398,71.9153,Bhadla_Solar_Park
2023-06-15 17:00:00,37.0,35,979.8,52,17.9,321.0,237.6,194.0,127.0,27.5398,71.9153,Bhadla_Solar_Park
2023-06-15 18:00:00,36.8,34,980.0,100,19.2,118.0,42.0,104.0,14.0,27.5398,71.9153,Bhadla_Solar_Park
2023-06-15 19:00:00,32.2,57,980.8,82,42.4,28.0,0.0,28.0,0.0,27.5398,71.9153,Bhadla_Solar_Park
2023-06-15 20:00:00,29.2,64,981.8,67,39.5,0.0,0.0,0.0,0.0,27.5398,71.9153,Bhadla_Solar_Park
2023-06-15 21:00:00,28.4,69,982.4,100,23.4,0.0,0.0,0.0,0.0,27.5398,71.9153,Bhadla_Solar_Park
2023-06-15 22:00:00,28.8,71,983.3,100,18.0,0.0,0.0,0.0,0.0,27.5398,71.9153,Bhadla_Solar_Park
2023-06-15 23:00:00,28.3,71,982.9,100,21.4,0.0,0.0,0.0,0.0,27.5398,71.9153,Bhadla_Solar_Park
2023-06-16 00:00:00,28.1,73,982.3,92,20.2,0.0,0.0,0.0,0.0,27.5398,71.9153,Bhadla_Solar_Park
2023-06-16 01:00:00,27.5,77,981.4,100,20.5,0.0,0.0,0.0,0.0,27.5398,71.9153,Bhadla_Solar_Park
2023-06-16 02:00:00,27.5,78,981.2,100,15.3,0.0,0.0,0.0,0.0,27.5398,71.9153,Bhadla_Solar_Park
2023-06-16 03:00:00,27.2,80,980.9,100,16.0,0.0,0.0,0.0,0.0,27.5398,71.9153,Bhadla_Solar_Park
2023-06-16 04:00:00,27.0,81,980.9,100,15.8,0.0,0.0,0.0,0.0,27.5398,71.9153,Bhadla_Solar_Park
2023-06-16 05:00:00,29.0,71,981.4,100,19.6,0.0,0.0,0.0,0.0,27.5398,71.9153,Bhadla_Solar_Park
2023-06-16 06:00:00,28.8,70,981.9,99,22.8,6.0,0.0,6.0,0.0,27.5398,71.9153,Bhadla_Solar_Park
2023-06-16 07:00:00,28.3,73,982.0,100,18.7,48.0,8.2,46.0,2.0,27.5398,71.9153,Bhadla_Solar_Park
2023-06-16 08:00:00,28.5,73,982.5,100,15.5,85.0,8.9,81.0,4.0,27.5398,71.9153,Bhadla_Solar_Park
2023-06-16 09:00:00,29.1,72,982.9,100,15.3,117.0,1.6,116.0,1.0,27.5398,71.9153,Bhadla_Solar_Park
2023-06-16 10:00:00,30.4,65,982.7,100,18.4,222.0,35.1,194.0,28.0,27.5398,71.9153,Bhadla_Solar_Park
2023-06-16 11:00:00,30.5,62,982.3,100,15.1,247.0,17.5,231.0,16.0,27.5398,71.9153,Bhadla_Solar_Park
2023-06-16 12:00:00,32.8,55,981.7,16,17.0,515.0,180.4,338.0,177.0,27.5398,71.9153,Bhadla_Solar_Park
2023-06-16 13:00:00,33.0,53,981.3,37,25.6,589.0,268.0,323.0,266.0,27.5398,71.9153,Bhadla_Solar_Park
2023-06-16 14:00:00,33.9,49,979.8,43,20.9,615.0,327.6,304.0,311.0,27.5398,71.9153,Bhadla_Solar_Park
2023-06-16 15:00:00,34.8,46,979.0,77,17.3,647.0,408.7,298.0,349.0,27.5398,71.9153,Bhadla_Solar_Park
2023-06-16 16:00:00,35.3,44,978.3,100,18.1,353.0,172.6,230.0,123.0,27.5398,71.9153,Bhadla_Solar_Park
2023-06-16 17:00:00,34.3,47,979.0,100,13.6,233.0,95.3,182.0,51.0,27.5398,71.9153,Bhadla_Solar_Park
2023-06-16 18:00:00,33.4,51,979.3,71,16.2,134.0,74.8,109.0,25.0,27.5398,71.9153,Bhadla_Solar_Park
2023-06-16 19:00:00,32.0,56,980.0,100,26.3,35.0,22.2,32.0,3.0,27.5398,71.9153,Bhadla_Solar_Park
2023-06-16 20:00:00,29.3,73,980.5,100,22.3,0.0,0.0,0.0,0.0,27.5398,71.9153,Bhadla_Solar_Park
2023-06-16 21:00:00,28.5,76,980.6,100,21.8,0.0,0.0,0.0,0.0,27.5398,71.9153,Bhadla_Solar_Park
2023-06-16 22:00:00,28.1,78,980.8,100,20.2,0.0,0.0,0.0,0.0,27.5398,71.9153,Bhadla_Solar_Park
2023-06-16 23:00:00,27.5,81,980.4,100,21.7,0.0,0.0,0.0,0.0,27.5398,71.9153,Bhadla_Solar_Park
2023-06-17 00:00:00,26.9,83,979.9,100,19.4,0.0,0.0,0.0,0.0,27.5398,71.9153,Bhadla_Solar_Park
2023-06-17 01:00:00,26.6,89,979.2,100,15.9,0.0,0.0,0.0,0.0,27.5398,71.9153,Bhadla_Solar_Park
2023-06-17 02:00:00,26.5,86,978.3,100,18.6,0.0,0.0,0.0,0.0,27.5398,71.9153,Bhadla_Solar_Park
2023-06-17 03:00:00,26.3,87,977.9,100,20.7,0.0,0.0,0.0,0.0,27.5398,71.9153,Bhadla_Solar_Park
2023-06-17 04:00:00,26.2,87,977.8,74,21.6,0.0,0.0,0.0,0.0,27.5398,71.9153,Bhadla_Solar_Park
2023-06-17 05:00:00,28.1,76,979.0,100,23.5,0.0,0.0,0.0,0.0,27.5398,71.9153,Bhadla_Solar_Park
2023-06-17 06:00:00,28.1,77,979.2,100,18.8,10.0,0.0,10.0,0.0,27.5398,71.9153,Bhadla_Solar_Park
2023-06-17 07:00:00,28.2,76,979.5,100,20.2,27.0,0.0,27.0,0.0,27.5398,71.9153,Bhadla_Solar_Park
2023-06-17 08:00:00,28.1,74,980.2,100,25.2,81.0,0.0,81.0,0.0,27.5398,71.9153,Bhadla_Solar_Park
2023-06-17 09:00:00,27.7,77,980.7,100,22.3,115.0,3.1,113.0,2.0,27.5398,71.9153,Bhadla_Solar_Park
2023-06-17 10:00:00,28.2,77,980.6,100,26.7,186.0,10.0,178.0,8.0,27.5398,71.9153,Bhadla_Solar_Park
2023-06-17 11:00:00,29.0,73,980.0,100,26.2,286.0,16.4,271.0,15.0,27.5398,71.9153,Bhadla_Solar_Park
2023-06-17 12:00:00,29.5,71,979.5,100,25.8,198.0,11.2,187.0,11.0,27.5398,71.9153,Bhadla_Solar_Park
2023-06-17 13:00:00,29.3,74,979.1,100,28.2,330.0,44.3,286.0,44.0,27.5398,71.9153,Bhadla_Solar_Park
2023-06-17 14:00:00,28.1,79,978.2,100,27.0,88.0,0.0,88.0,0.0,27.5398,71.9153,Bhadla_Solar_Park
2023-06-17 15:00:00,27.6,81,977.8,100,26.9,104.0,1.2,103.0,1.0,27.5398,71.9153,Bhadla_Solar_Park
2023-06-17 16:00:00,27.1,85,977.4,100,24.6,52.0,0.0,52.0,0.0,27.5398,71.9153,Bhadla_Solar_Park
2023-06-17 17:00:00,29.2,75,977.8,100,23.5,50.0,0.0,50.0,0.0,27.5398,71.9153,Bhadla_Solar_Park
2023-06-17 18:00:00,28.3,82,978.8,100,24.4,39.0,0.0,39.0,0.0,27.5398,71.9153,Bhadla_Solar_Park
2023-06-17 19:00:00,27.4,85,978.9,100,23.4,9.0,0.0,9.0,0.0,27.5398,71.9153,Bhadla_Solar_Park
2023-06-17 20:00:00,27.1,87,979.2,100,21.7,0.0,0.0,0.0,0.0,27.5398,71.9153,Bhadla_Solar_Park
2023-06-17 21:00:00,27.0,88,979.6,100,23.2,0.0,0.0,0.0,0.0,27.5398,71.9153,Bhadla_Solar_Park
2023-06-17 22:00:00,26.7,88,980.2,100,21.9,0.0,0.0,0.0,0.0,27.5398,71.9153,Bhadla_Solar_Park
2023-06-17 23:00:00,26.6,89,980.0,100,20.5,0.0,0.0,0.0,0.0,27.5398,71.9153,Bhadla_Solar_Park
2023-06-18 00:00:00,26.5,90,979.6,100,19.2,0.0,0.0,0.0,0.0,27.5398,71.9153,Bhadla_Solar_Park
2023-06-18 01:00:00,26.4,91,979.0,100,17.7,0.0,0.0,0.0,0.0,27.5398,71.9153,Bhadla_Solar_Park
2023-06-18 02:00:00,26.3,91,978.8,100,16.6,0.0,0.0,0.0,0.0,27.5398,71.9153,Bhadla_Solar_Park
2023-06-18 03:00:00,26.2,91,978.9,100,14.3,0.0,0.0,0.0,0.0,27.5398,71.9153,Bhadla_Solar_Park
2023-06-18 04:00:00,26.1,92,979.4,100,15.2,0.0,0.0,0.0,0.0,27.5398,71.9153,Bhadla_Solar_Park
2023-06-18 05:00:00,27.0,90,979.5,100,18.2,0.0,0.0,0.0,0.0,27.5398,71.9153,Bhadla_Solar_Park
2023-06-18 06:00:00,27.1,90,980.4,100,16.7,3.0,0.0,3.0,0.0,27.5398,71.9153,Bhadla_Solar_Park
2023-06-18 07:00:00,27.3,90,980.6,100,16.8,39.0,0.0,39.0,0.0,27.5398,71.9153,Bhadla_Solar_Park
2023-06-18 08:00:00,27.8,88,981.0,7,19.1,119.0,11.1,114.0,5.0,27.5398,71.9153,Bhadla_Solar_Park
2023-06-18 09:00:00,28.7,83,981.9,32,17.1,278.0,98.5,215.0,63.0,27.5398,71.9153,Bhadla_Solar_Park
2023-06-18 10:00:00,29.6,78,982.1,100,17.0,444.0,198.1,286.0,158.0,27.5398,71.9153,Bhadla_Solar_Park
2023-06-18 11:00:00,30.2,76,981.7,100,19.1,416.0,87.5,336.0,80.0,27.5398,71.9153,Bhadla_Solar_Park
2023-06-18 12:00:00,30.4,74,981.4,100,19.1,315.0,15.3,300.0,15.0,27.5398,71.9153,Bhadla_Solar_Park
2023-06-18 13:00:00,30.2,73,980.8,100,20.5,302.0,44.3,258.0,44.0,27.5398,71.9153,Bhadla_Solar_Park
2023-06-18 14:00:00,29.8,75,980.1,100,14.8,193.0,0.0,193.0,0.0,27.5398,71.9153,Bhadla_Solar_Park
2023-06-18 15:00:00,29.8,75,979.8,100,11.8,240.0,2.3,238.0,2.0,27.5398,71.9153,Bhadla_Solar_Park
2023-06-18 16:00:00,29.7,75,979.6,100,9.1,190.0,12.6,181.0,9.0,27.5398,71.9153,Bhadla_Solar_Park
2023-06-18 17:00:00,31.9,66,979.2,95,11.7,164.0,54.0,135.0,29.0,27.5398,71.9153,Bhadla_Solar_Park
2023-06-18 18:00:00,30.7,75,979.5,4,9.3,152.0,110.1,115.0,37.0,27.5398,71.9153,Bhadla_Solar_Park
2023-06-18 19:00:00,29.2,83,979.7,3,8.3,40.0,29.4,36.0,4.0,27.5398,71.9153,Bhadla_Solar_Park
2023-06-18 20:00:00,28.6,85,980.4,5,9.8,0.0,0.0,0.0,0.0,27.5398,71.9153,Bhadla_Solar_Park
2023-06-18 21:00:00,28.3,87,981.3,2,8.4,0.0,0.0,0.0,0.0,27.5398,71.9153,Bhadla_Solar_Park
2023-06-18 22:00:00,28.0,88,981.5,0,9.3,0.0,0.0,0.0,0.0,27.5398,71.9153,Bhadla_Solar_Park
2023-06-18 23:00:00,27.9,88,981.1,0,9.2,0.0,0.0,0.0,0.0,27.5398,71.9153,Bhadla_Solar_Park
2023-06-19 00:00:00,27.3,89,980.8,0,15.8,0.0,0.0,0.0,0.0,27.5398,71.9153,Bhadla_Solar_Park
2023-06-19 01:00:00,27.4,86,980.3,0,12.0,0.0,0.0,0.0,0.0,27.5398,71.9153,Bhadla_Solar_Park
2023-06-19 02:00:00,27.3,85,980.3,0,15.5,0.0,0.0,0.0,0.0,27.5398,71.9153,Bhadla_Solar_Park
2023-06-19 03:00:00,27.4,90,980.5,0,17.7,0.0,0.0,0.0,0.0,27.5398,71.9153,Bhadla_Solar_Park
2023-06-19 04:00:00,27.1,90,980.9,0,17.1,0.0,0.0,0.0,0.0,27.5398,71.9153,Bhadla_Solar_Park
2023-06-19 05:00:00,27.0,89,981.1,0,14.2,0.0,0.0,0.0,0.0,27.5398,71.9153,Bhadla_Solar_Park
2023-06-19 06:00:00,26.9,89,981.7,20,10.8,13.0,11.3,12.0,1.0,27.5398,71.9153,Bhadla_Solar_Park
2023-06-19 07:00:00,27.5,87,982.4,0,9.6,103.0,74.3,85.0,18.0,27.5398,71.9153,Bhadla_Solar_Park
2023-06-19 08:00:00,28.5,84,982.6,0,12.9,254.0,200.2,164.0,90.0,27.5398,71.9153,Bhadla_Solar_Park
2023-06-19 09:00:00,29.8,80,982.5,6,12.9,430.0,319.3,226.0,204.0,27.5398,71.9153,Bhadla_Solar_Park
2023-06-19 10:00:00,31.4,76,982.7,9,11.7,596.0,405.1,273.0,323.0,27.5398,71.9153,Bhadla_Solar_Park
2023-06-19 11:00:00,32.8,71,982.5,0,14.1,722.0,456.3,305.0,417.0,27.5398,71.9153,Bhadla_Solar_Park
2023-06-19 12:00:00,33.8,67,982.2,0,15.3,795.0,480.3,324.0,471.0,27.5398,71.9153,Bhadla_Solar_Park
2023-06-19 13:00:00,34.7,64,981.2,1,15.3,806.0,484.4,325.0,481.0,27.5398,71.9153,Bhadla_Solar_Park
2023-06-19 14:00:00,35.2,61,980.5,20,17.3,731.0,445.1,308.0,423.0,27.5398,71.9153,Bhadla_Solar_Park
2023-06-19 15:00:00,35.4,60,979.8,25,19.6,586.0,356.6,281.0,305.0,27.5398,71.9153,Bhadla_Solar_Park
2023-06-19 16:00:00,35.4,59,979.2,13,20.6,421.0,272.8,226.0,195.0,27.5398,71.9153,Bhadla_Solar_Park
2023-06-19 17:00:00,35.5,57,978.9,12,16.8,305.0,219.4,187.0,118.0,27.5398,71.9153,Bhadla_Solar_Park
2023-06-19 18:00:00,34.0,63,979.0,3,20.0,158.0,118.7,118.0,40.0,27.5398,71.9153,Bhadla_Solar_Park
2023-06-19 19:00:00,32.5,68,979.0,2,25.3,43.0,29.3,39.0,4.0,27.5398,71.9153,Bhadla_Solar_Park
2023-06-19 20:00:00,31.5,72,979.4,3,26.6,0.0,0.0,0.0,0.0,27.5398,71.9153,Bhadla_Solar_Park
2023-06-19 21:00:00,30.8,75,979.8,1,25.0,0.0,0.0,0.0,0.0,27.5398,71.9153,Bhadla_Solar_Park
2023-06-19 22:00:00,30.4,76,980.3,11,25.6,0.0,0.0,0.0,0.0,27.5398,71.9153,Bhadla_Solar_Park
2023-06-19 23:00:00,29.7,79,980.1,0,27.4,0.0,0.0,0.0,0.0,27.5398,71.9153,Bhadla_Solar_Park
2023-06-20 00:00:00,29.0,80,979.7,0,28.2,0.0,0.0,0.0,0.0,27.5398,71.9153,Bhadla_Solar_Park
2023-06-20 01:00:00,28.3,82,979.3,0,28.6,0.0,0.0,0.0,0.0,27.5398,71.9153,Bhadla_Solar_Park
2023-06-20 02:00:00,27.6,83,979.5,0,26.9,0.0,0.0,0.0,0.0,27.5398,71.9153,Bhadla_Solar_Park
2023-06-20 03:00:00,27.2,84,979.9,0,26.4,0.0,0.0,0.0,0.0,27.5398,71.9153,Bhadla_Solar_Park
2023-06-20 04:00:00,26.7,85,980.2,0,24.1,0.0,0.0,0.0,0.0,27.5398,71.9153,Bhadla_Solar_Park
2023-06-20 05:00:00,27.6,84,980.2,0,23.7,0.0,0.0,0.0,0.0,27.5398,71.9153,Bhadla_Solar_Park
2023-06-20 06:00:00,27.5,85,980.8,1,20.5,13.0,11.3,12.0,1.0,27.5398,71.9153,Bhadla_Solar_Park
2023-06-20 07:00:00,27.9,84,981.3,0,18.7,103.0,74.5,85.0,18.0,27.5398,71.9153,Bhadla_Solar_Park
2023-06-20 08:00:00,28.8,79,981.7,0,22.0,254.0,202.7,163.0,91.0,27.5398,71.9153,Bhadla_Solar_Park
2023-06-20 09:00:00,30.3,73,982.3,0,18.2,432.0,321.1,227.0,205.0,27.5398,71.9153,Bhadla_Solar_Park
2023-06-20 10:00:00,31.5,70,982.3,0,19.7,596.0,405.4,273.0,323.0,27.5398,71.9153,Bhadla_Solar_Park
2023-06-20 11:00:00,33.0,64,981.5,0,21.7,725.0,460.9,304.0,421.0,27.5398,71.9153,Bhadla_Solar_Park
2023-06-20 12:00:00,34.7,57,980.9,57,22.7,804.0,492.7,321.0,483.0,27.5398,71.9153,Bhadla_Solar_Park
2023-06-20 13:00:00,36.0,52,980.3,72,24.0,821.0,499.5,325.0,496.0,27.5398,71.9153,Bhadla_Solar_Park
2023-06-20 14:00:00,36.8,48,979.3,11,25.7,773.0,483.9,313.0,460.0,27.5398,71.9153,Bhadla_Solar_Park
2023-06-20 15:00:00,37.2,47,978.8,9,26.7,667.0,445.2,286.0,381.0,27.5398,71.9153,Bhadla_Solar_Park
2023-06-20 16:00:00,36.9,48,978.2,9,28.6,515.0,374.6,247.0,268.0,27.5398,71.9153,Bhadla_Solar_Park
2023-06-20 17:00:00,36.3,47,979.0,53,26.4,326.0,256.2,188.0,138.0,27.5398,71.9153,Bhadla_Solar_Park
2023-06-20 18:00:00,35.3,50,979.3,12,24.9,164.0,130.3,120.0,44.0,27.5398,71.9153,Bhadla_Solar_Park
2023-06-20 19:00:00,33.8,56,979.9,11,21.1,43.0,36.5,38.0,5.0,27.5398,71.9153,Bhadla_Solar_Park
2023-06-20 20:00:00,32.4,61,980.5,3,21.4,0.0,0.0,0.0,0.0,27.5398,71.9153,Bhadla_Solar_Park
2023-06-20 21:00:00,31.2,67,981.2,4,23.7,0.0,0.0,0.0,0.0,27.5398,71.9153,Bhadla_Solar_Park
2023-06-20 22:00:00,30.2,72,981.5,1,25.5,0.0,0.0,0.0,0.0,27.5398,71.9153,Bhadla_Solar_Park
2023-06-20 23:00:00,29.5,75,981.6,1,25.5,0.0,0.0,0.0,0.0,27.5398,71.9153,Bhadla_Solar_Park
2023-06-21 00:00:00,28.9,78,981.6,0,26.4,0.0,0.0,0.0,0.0,27.5398,71.9153,Bhadla_Solar_Park
2023-06-21 01:00:00,28.4,79,981.6,0,27.6,0.0,0.0,0.0,0.0,27.5398,71.9153,Bhadla_Solar_Park
2023-06-21 02:00:00,27.9,79,981.2,0,28.3,0.0,0.0,0.0,0.0,27.5398,71.9153,Bhadla_Solar_Park
2023-06-21 03:00:00,27.2,81,981.1,0,29.5,0.0,0.0,0.0,0.0,27.5398,71.9153,Bhadla_Solar_Park
2023-06-21 04:00:00,26.6,83,981.2,0,27.7,0.0,0.0,0.0,0.0,27.5398,71.9153,Bhadla_Solar_Park
2023-06-21 05:00:00,26.9,85,981.8,0,23.6,0.0,0.0,0.0,0.0,27.5398,71.9153,Bhadla_Solar_Park
2023-06-21 06:00:00,26.9,85,982.4,0,22.5,13.0,11.4,12.0,1.0,27.5398,71.9153,Bhadla_Solar_Park
2023-06-21 07:00:00,27.6,81,982.8,3,24.0,104.0,74.8,86.0,18.0,27.5398,71.9153,Bhadla_Solar_Park
2023-06-21 08:00:00,28.8,74,983.0,4,25.5,257.0,203.0,166.0,91.0,27.5398,71.9153,Bhadla_Solar_Park
2023-06-21 09:00:00,30.4,67,982.9,0,25.3,435.0,321.4,230.0,205.0,27.5398,71.9153,Bhadla_Solar_Park
2023-06-21 10:00:00,32.4,59,982.9,0,23.9,606.0,415.7,275.0,331.0,27.5398,71.9153,Bhadla_Solar_Park
2023-06-21 11:00:00,34.2,53,982.5,0,23.1,738.0,473.1,306.0,432.0,27.5398,71.9153,Bhadla_Solar_Park
2023-06-21 12:00:00,35.8,48,981.9,0,24.6,816.0,501.9,324.0,492.0,27.5398,71.9153,Bhadla_Solar_Park
2023-06-21 13:00:00,36.8,46,981.1,0,27.3,832.0,509.5,326.0,506.0,27.5398,71.9153,Bhadla_Solar_Park
2023-06-21 14:00:00,37.4,44,980.2,0,28.5,784.0,493.2,315.0,469.0,27.5398,71.9153,Bhadla_Solar_Park
2023-06-21 15:00:00,37.8,42,979.6,0,29.3,676.0,453.1,288.0,388.0,27.5398,71.9153,Bhadla_Solar_Park
2023-06-21 16:00:00,37.6,42,979.1,0,30.1,523.0,382.7,249.0,274.0,27.5398,71.9153,Bhadla_Solar_Park
2023-06-21 17:00:00,37.5,41,979.8,0,25.3,344.0,276.2,195.0,149.0,27.5398,71.9153,Bhadla_Solar_Park
2023-06-21 18:00:00,36.3,45,980.0,0,26.4,171.0,138.8,124.0,47.0,27.5398,71.9153,Bhadla_Solar_Park
2023-06-21 19:00:00,34.7,51,980.6,0,26.9,46.0,36.4,41.0,5.0,27.5398,71.9153,Bhadla_Solar_Park
2023-06-21 20:00:00,33.6,54,981.1,1,27.2,0.0,0.0,0.0,0.0,27.5398,71.9153,Bhadla_Solar_Park
2023-06-21 21:00:00,32.5,59,981.6,1,26.5,0.0,0.0,0.0,0.0,27.5398,71.9153,Bhadla_Solar_Park
2023-06-21 22:00:00,31.6,62,982.1,49,25.3,0.0,0.0,0.0,0.0,27.5398,71.9153,Bhadla_Solar_Park
2023-06-21 23:00:00,31.0,64,982.1,56,25.9,0.0,0.0,0.0,0.0,27.5398,71.9153,Bhadla_Solar_Park
2023-06-22 00:00:00,30.5,66,981.8,0,27.1,0.0,0.0,0.0,0.0,27.5398,71.9153,Bhadla_Solar_Park
2023-06-22 01:00:00,29.9,68,981.7,0,26.4,0.0,0.0,0.0,0.0,27.5398,71.9153,Bhadla_Solar_Park
2023-06-22 02:00:00,29.3,70,981.4,1,25.8,0.0,0.0,0.0,0.0,27.5398,71.9153,Bhadla_Solar_Park
2023-06-22 03:00:00,28.6,74,981.6,85,26.4,0.0,0.0,0.0,0.0,27.5398,71.9153,Bhadla_Solar_Park
2023-06-22 04:00:00,28.0,79,982.3,81,24.7,0.0,0.0,0.0,0.0,27.5398,71.9153,Bhadla_Solar_Park
2023-06-22 05:00:00,28.4,83,982.6,76,23.2,0.0,0.0,0.0,0.0,27.5398,71.9153,Bhadla_Solar_Park
2023-06-22 06:00:00,28.3,84,983.0,68,23.4,13.0,11.4,12.0,1.0,27.5398,71.9153,Bhadla_Solar_Park
2023-06-22 07:00:00,28.8,81,983.7,85,23.8,103.0,75.0,85.0,18.0,27.5398,71.9153,Bhadla_Solar_Park
2023-06-22 08:00:00,30.1,73,984.0,65,23.8,255.0,201.1,165.0,90.0,27.5398,71.9153,Bhadla_Solar_Park
2023-06-22 09:00:00,31.9,62,983.8,96,26.0,435.0,324.9,228.0,207.0,27.5398,71.9153,Bhadla_Solar_Park
2023-06-22 10:00:00,33.9,51,983.2,100,26.4,606.0,414.7,276.0,330.0,27.5398,71.9153,Bhadla_Solar_Park
2023-06-22 11:00:00,35.8,44,982.6,92,26.8,741.0,474.4,308.0,433.0,27.5398,71.9153,Bhadla_Solar_Park
2023-06-22 12:00:00,37.4,40,982.1,9,27.9,821.0,506.1,325.0,496.0,27.5398,71.9153,Bhadla_Solar_Park
2023-06-22 13:00:00,38.5,37,981.3,4,28.1,836.0,512.5,327.0,509.0,27.5398,71.9153,Bhadla_Solar_Park
2023-06-22 14:00:00,39.2,36,980.5,6,28.4,787.0,496.3,315.0,472.0,27.5398,71.9153,Bhadla_Solar_Park
2023-06-22 15:00:00,39.3,36,979.8,0,30.3,677.0,452.9,289.0,388.0,27.5398,71.9153,Bhadla_Solar_Park
2023-06-22 16:00:00,39.0,37,979.4,5,31.1,523.0,381.0,250.0,273.0,27.5398,71.9153,Bhadla_Solar_Park
2023-06-22 17:00:00,38.3,40,979.9,86,25.0,345.0,275.9,196.0,149.0,27.5398,71.9153,Bhadla_Solar_Park
2023-06-22 18:00:00,37.5,42,980.0,0,25.8,171.0,138.5,124.0,47.0,27.5398,71.9153,Bhadla_Solar_Park
2023-06-22 19:00:00,36.0,46,980.3,0,28.2,46.0,36.3,41.0,5.0,27.5398,71.9153,Bhadla_Solar_Park
2023-06-22 20:00:00,34.8,50,980.5,0,27.2,0.0,0.0,0.0,0.0,27.5398,71.9153,Bhadla_Solar_Park
2023-06-22 21:00:00,33.7,54,980.5,1,26.1,0.0,0.0,0.0,0.0,27.5398,71.9153,Bhadla_Solar_Park
2023-06-22 22:00:00,32.9,57,981.1,76,27.6,0.0,0.0,0.0,0.0,27.5398,71.9153,Bhadla_Solar_Park
2023-06-22 23:00:00,32.2,60,981.7,14,28.1,0.0,0.0,0.0,0.0,27.5398,71.9153,Bhadla_Solar_Park
2023-06-23 00:00:00,31.3,64,981.7,0,28.9,0.0,0.0,0.0,0.0,27.5398,71.9153,Bhadla_Solar_Park
2023-06-23 01:00:00,30.7,66,981.3,0,27.6,0.0,0.0,0.0,0.0,27.5398,71.9153,Bhadla_Solar_Park
2023-06-23 02:00:00,30.1,68,981.2,0,26.5,0.0,0.0,0.0,0.0,27.5398,71.9153,Bhadla_Solar_Park
2023-06-23 03:00:00,29.5,68,981.2,1,25.6,0.0,0.0,0.0,0.0,27.5398,71.9153,Bhadla_Solar_Park
2023-06-23 04:00:00,28.9,70,981.8,1,23.4,0.0,0.0,0.0,0.0,27.5398,71.9153,Bhadla_Solar_Park
2023-06-23 05:00:00,29.4,70,981.9,0,20.9,0.0,0.0,0.0,0.0,27.5398,71.9153,Bhadla_Solar_Park
2023-06-23 06:00:00,29.1,71,982.6,1,20.1,13.0,11.5,12.0,1.0,27.5398,71.9153,Bhadla_Solar_Park
2023-06-23 07:00:00,29.6,70,982.8,0,20.9,101.0,71.1,84.0,17.0,27.5398,71.9153,Bhadla_Solar_Park
2023-06-23 08:00:00,30.8,65,983.2,0,22.9,252.0,199.2,163.0,89.0,27.5398,71.9153,Bhadla_Solar_Park
2023-06-23 09:00:00,32.7,57,983.2,9,24.7,429.0,320.5,225.0,204.0,27.5398,71.9153,Bhadla_Solar_Park
2023-06-23 10:00:00,34.5,49,982.9,3,25.0,596.0,407.4,272.0,324.0,27.5398,71.9153,Bhadla_Solar_Park
2023-06-23 11:00:00,36.3,41,982.5,41,25.9,728.0,464.7,304.0,424.0,27.5398,71.9153,Bhadla_Solar_Park
2023-06-23 12:00:00,37.7,36,981.9,46,27.1,807.0,494.9,322.0,485.0,27.5398,71.9153,Bhadla_Solar_Park
2023-06-23 13:00:00,39.0,33,981.1,39,28.1,824.0,502.4,325.0,499.0,27.5398,71.9153,Bhadla_Solar_Park
2023-06-23 14:00:00,39.9,31,980.4,0,29.4,777.0,487.7,313.0,464.0,27.5398,71.9153,Bhadla_Solar_Park
2023-06-23 15:00:00,40.2,30,979.4,0,29.5,670.0,446.8,287.0,383.0,27.5398,71.9153,Bhadla_Solar_Park
2023-06-23 16:00:00,40.3,30,978.8,0,28.0,519.0,379.3,247.0,272.0,27.5398,71.9153,Bhadla_Solar_Park
2023-06-23 17:00:00,39.5,31,979.5,0,22.7,342.0,275.6,193.0,149.0,27.5398,71.9153,Bhadla_Solar_Park
2023-06-23 18:00:00,38.4,35,979.5,0,23.9,170.0,138.2,123.0,47.0,27.5398,71.9153,Bhadla_Solar_Park
2023-06-23 19:00:00,37.4,38,979.7,0,23.6,46.0,36.2,41.0,5.0,27.5398,71.9153,Bhadla_Solar_Park
2023-06-23 20:00:00,36.4,42,980.3,0,22.2,0.0,0.0,0.0,0.0,27.5398,71.9153,Bhadla_Solar_Park
2023-06-23 21:00:00,35.1,46,980.6,0,25.1,0.0,0.0,0.0,0.0,27.5398,71.9153,Bhadla_Solar_Park
2023-06-23 22:00:00,33.7,53,981.1,86,27.9,0.0,0.0,0.0,0.0,27.5398,71.9153,Bhadla_Solar_Park
2023-06-23 23:00:00,32.8,57,981.4,21,28.0,0.0,0.0,0.0,0.0,27.5398,71.9153,Bhadla_Solar_Park
2023-06-24 00:00:00,31.5,63,981.6,0,29.4,0.0,0.0,0.0,0.0,27.5398,71.9153,Bhadla_Solar_Park
2023-06-24 01:00:00,30.4,67,980.9,0,27.2,0.0,0.0,0.0,0.0,27.5398,71.9153,Bhadla_Solar_Park
2023-06-24 02:00:00,30.0,69,980.5,0,26.3,0.0,0.0,0.0,0.0,27.5398,71.9153,Bhadla_Solar_Park
2023-06-24 03:00:00,29.6,70,980.6,0,24.1,0.0,0.0,0.0,0.0,27.5398,71.9153,Bhadla_Solar_Park
2023-06-24 04:00:00,29.1,72,980.5,0,23.5,0.0,0.0,0.0,0.0,27.5398,71.9153,Bhadla_Solar_Park
2023-06-24 05:00:00,29.4,71,980.8,0,18.6,0.0,0.0,0.0,0.0,27.5398,71.9153,Bhadla_Solar_Park
2023-06-24 06:00:00,29.3,71,981.1,77,16.6,13.0,11.5,12.0,1.0,27.5398,71.9153,Bhadla_Solar_Park
2023-06-24 07:00:00,29.7,70,981.8,100,18.4,103.0,75.5,85.0,18.0,27.5398,71.9153,Bhadla_Solar_Park
2023-06-24 08:00:00,30.8,65,982.3,100,19.1,256.0,206.3,164.0,92.0,27.5398,71.9153,Bhadla_Solar_Park
2023-06-24 09:00:00,32.5,58,982.1,5,20.6,435.0,327.2,227.0,208.0,27.5398,71.9153,Bhadla_Solar_Park
2023-06-24 10:00:00,34.5,50,981.6,5,21.4,606.0,419.0,273.0,333.0,27.5398,71.9153,Bhadla_Solar_Park
2023-06-24 11:00:00,36.4,43,981.4,32,23.0,738.0,475.8,304.0,434.0,27.5398,71.9153,Bhadla_Solar_Park
2023-06-24 12:00:00,38.2,36,980.7,56,24.1,815.0,504.2,321.0,494.0,27.5398,71.9153,Bhadla_Solar_Park
2023-06-24 13:00:00,39.7,31,979.8,53,25.4,831.0,509.4,325.0,506.0,27.5398,71.9153,Bhadla_Solar_Park
2023-06-24 14:00:00,40.7,29,978.7,21,25.1,783.0,495.0,312.0,471.0,27.5398,71.9153,Bhadla_Solar_Park
2023-06-24 15:00:00,41.2,28,978.0,82,23.5,677.0,455.9,286.0,391.0,27.5398,71.9153,Bhadla_Solar_Park
2023-06-24 16:00:00,41.2,28,977.2,65,22.7,523.0,384.6,247.0,276.0,27.5398,71.9153,Bhadla_Solar_Park
2023-06-24 17:00:00,40.8,29,977.5,75,22.5,345.0,280.8,193.0,152.0,27.5398,71.9153,Bhadla_Solar_Park
2023-06-24 18:00:00,40.2,29,977.8,89,21.9,172.0,140.9,124.0,48.0,27.5398,71.9153,Bhadla_Solar_Park
2023-06-24 19:00:00,39.2,32,978.4,24,21.0,46.0,36.1,41.0,5.0,27.5398,71.9153,Bhadla_Solar_Park
2023-06-24 20:00:00,37.9,35,979.2,74,21.8,0.0,0.0,0.0,0.0,27.5398,71.9153,Bhadla_Solar_Park
2023-06-24 21:00:00,36.8,39,980.1,97,25.0,0.0,0.0,0.0,0.0,27.5398,71.9153,Bhadla_Solar_Park
2023-06-24 22:00:00,35.4,44,980.2,93,26.3,0.0,0.0,0.0,0.0,27.5398,71.9153,Bhadla_Solar_Park
2023-06-24 23:00:00,34.2,49,980.4,97,26.5,0.0,0.0,0.0,0.0,27.5398,71.9153,Bhadla_Solar_Park
2023-06-25 00:00:00,33.3,53,980.1,97,27.1,0.0,0.0,0.0,0.0,27.5398,71.9153,Bhadla_Solar_Park
2023-06-25 01:00:00,32.5,57,979.6,95,26.5,0.0,0.0,0.0,0.0,27.5398,71.9153,Bhadla_Solar_Park
2023-06-25 02:00:00,31.9,59,979.0,66,24.6,0.0,0.0,0.0,0.0,27.5398,71.9153,Bhadla_Solar_Park
2023-06-25 03:00:00,31.6,60,978.9,21,24.2,0.0,0.0,0.0,0.0,27.5398,71.9153,Bhadla_Solar_Park
2023-06-25 04:00:00,30.9,64,979.6,82,24.2,0.0,0.0,0.0,0.0,27.5398,71.9153,Bhadla_Solar_Park
2023-06-25 05:00:00,30.8,66,980.2,94,18.7,0.0,0.0,0.0,0.0,27.5398,71.9153,Bhadla_Solar_Park
2023-06-25 06:00:00,30.6,68,980.8,95,17.4,13.0,11.6,12.0,1.0,27.5398,71.9153,Bhadla_Solar_Park
2023-06-25 07:00:00,31.2,66,981.3,100,17.9,100.0,71.6,83.0,17.0,27.5398,71.9153,Bhadla_Solar_Park
2023-06-25 08:00:00,32.4,62,981.6,100,17.6,250.0,197.7,162.0,88.0,27.5398,71.9153,Bhadla_Solar_Park
2023-06-25 09:00:00,34.2,53,981.6,4,18.8,428.0,321.2,224.0,204.0,27.5398,71.9153,Bhadla_Solar_Park
2023-06-25 10:00:00,36.2,44,981.2,6,18.0,595.0,409.2,270.0,325.0,27.5398,71.9153,Bhadla_Solar_Park
2023-06-25 11:00:00,38.2,37,980.5,36,20.5,725.0,464.0,302.0,423.0,27.5398,71.9153,Bhadla_Solar_Park
2023-06-25 12:00:00,39.7,32,980.1,89,22.4,803.0,493.0,320.0,483.0,27.5398,71.9153,Bhadla_Solar_Park
2023-06-25 13:00:00,40.8,30,979.4,38,23.0,817.0,498.3,322.0,495.0,27.5398,71.9153,Bhadla_Solar_Park
2023-06-25 14:00:00,41.1,29,978.7,67,23.5,657.0,368.8,306.0,351.0,27.5398,71.9153,Bhadla_Solar_Park
2023-06-25 15:00:00,41.0,30,977.9,74,24.3,545.0,321.7,269.0,276.0,27.5398,71.9153,Bhadla_Solar_Park
2023-06-25 16:00:00,40.4,31,977.8,86,26.3,452.0,293.8,241.0,211.0,27.5398,71.9153,Bhadla_Solar_Park
2023-06-25 17:00:00,39.5,32,977.5,98,18.7,302.0,204.9,191.0,111.0,27.5398,71.9153,Bhadla_Solar_Park
2023-06-25 18:00:00,39.2,33,978.0,83,17.0,168.0,131.9,123.0,45.0,27.5398,71.9153,Bhadla_Solar_Park
2023-06-25 19:00:00,38.3,35,978.5,61,18.4,40.0,28.8,36.0,4.0,27.5398,71.9153,Bhadla_Solar_Park
2023-06-25 20:00:00,37.0,39,979.4,96,26.1,0.0,0.0,0.0,0.0,27.5398,71.9153,Bhadla_Solar_Park
2023-06-25 21:00:00,35.1,46,980.7,94,32.6,0.0,0.0,0.0,0.0,27.5398,71.9153,Bhadla_Solar_Park
2023-06-25 22:00:00,33.9,49,981.0,95,33.5,0.0,0.0,0.0,0.0,27.5398,71.9153,Bhadla_Solar_Park
2023-06-25 23:00:00,33.3,52,981.0,95,33.2,0.0,0.0,0.0,0.0,27.5398,71.9153,Bhadla_Solar_Park
2023-06-26 00:00:00,32.0,60,980.9,100,30.3,0.0,0.0,0.0,0.0,27.5398,71.9153,Bhadla_Solar_Park
2023-06-26 01:00:00,31.2,63,980.4,100,26.7,0.0,0.0,0.0,0.0,27.5398,71.9153,Bhadla_Solar_Park
2023-06-26 02:00:00,30.9,65,980.2,100,23.1,0.0,0.0,0.0,0.0,27.5398,71.9153,Bhadla_Solar_Park
2023-06-26 03:00:00,31.1,61,980.3,100,27.3,0.0,0.0,0.0,0.0,27.5398,71.9153,Bhadla_Solar_Park
2023-06-26 04:00:00,30.9,62,980.4,94,25.8,0.0,0.0,0.0,0.0,27.5398,71.9153,Bhadla_Solar_Park
2023-06-26 05:00:00,30.1,66,980.5,74,21.9,0.0,0.0,0.0,0.0,27.5398,71.9153,Bhadla_Solar_Park
2023-06-26 06:00:00,30.0,67,980.8,92,19.7,12.0,0.0,12.0,0.0,27.5398,71.9153,Bhadla_Solar_Park
2023-06-26 07:00:00,30.8,64,982.0,100,18.5,99.0,71.9,82.0,17.0,27.5398,71.9153,Bhadla_Solar_Park
2023-06-26 08:00:00,31.9,60,982.5,100,17.4,247.0,191.3,162.0,85.0,27.5398,71.9153,Bhadla_Solar_Park
2023-06-26 09:00:00,33.6,51,982.4,100,17.8,414.0,286.9,232.0,182.0,27.5398,71.9153,Bhadla_Solar_Park
2023-06-26 10:00:00,35.3,45,982.4,78,17.9,575.0,365.4,285.0,290.0,27.5398,71.9153,Bhadla_Solar_Park
2023-06-26 11:00:00,36.8,40,982.3,47,16.2,720.0,455.4,305.0,415.0,27.5398,71.9153,Bhadla_Solar_Park
2023-06-26 12:00:00,38.1,36,981.6,11,15.3,797.0,483.9,323.0,474.0,27.5398,71.9153,Bhadla_Solar_Park
2023-06-26 13:00:00,39.1,33,980.7,9,15.1,814.0,492.3,325.0,489.0,27.5398,71.9153,Bhadla_Solar_Park
2023-06-26 14:00:00,40.0,31,979.3,1,15.6,769.0,480.1,312.0,457.0,27.5398,71.9153,Bhadla_Solar_Park
2023-06-26 15:00:00,40.5,30,978.3,10,16.9,659.0,434.6,286.0,373.0,27.5398,71.9153,Bhadla_Solar_Park
2023-06-26 16:00:00,40.5,30,977.7,32,16.7,496.0,347.9,246.0,250.0,27.5398,71.9153,Bhadla_Solar_Park
2023-06-26 17:00:00,39.0,33,978.4,100,10.7,312.0,226.8,189.0,123.0,27.5398,71.9153,Bhadla_Solar_Park
2023-06-26 18:00:00,38.7,33,978.8,100,11.7,152.0,114.1,113.0,39.0,27.5398,71.9153,Bhadla_Solar_Park
2023-06-26 19:00:00,38.4,33,979.2,34,11.8,35.0,14.4,33.0,2.0,27.5398,71.9153,Bhadla_Solar_Park
2023-06-26 20:00:00,36.7,40,980.7,69,13.7,0.0,0.0,0.0,0.0,27.5398,71.9153,Bhadla_Solar_Park
2023-06-26 21:00:00,35.7,43,981.5,50,12.8,0.0,0.0,0.0,0.0,27.5398,71.9153,Bhadla_Solar_Park
2023-06-26 22:00:00,35.0,44,982.1,35,13.7,0.0,0.0,0.0,0.0,27.5398,71.9153,Bhadla_Solar_Park
2023-06-26 23:00:00,33.1,53,982.0,37,17.2,0.0,0.0,0.0,0.0,27.5398,71.9153,Bhadla_Solar_Park
2023-06-27 00:00:00,32.9,55,981.6,12,18.6,0.0,0.0,0.0,0.0,27.5398,71.9153,Bhadla_Solar_Park
2023-06-27 01:00:00,32.5,55,981.0,12,22.7,0.0,0.0,0.0,0.0,27.5398,71.9153,Bhadla_Solar_Park
2023-06-27 02:00:00,31.9,58,980.6,2,23.1,0.0,0.0,0.0,0.0,27.5398,71.9153,Bhadla_Solar_Park
2023-06-27 03:00:00,31.4,60,980.5,1,22.2,0.0,0.0,0.0,0.0,27.5398,71.9153,Bhadla_Solar_Park
2023-06-27 04:00:00,30.9,64,980.5,2,19.9,0.0,0.0,0.0,0.0,27.5398,71.9153,Bhadla_Solar_Park
2023-06-27 05:00:00,28.8,81,981.3,1,13.7,0.0,0.0,0.0,0.0,27.5398,71.9153,Bhadla_Solar_Park
2023-06-27 06:00:00,28.4,84,982.1,100,5.9,9.0,0.0,9.0,0.0,27.5398,71.9153,Bhadla_Solar_Park
2023-06-27 07:00:00,28.7,84,982.0,76,15.6,64.0,17.0,60.0,4.0,27.5398,71.9153,Bhadla_Solar_Park
2023-06-27 08:00:00,28.8,80,982.3,100,13.6,165.0,85.7,127.0,38.0,27.5398,71.9153,Bhadla_Solar_Park
2023-06-27 09:00:00,29.4,78,982.6,100,12.2,217.0,78.9,167.0,50.0,27.5398,71.9153,Bhadla_Solar_Park
2023-06-27 10:00:00,31.0,73,982.7,37,11.5,550.0,325.3,292.0,258.0,27.5398,71.9153,Bhadla_Solar_Park
2023-06-27 11:00:00,32.8,66,982.4,82,12.2,667.0,372.1,328.0,339.0,27.5398,71.9153,Bhadla_Solar_Park
2023-06-27 12:00:00,34.0,60,981.9,15,12.1,721.0,362.5,366.0,355.0,27.5398,71.9153,Bhadla_Solar_Park
2023-06-27 13:00:00,34.8,57,981.0,15,11.3,784.0,444.0,343.0,441.0,27.5398,71.9153,Bhadla_Solar_Park
2023-06-27 14:00:00,35.1,58,980.0,30,11.4,720.0,403.3,336.0,384.0,27.5398,71.9153,Bhadla_Solar_Park
2023-06-27 15:00:00,35.2,57,979.3,28,11.9,577.0,323.8,299.0,278.0,27.5398,71.9153,Bhadla_Solar_Park
2023-06-27 16:00:00,35.4,56,978.6,25,10.6,454.0,276.8,255.0,199.0,27.5398,71.9153,Bhadla_Solar_Park
2023-06-27 17:00:00,37.1,42,978.5,13,14.4,309.0,222.9,188.0,121.0,27.5398,71.9153,Bhadla_Solar_Park
2023-06-27 18:00:00,31.9,66,979.8,100,19.6,124.0,43.8,109.0,15.0,27.5398,71.9153,Bhadla_Solar_Park
2023-06-27 19:00:00,30.8,70,980.4,100,11.7,32.0,0.0,32.0,0.0,27.5398,71.9153,Bhadla_Solar_Park
2023-06-27 20:00:00,31.0,69,980.8,100,10.8,0.0,0.0,0.0,0.0,27.5398,71.9153,Bhadla_Solar_Park
2023-06-27 21:00:00,31.3,70,981.8,91,11.6,0.0,0.0,0.0,0.0,27.5398,71.9153,Bhadla_Solar_Park
2023-06-27 22:00:00,30.6,70,982.6,100,18.8,0.0,0.0,0.0,0.0,27.5398,71.9153,Bhadla_Solar_Park
2023-06-27 23:00:00,30.1,72,982.3,99,17.1,0.0,0.0,0.0,0.0,27.5398,71.9153,Bhadla_Solar_Park
2023-06-28 00:00:00,29.5,75,982.1,100,12.6,0.0,0.0,0.0,0.0,27.5398,71.9153,Bhadla_Solar_Park
2023-06-28 01:00:00,29.1,76,981.7,81,13.9,0.0,0.0,0.0,0.0,27.5398,71.9153,Bhadla_Solar_Park
2023-06-28 02:00:00,28.7,76,981.3,2,13.6,0.0,0.0,0.0,0.0,27.5398,71.9153,Bhadla_Solar_Park
2023-06-28 03:00:00,28.5,78,981.2,49,12.1,0.0,0.0,0.0,0.0,27.5398,71.9153,Bhadla_Solar_Park
2023-06-28 04:00:00,28.3,80,981.6,2,10.2,0.0,0.0,0.0,0.0,27.5398,71.9153,Bhadla_Solar_Park
2023-06-28 05:00:00,28.5,83,981.6,6,15.2,0.0,0.0,0.0,0.0,27.5398,71.9153,Bhadla_Solar_Park
2023-06-28 06:00:00,28.4,84,982.1,20,13.3,12.0,0.0,12.0,0.0,27.5398,71.9153,Bhadla_Solar_Park
2023-06-28 07:00:00,29.1,80,982.8,31,11.6,95.0,63.9,80.0,15.0,27.5398,71.9153,Bhadla_Solar_Park
2023-06-28 08:00:00,30.2,75,983.0,28,8.0,233.0,164.9,160.0,73.0,27.5398,71.9153,Bhadla_Solar_Park
2023-06-28 09:00:00,31.8,68,983.3,17,9.0,404.0,284.4,224.0,180.0,27.5398,71.9153,Bhadla_Solar_Park
2023-06-28 10:00:00,33.4,62,983.3,4,9.2,570.0,379.8,269.0,301.0,27.5398,71.9153,Bhadla_Solar_Park
2023-06-28 11:00:00,35.1,54,983.0,9,8.5,703.0,438.2,304.0,399.0,27.5398,71.9153,Bhadla_Solar_Park
2023-06-28 12:00:00,36.7,47,982.5,12,6.0,786.0,473.9,322.0,464.0,27.5398,71.9153,Bhadla_Solar_Park
2023-06-28 13:00:00,37.8,43,981.5,9,4.7,777.0,456.1,324.0,453.0,27.5398,71.9153,Bhadla_Solar_Park
2023-06-28 14:00:00,38.6,40,980.6,10,6.3,713.0,426.4,307.0,406.0,27.5398,71.9153,Bhadla_Solar_Park
2023-06-28 15:00:00,39.1,38,979.8,17,7.9,601.0,365.6,287.0,314.0,27.5398,71.9153,Bhadla_Solar_Park
2023-06-28 16:00:00,39.0,38,979.3,42,8.5,458.0,300.3,242.0,216.0,27.5398,71.9153,Bhadla_Solar_Park
2023-06-28 17:00:00,37.6,38,980.1,35,11.3,313.0,226.5,190.0,123.0,27.5398,71.9153,Bhadla_Solar_Park
2023-06-28 18:00:00,31.9,61,980.5,28,2.3,107.0,52.6,89.0,18.0,27.5398,71.9153,Bhadla_Solar_Park
2023-06-28 19:00:00,31.7,62,980.9,97,4.9,38.0,21.5,35.0,3.0,27.5398,71.9153,Bhadla_Solar_Park
2023-06-28 20:00:00,32.0,61,981.7,24,5.4,0.0,0.0,0.0,0.0,27.5398,71.9153,Bhadla_Solar_Park
2023-06-28 21:00:00,31.3,66,982.1,94,10.9,0.0,0.0,0.0,0.0,27.5398,71.9153,Bhadla_Solar_Park
2023-06-28 22:00:00,30.8,70,982.6,12,12.6,0.0,0.0,0.0,0.0,27.5398,71.9153,Bhadla_Solar_Park
2023-06-28 23:00:00,30.6,71,982.8,3,13.1,0.0,0.0,0.0,0.0,27.5398,71.9153,Bhadla_Solar_Park
2023-06-29 00:00:00,30.0,74,982.2,5,12.9,0.0,0.0,0.0,0.0,27.5398,71.9153,Bhadla_Solar_Park
2023-06-29 01:00:00,29.6,76,981.9,0,12.7,0.0,0.0,0.0,0.0,27.5398,71.9153,Bhadla_Solar_Park
2023-06-29 02:00:00,29.5,76,981.6,6,11.6,0.0,0.0,0.0,0.0,27.5398,71.9153,Bhadla_Solar_Park
2023-06-29 03:00:00,29.3,77,981.4,5,11.3,0.0,0.0,0.0,0.0,27.5398,71.9153,Bhadla_Solar_Park
2023-06-29 04:00:00,29.0,79,981.6,12,11.1,0.0,0.0,0.0,0.0,27.5398,71.9153,Bhadla_Solar_Park
2023-06-29 05:00:00,28.8,77,982.0,1,11.2,0.0,0.0,0.0,0.0,27.5398,71.9153,Bhadla_Solar_Park
2023-06-29 06:00:00,28.9,78,982.2,2,11.6,11.0,0.0,11.0,0.0,27.5398,71.9153,Bhadla_Solar_Park
2023-06-29 07:00:00,29.8,75,982.3,7,10.2,97.0,68.5,81.0,16.0,27.5398,71.9153,Bhadla_Solar_Park
2023-06-29 08:00:00,31.4,68,982.3,0,12.0,246.0,192.4,161.0,85.0,27.5398,71.9153,Bhadla_Solar_Park
2023-06-29 09:00:00,33.3,61,982.4,26,11.2,422.0,316.3,222.0,200.0,27.5398,71.9153,Bhadla_Solar_Park
2023-06-29 10:00:00,34.8,55,982.5,15,8.2,586.0,396.5,272.0,314.0,27.5398,71.9153,Bhadla_Solar_Park
2023-06-29 11:00:00,36.3,49,982.1,6,6.1,709.0,448.2,301.0,408.0,27.5398,71.9153,Bhadla_Solar_Park
2023-06-29 12:00:00,37.5,45,981.3,11,6.6,782.0,472.0,320.0,462.0,27.5398,71.9153,Bhadla_Solar_Park
2023-06-29 13:00:00,38.4,41,980.5,26,8.4,785.0,461.1,327.0,458.0,27.5398,71.9153,Bhadla_Solar_Park
2023-06-29 14:00:00,38.9,40,979.4,19,11.3,729.0,437.8,312.0,417.0,27.5398,71.9153,Bhadla_Solar_Park
2023-06-29 15:00:00,39.2,36,978.5,10,13.1,634.0,408.6,283.0,351.0,27.5398,71.9153,Bhadla_Solar_Park
2023-06-29 16:00:00,39.3,34,977.9,11,11.3,487.0,343.3,240.0,247.0,27.5398,71.9153,Bhadla_Solar_Park
2023-06-29 17:00:00,37.6,41,978.3,29,5.2,322.0,252.1,185.0,137.0,27.5398,71.9153,Bhadla_Solar_Park
2023-06-29 18:00:00,36.9,43,978.2,24,8.4,144.0,99.2,110.0,34.0,27.5398,71.9153,Bhadla_Solar_Park
2023-06-29 19:00:00,33.8,54,979.1,40,22.0,42.0,28.7,38.0,4.0,27.5398,71.9153,Bhadla_Solar_Park
2023-06-29 20:00:00,33.4,57,979.5,36,20.9,0.0,0.0,0.0,0.0,27.5398,71.9153,Bhadla_Solar_Park
2023-06-29 21:00:00,31.6,68,980.3,65,22.7,0.0,0.0,0.0,0.0,27.5398,71.9153,Bhadla_Solar_Park
2023-06-29 22:00:00,30.6,72,980.9,100,23.0,0.0,0.0,0.0,0.0,27.5398,71.9153,Bhadla_Solar_Park
2023-06-29 23:00:00,29.7,75,981.2,100,27.0,0.0,0.0,0.0,0.0,27.5398,71.9153,Bhadla_Solar_Park
2023-06-30 00:00:00,29.1,80,980.9,100,23.2,0.0,0.0,0.0,0.0,27.5398,71.9153,Bhadla_Solar_Park
2023-06-30 01:00:00,28.8,81,980.2,95,23.8,0.0,0.0,0.0,0.0,27.5398,71.9153,Bhadla_Solar_Park
2023-06-30 02:00:00,28.4,81,980.1,22,19.2,0.0,0.0,0.0,0.0,27.5398,71.9153,Bhadla_Solar_Park
2023-06-30 03:00:00,28.2,82,980.2,45,16.5,0.0,0.0,0.0,0.0,27.5398,71.9153,Bhadla_Solar_Park
2023-06-30 04:00:00,28.1,80,980.2,94,14.9,0.0,0.0,0.0,0.0,27.5398,71.9153,Bhadla_Solar_Park
2023-06-30 05:00:00,27.9,85,979.9,50,11.7,0.0,0.0,0.0,0.0,27.5398,71.9153,Bhadla_Solar_Park
2023-06-30 06:00:00,27.9,84,980.1,25,12.2,12.0,11.9,11.0,1.0,27.5398,71.9153,Bhadla_Solar_Park
2023-06-30 07:00:00,28.9,79,980.6,84,15.5,99.0,73.1,82.0,17.0,27.5398,71.9153,Bhadla_Solar_Park
2023-06-30 08:00:00,30.4,72,981.0,97,17.0,240.0,167.8,166.0,74.0,27.5398,71.9153,Bhadla_Solar_Park
2023-06-30 09:00:00,31.8,67,981.2,100,18.3,382.0,221.7,242.0,140.0,27.5398,71.9153,Bhadla_Solar_Park
2023-06-30 10:00:00,33.6,60,981.2,96,15.6,558.0,331.1,296.0,262.0,27.5398,71.9153,Bhadla_Solar_Park
2023-06-30 11:00:00,35.5,53,980.9,72,13.1,710.0,435.2,314.0,396.0,27.5398,71.9153,Bhadla_Solar_Park
2023-06-30 12:00:00,37.0,47,980.5,48,11.4,774.0,442.4,341.0,433.0,27.5398,71.9153,Bhadla_Solar_Park
2023-06-30 13:00:00,38.3,41,979.6,2,8.9,797.0,472.2,328.0,469.0,27.5398,71.9153,Bhadla_Solar_Park
2023-06-30 14:00:00,39.2,36,978.5,4,7.8,761.0,476.6,307.0,454.0,27.5398,71.9153,Bhadla_Solar_Park
2023-06-30 15:00:00,39.8,32,977.3,3,8.3,643.0,422.4,280.0,363.0,27.5398,71.9153,Bhadla_Solar_Park
2023-06-30 16:00:00,40.0,31,976.7,4,9.4,511.0,372.3,243.0,268.0,27.5398,71.9153,Bhadla_Solar_Park
2023-06-30 17:00:00,38.9,34,976.5,20,8.9,333.0,264.8,189.0,144.0,27.5398,71.9153,Bhadla_Solar_Park
2023-06-30 18:00:00,38.5,35,976.9,28,7.7,131.0,90.3,100.0,31.0,27.5398,71.9153,Bhadla_Solar_Park
2023-06-30 19:00:00,37.4,40,977.3,34,11.0,39.0,28.6,35.0,4.0,27.5398,71.9153,Bhadla_Solar_Park
2023-06-30 20:00:00,35.0,51,978.2,21,17.9,0.0,0.0,0.0,0.0,27.5398,71.9153,Bhadla_Solar_Park
2023-06-30 21:00:00,31.4,65,979.7,74,7.3,0.0,0.0,0.0,0.0,27.5398,71.9153,Bhadla_Solar_Park
2023-06-30 22:00:00,30.8,72,980.0,21,7.8,0.0,0.0,0.0,0.0,27.5398,71.9153,Bhadla_Solar_Park
2023-06-30 23:00:00,30.3,76,980.6,100,12.5,0.0,0.0,0.0,0.0,27.5398,71.9153,Bhadla_Solar_Park
2023-07-01 00:00:00,29.4,76,980.7,100,16.3,0.0,0.0,0.0,0.0,27.5398,71.9153,Bhadla_Solar_Park
2023-07-01 01:00:00,29.2,77,980.1,100,15.2,0.0,0.0,0.0,0.0,27.5398,71.9153,Bhadla_Solar_Park
2023-07-01 02:00:00,29.2,79,979.5,100,14.5,0.0,0.0,0.0,0.0,27.5398,71.9153,Bhadla_Solar_Park
2023-07-01 03:00:00,29.0,82,979.5,92,12.8,0.0,0.0,0.0,0.0,27.5398,71.9153,Bhadla_Solar_Park
2023-07-01 04:00:00,28.9,85,979.8,95,12.4,0.0,0.0,0.0,0.0,27.5398,71.9153,Bhadla_Solar_Park
2023-07-01 05:00:00,29.3,83,979.4,5,15.0,0.0,0.0,0.0,0.0,27.5398,71.9153,Bhadla_Solar_Park
2023-07-01 06:00:00,29.5,80,980.2,17,15.4,11.0,0.0,11.0,0.0,27.5398,71.9153,Bhadla_Solar_Park
2023-07-01 07:00:00,30.2,75,981.0,3,14.2,95.0,64.8,80.0,15.0,27.5398,71.9153,Bhadla_Solar_Park
2023-07-01 08:00:00,31.4,67,981.5,11,20.6,245.0,191.0,161.0,84.0,27.5398,71.9153,Bhadla_Solar_Park
2023-07-01 09:00:00,32.7,62,981.9,0,21.0,418.0,310.8,222.0,196.0,27.5398,71.9153,Bhadla_Solar_Park
2023-07-01 10:00:00,34.5,55,981.9,2,19.3,590.0,407.2,268.0,322.0,27.5398,71.9153,Bhadla_Solar_Park
2023-07-01 11:00:00,36.1,49,981.9,2,16.7,717.0,457.4,301.0,416.0,27.5398,71.9153,Bhadla_Solar_Park
2023-07-01 12:00:00,37.4,46,981.6,8,16.4,788.0,480.4,318.0,470.0,27.5398,71.9153,Bhadla_Solar_Park
2023-07-01 13:00:00,38.2,43,980.6,10,18.0,783.0,467.2,319.0,464.0,27.5398,71.9153,Bhadla_Solar_Park
2023-07-01 14:00:00,39.2,39,979.7,12,17.1,732.0,443.0,310.0,422.0,27.5398,71.9153,Bhadla_Solar_Park
2023-07-01 15:00:00,39.8,37,979.8,99,10.0,643.0,414.2,287.0,356.0,27.5398,71.9153,Bhadla_Solar_Park
2023-07-01 16:00:00,28.8,85,980.4,100,14.8,225.0,105.5,149.0,76.0,27.5398,71.9153,Bhadla_Solar_Park
2023-07-01 17:00:00,38.2,40,979.2,99,16.1,75.0,0.0,75.0,0.0,27.5398,71.9153,Bhadla_Solar_Park
2023-07-01 18:00:00,37.4,41,980.0,95,11.9,139.0,99.0,105.0,34.0,27.5398,71.9153,Bhadla_Solar_Park
2023-07-01 19:00:00,36.4,43,980.6,100,17.6,22.0,14.3,20.0,2.0,27.5398,71.9153,Bhadla_Solar_Park
2023-07-01 20:00:00,35.6,45,981.0,98,17.1,0.0,0.0,0.0,0.0,27.5398,71.9153,Bhadla_Solar_Park
2023-07-01 21:00:00,35.2,49,981.7,45,16.0,0.0,0.0,0.0,0.0,27.5398,71.9153,Bhadla_Solar_Park
2023-07-01 22:00:00,34.1,55,982.5,17,25.1,0.0,0.0,0.0,0.0,27.5398,71.9153,Bhadla_Solar_Park
2023-07-01 23:00:00,31.9,67,982.6,19,28.9,0.0,0.0,0.0,0.0,27.5398,71.9153,Bhadla_Solar_Park
2023-07-02 00:00:00,30.4,75,982.6,4,25.4,0.0,0.0,0.0,0.0,27.5398,71.9153,Bhadla_Solar_Park
2023-07-02 01:00:00,29.6,79,982.1,1,27.2,0.0,0.0,0.0,0.0,27.5398,71.9153,Bhadla_Solar_Park
2023-07-02 02:00:00,29.2,81,981.9,0,24.2,0.0,0.0,0.0,0.0,27.5398,71.9153,Bhadla_Solar_Park
2023-07-02 03:00:00,28.9,81,982.0,0,22.5,0.0,0.0,0.0,0.0,27.5398,71.9153,Bhadla_Solar_Park
2023-07-02 04:00:00,28.9,80,982.2,0,24.1,0.0,0.0,0.0,0.0,27.5398,71.9153,Bhadla_Solar_Park
2023-07-02 05:00:00,29.1,77,981.9,17,21.7,0.0,0.0,0.0,0.0,27.5398,71.9153,Bhadla_Solar_Park
2023-07-02 06:00:00,29.1,77,982.6,66,20.3,11.0,0.0,11.0,0.0,27.5398,71.9153,Bhadla_Solar_Park
2023-07-02 07:00:00,29.8,75,983.1,17,24.1,93.0,65.1,78.0,15.0,27.5398,71.9153,Bhadla_Solar_Park
2023-07-02 08:00:00,31.2,69,983.8,91,24.5,245.0,196.0,159.0,86.0,27.5398,71.9153,Bhadla_Solar_Park
2023-07-02 09:00:00,32.8,63,983.8,95,23.4,418.0,311.2,222.0,196.0,27.5398,71.9153,Bhadla_Solar_Park
2023-07-02 10:00:00,34.7,56,983.4,11,23.0,584.0,398.7,269.0,315.0,27.5398,71.9153,Bhadla_Solar_Park
2023-07-02 11:00:00,36.4,49,982.9,35,20.7,715.0,456.6,300.0,415.0,27.5398,71.9153,Bhadla_Solar_Park
2023-07-02 12:00:00,37.8,43,982.2,5,17.8,787.0,482.5,315.0,472.0,27.5398,71.9153,Bhadla_Solar_Park
2023-07-02 13:00:00,38.8,39,981.4,13,14.8,796.0,477.3,322.0,474.0,27.5398,71.9153,Bhadla_Solar_Park
2023-07-02 14:00:00,39.6,36,980.5,15,14.3,722.0,428.3,314.0,408.0,27.5398,71.9153,Bhadla_Solar_Park
2023-07-02 15:00:00,39.9,34,979.9,20,14.2,642.0,418.7,282.0,360.0,27.5398,71.9153,Bhadla_Solar_Park
2023-07-02 16:00:00,40.2,33,979.6,16,14.8,464.0,308.1,242.0,222.0,27.5398,71.9153,Bhadla_Solar_Park
2023-07-02 17:00:00,38.9,36,980.2,18,10.2,310.0,229.6,185.0,125.0,27.5398,71.9153,Bhadla_Solar_Park
2023-07-02 18:00:00,38.5,36,980.3,22,9.3,159.0,119.3,118.0,41.0,27.5398,71.9153,Bhadla_Solar_Park
2023-07-02 19:00:00,37.9,38,980.7,18,10.5,43.0,35.7,38.0,5.0,27.5398,71.9153,Bhadla_Solar_Park
2023-07-02 20:00:00,36.6,43,981.0,11,11.1,0.0,0.0,0.0,0.0,27.5398,71.9153,Bhadla_Solar_Park
2023-07-02 21:00:00,35.5,47,981.3,11,19.6,0.0,0.0,0.0,0.0,27.5398,71.9153,Bhadla_Solar_Park
2023-07-02 22:00:00,34.2,52,981.5,50,24.8,0.0,0.0,0.0,0.0,27.5398,71.9153,Bhadla_Solar_Park
2023-07-02 23:00:00,33.1,58,981.7,80,26.6,0.0,0.0,0.0,0.0,27.5398,71.9153,Bhadla_Solar_Park
2023-07-03 00:00:00,32.4,62,981.8,93,25.8,0.0,0.0,0.0,0.0,27.5398,71.9153,Bhadla_Solar_Park
2023-07-03 01:00:00,31.8,64,981.7,99,25.4,0.0,0.0,0.0,0.0,27.5398,71.9153,Bhadla_Solar_Park
2023-07-03 02:00:00,31.4,64,981.7,81,24.0,0.0,0.0,0.0,0.0,27.5398,71.9153,Bhadla_Solar_Park
2023-07-03 03:00:00,31.0,65,982.1,95,22.6,0.0,0.0,0.0,0.0,27.5398,71.9153,Bhadla_Solar_Park
2023-07-03 04:00:00,30.7,65,982.2,93,22.2,0.0,0.0,0.0,0.0,27.5398,71.9153,Bhadla_Solar_Park
2023-07-03 05:00:00,30.3,66,981.9,3,18.7,0.0,0.0,0.0,0.0,27.5398,71.9153,Bhadla_Solar_Park
2023-07-03 06:00:00,30.2,67,982.5,5,17.8,11.0,12.2,10.0,1.0,27.5398,71.9153,Bhadla_Solar_Park
2023-07-03 07:00:00,30.9,65,982.8,18,16.0,98.0,74.2,81.0,17.0,27.5398,71.9153,Bhadla_Solar_Park
2023-07-03 08:00:00,32.5,60,982.9,34,22.7,250.0,205.6,160.0,90.0,27.5398,71.9153,Bhadla_Solar_Park
2023-07-03 09:00:00,34.4,52,982.9,27,24.5,430.0,329.1,223.0,207.0,27.5398,71.9153,Bhadla_Solar_Park
2023-07-03 10:00:00,36.2,44,982.8,0,24.0,600.0,418.0,270.0,330.0,27.5398,71.9153,Bhadla_Solar_Park
2023-07-03 11:00:00,37.8,38,982.2,0,20.9,734.0,475.5,302.0,432.0,27.5398,71.9153,Bhadla_Solar_Park
2023-07-03 12:00:00,39.2,34,981.7,0,18.2,816.0,507.2,320.0,496.0,27.5398,71.9153,Bhadla_Solar_Park
2023-07-03 13:00:00,40.4,30,981.0,0,18.0,834.0,514.6,323.0,511.0,27.5398,71.9153,Bhadla_Solar_Park
2023-07-03 14:00:00,41.1,28,980.0,10,17.9,761.0,475.4,308.0,453.0,27.5398,71.9153,Bhadla_Solar_Park
2023-07-03 15:00:00,41.6,26,979.4,7,17.1,633.0,408.2,282.0,351.0,27.5398,71.9153,Bhadla_Solar_Park
2023-07-03 16:00:00,41.8,25,978.6,3,17.7,513.0,371.9,245.0,268.0,27.5398,71.9153,Bhadla_Solar_Park
2023-07-03 17:00:00,40.6,27,979.0,0,13.8,350.0,284.6,195.0,155.0,27.5398,71.9153,Bhadla_Solar_Park
2023-07-03 18:00:00,40.1,28,978.8,1,15.3,176.0,148.4,125.0,51.0,27.5398,71.9153,Bhadla_Solar_Park
2023-07-03 19:00:00,38.9,31,979.0,0,13.4,48.0,42.9,42.0,6.0,27.5398,71.9153,Bhadla_Solar_Park
2023-07-03 20:00:00,37.5,34,979.4,0,15.3,0.0,0.0,0.0,0.0,27.5398,71.9153,Bhadla_Solar_Park
2023-07-03 21:00:00,36.6,36,980.0,0,17.1,0.0,0.0,0.0,0.0,27.5398,71.9153,Bhadla_Solar_Park
2023-07-03 22:00:00,34.7,48,980.7,0,28.5,0.0,0.0,0.0,0.0,27.5398,71.9153,Bhadla_Solar_Park
2023-07-03 23:00:00,33.3,56,980.7,0,28.5,0.0,0.0,0.0,0.0,27.5398,71.9153,Bhadla_Solar_Park
2023-07-04 00:00:00,32.5,60,980.2,0,29.4,0.0,0.0,0.0,0.0,27.5398,71.9153,Bhadla_Solar_Park
2023-07-04 01:00:00,31.9,62,980.2,0,27.7,0.0,0.0,0.0,0.0,27.5398,71.9153,Bhadla_Solar_Park
2023-07-04 02:00:00,31.3,63,980.2,0,27.6,0.0,0.0,0.0,0.0,27.5398,71.9153,Bhadla_Solar_Park
2023-07-04 03:00:00,30.9,65,980.2,0,26.8,0.0,0.0,0.0,0.0,27.5398,71.9153,Bhadla_Solar_Park
2023-07-04 04:00:00,30.5,66,980.2,0,26.4,0.0,0.0,0.0,0.0,27.5398,71.9153,Bhadla_Solar_Park
2023-07-04 05:00:00,30.9,66,979.9,0,24.8,0.0,0.0,0.0,0.0,27.5398,71.9153,Bhadla_Solar_Park
2023-07-04 06:00:00,30.9,67,979.9,0,23.5,11.0,12.3,10.0,1.0,27.5398,71.9153,Bhadla_Solar_Park
2023-07-04 07:00:00,31.5,65,980.0,0,21.5,98.0,74.6,81.0,17.0,27.5398,71.9153,Bhadla_Solar_Park
2023-07-04 08:00:00,32.8,60,980.5,0,24.2,251.0,208.4,160.0,91.0,27.5398,71.9153,Bhadla_Solar_Park
2023-07-04 09:00:00,34.3,54,980.5,0,25.0,431.0,332.8,222.0,209.0,27.5398,71.9153,Bhadla_Solar_Park
2023-07-04 10:00:00,36.2,46,980.8,0,24.0,601.0,423.4,267.0,334.0,27.5398,71.9153,Bhadla_Solar_Park
2023-07-04 11:00:00,38.0,38,980.3,0,23.9,736.0,481.3,299.0,437.0,27.5398,71.9153,Bhadla_Solar_Park
2023-07-04 12:00:00,39.4,33,979.7,0,24.2,819.0,513.5,317.0,502.0,27.5398,71.9153,Bhadla_Solar_Park
2023-07-04 13:00:00,40.7,29,978.9,0,24.6,838.0,521.7,320.0,518.0,27.5398,71.9153,Bhadla_Solar_Park
2023-07-04 14:00:00,41.6,26,977.5,0,25.3,794.0,509.0,309.0,485.0,27.5398,71.9153,Bhadla_Solar_Park
2023-07-04 15:00:00,41.9,25,976.4,0,25.9,690.0,472.1,284.0,406.0,27.5398,71.9153,Bhadla_Solar_Park
2023-07-04 16:00:00,42.0,25,975.4,0,27.4,538.0,403.7,247.0,291.0,27.5398,71.9153,Bhadla_Solar_Park
2023-07-04 17:00:00,40.5,28,976.1,0,23.9,356.0,297.4,194.0,162.0,27.5398,71.9153,Bhadla_Solar_Park
2023-07-04 18:00:00,40.0,30,975.9,0,23.4,179.0,154.1,126.0,53.0,27.5398,71.9153,Bhadla_Solar_Park
2023-07-04 19:00:00,38.9,34,976.0,0,23.8,49.0,42.9,43.0,6.0,27.5398,71.9153,Bhadla_Solar_Park
2023-07-04 20:00:00,37.3,40,976.5,0,27.4,0.0,0.0,0.0,0.0,27.5398,71.9153,Bhadla_Solar_Park
2023-07-04 21:00:00,36.0,46,977.2,0,28.1,0.0,0.0,0.0,0.0,27.5398,71.9153,Bhadla_Solar_Park
2023-07-04 22:00:00,34.7,53,977.5,0,31.6,0.0,0.0,0.0,0.0,27.5398,71.9153,Bhadla_Solar_Park
2023-07-04 23:00:00,33.8,57,977.6,0,29.6,0.0,0.0,0.0,0.0,27.5398,71.9153,Bhadla_Solar_Park
2023-07-05 00:00:00,33.0,58,977.5,0,28.1,0.0,0.0,0.0,0.0,27.5398,71.9153,Bhadla_Solar_Park
2023-07-05 01:00:00,32.4,61,977.7,0,26.8,0.0,0.0,0.0,0.0,27.5398,71.9153,Bhadla_Solar_Park
2023-07-05 02:00:00,31.8,64,977.5,0,26.6,0.0,0.0,0.0,0.0,27.5398,71.9153,Bhadla_Solar_Park
2023-07-05 03:00:00,31.6,63,977.4,0,25.9,0.0,0.0,0.0,0.0,27.5398,71.9153,Bhadla_Solar_Park
2023-07-05 04:00:00,31.5,61,977.4,0,24.0,0.0,0.0,0.0,0.0,27.5398,71.9153,Bhadla_Solar_Park
2023-07-05 05:00:00,31.1,61,978.1,0,18.7,0.0,0.0,0.0,0.0,27.5398,71.9153,Bhadla_Solar_Park
2023-07-05 06:00:00,31.0,61,978.3,0,18.2,11.0,0.0,11.0,0.0,27.5398,71.9153,Bhadla_Solar_Park
2023-07-05 07:00:00,31.3,59,978.7,98,18.6,98.0,75.0,81.0,17.0,27.5398,71.9153,Bhadla_Solar_Park
2023-07-05 08:00:00,32.4,54,979.3,4,18.6,252.0,211.2,160.0,92.0,27.5398,71.9153,Bhadla_Solar_Park
2023-07-05 09:00:00,34.1,48,979.0,0,19.8,433.0,338.1,221.0,212.0,27.5398,71.9153,Bhadla_Solar_Park
2023-07-05 10:00:00,35.9,43,979.0,0,21.5,604.0,427.6,267.0,337.0,27.5398,71.9153,Bhadla_Solar_Park
2023-07-05 11:00:00,37.5,38,978.4,0,22.6,737.0,483.7,298.0,439.0,27.5398,71.9153,Bhadla_Solar_Park
2023-07-05 12:00:00,38.8,35,978.0,0,22.4,819.0,515.6,315.0,504.0,27.5398,71.9153,Bhadla_Solar_Park
2023-07-05 13:00:00,39.7,33,977.2,0,20.3,837.0,522.7,318.0,519.0,27.5398,71.9153,Bhadla_Solar_Park
2023-07-05 14:00:00,40.4,32,976.4,0,18.7,789.0,505.8,307.0,482.0,27.5398,71.9153,Bhadla_Solar_Park
2023-07-05 15:00:00,40.8,31,975.7,1,18.3,681.0,463.9,282.0,399.0,27.5398,71.9153,Bhadla_Solar_Park
2023-07-05 16:00:00,41.0,30,974.7,21,17.6,525.0,389.7,244.0,281.0,27.5398,71.9153,Bhadla_Solar_Park
2023-07-05 17:00:00,40.1,31,975.4,15,14.1,333.0,266.1,188.0,145.0,27.5398,71.9153,Bhadla_Solar_Park
2023-07-05 18:00:00,39.6,32,975.8,69,13.8,166.0,133.8,120.0,46.0,27.5398,71.9153,Bhadla_Solar_Park
2023-07-05 19:00:00,38.9,34,976.6,36,16.9,40.0,35.7,35.0,5.0,27.5398,71.9153,Bhadla_Solar_Park
2023-07-05 20:00:00,38.0,37,977.3,33,18.4,0.0,0.0,0.0,0.0,27.5398,71.9153,Bhadla_Solar_Park
2023-07-05 21:00:00,37.2,40,978.1,20,17.7,0.0,0.0,0.0,0.0,27.5398,71.9153,Bhadla_Solar_Park
2023-07-05 22:00:00,36.2,44,978.7,11,19.1,0.0,0.0,0.0,0.0,27.5398,71.9153,Bhadla_Solar_Park
2023-07-05 23:00:00,35.3,48,978.9,9,19.7,0.0,0.0,0.0,0.0,27.5398,71.9153,Bhadla_Solar_Park
2023-07-06 00:00:00,34.1,53,979.3,37,21.6,0.0,0.0,0.0,0.0,27.5398,71.9153,Bhadla_Solar_Park
2023-07-06 01:00:00,33.4,55,979.4,43,23.9,0.0,0.0,0.0,0.0,27.5398,71.9153,Bhadla_Solar_Park
2023-07-06 02:00:00,33.0,56,979.1,10,20.5,0.0,0.0,0.0,0.0,27.5398,71.9153,Bhadla_Solar_Park
2023-07-06 03:00:00,32.6,57,978.7,19,28.1,0.0,0.0,0.0,0.0,27.5398,71.9153,Bhadla_Solar_Park
2023-07-06 04:00:00,31.8,62,979.0,14,22.5,0.0,0.0,0.0,0.0,27.5398,71.9153,Bhadla_Solar_Park
2023-07-06 05:00:00,31.0,65,979.6,8,16.7,0.0,0.0,0.0,0.0,27.5398,71.9153,Bhadla_Solar_Park
2023-07-06 06:00:00,30.9,66,980.4,35,16.2,10.0,0.0,10.0,0.0,27.5398,71.9153,Bhadla_Solar_Park
2023-07-06 07:00:00,31.5,64,981.2,90,18.0,88.0,57.7,75.0,13.0,27.5398,71.9153,Bhadla_Solar_Park
2023-07-06 08:00:00,33.0,58,981.3,84,18.4,239.0,186.4,158.0,81.0,27.5398,71.9153,Bhadla_Solar_Park
2023-07-06 09:00:00,34.3,53,981.3,8,15.2,416.0,303.4,226.0,190.0,27.5398,71.9153,Bhadla_Solar_Park
2023-07-06 10:00:00,35.8,47,981.8,9,9.2,589.0,410.2,266.0,323.0,27.5398,71.9153,Bhadla_Solar_Park
2023-07-06 11:00:00,37.0,44,981.8,10,5.4,712.0,453.1,301.0,411.0,27.5398,71.9153,Bhadla_Solar_Park
2023-07-06 12:00:00,37.9,41,981.2,12,3.6,778.0,468.7,320.0,458.0,27.5398,71.9153,Bhadla_Solar_Park
2023-07-06 13:00:00,38.8,38,980.4,9,3.1,769.0,450.3,322.0,447.0,27.5398,71.9153,Bhadla_Solar_Park
2023-07-06 14:00:00,39.9,34,979.6,12,2.7,747.0,456.5,312.0,435.0,27.5398,71.9153,Bhadla_Solar_Park
2023-07-06 15:00:00,40.1,33,978.5,35,2.6,632.0,399.9,288.0,344.0,27.5398,71.9153,Bhadla_Solar_Park
2023-07-06 16:00:00,39.8,32,977.8,37,4.7,384.0,212.2,231.0,153.0,27.5398,71.9153,Bhadla_Solar_Park
2023-07-06 17:00:00,37.2,38,978.8,77,15.8,258.0,159.6,171.0,87.0,27.5398,71.9153,Bhadla_Solar_Park
2023-07-06 18:00:00,34.8,47,979.1,29,27.9,123.0,75.6,97.0,26.0,27.5398,71.9153,Bhadla_Solar_Park
2023-07-06 19:00:00,33.3,53,980.5,25,25.8,43.0,28.6,39.0,4.0,27.5398,71.9153,Bhadla_Solar_Park
2023-07-06 20:00:00,32.5,59,981.1,46,19.1,0.0,0.0,0.0,0.0,27.5398,71.9153,Bhadla_Solar_Park
2023-07-06 21:00:00,32.2,61,982.0,37,19.7,0.0,0.0,0.0,0.0,27.5398,71.9153,Bhadla_Solar_Park
2023-07-06 22:00:00,32.1,61,982.2,23,19.2,0.0,0.0,0.0,0.0,27.5398,71.9153,Bhadla_Solar_Park
2023-07-06 23:00:00,31.9,62,982.4,26,16.1,0.0,0.0,0.0,0.0,27.5398,71.9153,Bhadla_Solar_Park
2023-07-07 00:00:00,31.5,65,981.9,27,15.7,0.0,0.0,0.0,0.0,27.5398,71.9153,Bhadla_Solar_Park
2023-07-07 01:00:00,31.0,67,981.6,26,18.6,0.0,0.0,0.0,0.0,27.5398,71.9153,Bhadla_Solar_Park
2023-07-07 02:00:00,30.3,70,981.3,83,16.5,0.0,0.0,0.0,0.0,27.5398,71.9153,Bhadla_Solar_Park
2023-07-07 03:00:00,30.0,71,981.0,87,13.2,0.0,0.0,0.0,0.0,27.5398,71.9153,Bhadla_Solar_Park
2023-07-07 04:00:00,30.0,72,981.2,100,12.4,0.0,0.0,0.0,0.0,27.5398,71.9153,Bhadla_Solar_Park
2023-07-07 05:00:00,30.6,68,981.4,100,10.8,0.0,0.0,0.0,0.0,27.5398,71.9153,Bhadla_Solar_Park
2023-07-07 06:00:00,30.1,71,981.8,87,8.7,8.0,0.0,8.0,0.0,27.5398,71.9153,Bhadla_Solar_Park
2023-07-07 07:00:00,30.5,70,982.4,94,12.4,92.0,62.5,78.0,14.0,27.5398,71.9153,Bhadla_Solar_Park
2023-07-07 08:00:00,31.3,66,982.6,93,14.6,223.0,161.5,153.0,70.0,27.5398,71.9153,Bhadla_Solar_Park
2023-07-07 09:00:00,32.3,62,982.8,43,15.5,410.0,295.9,225.0,185.0,27.5398,71.9153,Bhadla_Solar_Park
2023-07-07 10:00:00,33.4,58,982.7,72,8.6,557.0,358.5,275.0,282.0,27.5398,71.9153,Bhadla_Solar_Park
2023-07-07 11:00:00,34.8,52,982.4,100,6.0,664.0,378.4,321.0,343.0,27.5398,71.9153,Bhadla_Solar_Park
2023-07-07 12:00:00,35.7,49,981.9,100,3.3,614.0,216.0,403.0,211.0,27.5398,71.9153,Bhadla_Solar_Park
2023-07-07 13:00:00,36.2,47,980.9,100,1.8,415.0,63.5,352.0,63.0,27.5398,71.9153,Bhadla_Solar_Park
2023-07-07 14:00:00,36.8,45,979.7,100,4.4,354.0,49.3,307.0,47.0,27.5398,71.9153,Bhadla_Solar_Park
2023-07-07 15:00:00,31.0,71,979.9,91,23.0,385.0,68.6,326.0,59.0,27.5398,71.9153,Bhadla_Solar_Park
2023-07-07 16:00:00,31.1,70,978.6,84,13.2,260.0,91.5,194.0,66.0,27.5398,71.9153,Bhadla_Solar_Park
2023-07-07 17:00:00,36.1,46,978.8,95,3.2,246.0,126.6,177.0,69.0,27.5398,71.9153,Bhadla_Solar_Park
2023-07-07 18:00:00,31.8,64,980.0,100,13.8,127.0,66.9,104.0,23.0,27.5398,71.9153,Bhadla_Solar_Park
2023-07-07 19:00:00,29.0,81,981.1,100,5.0,17.0,0.0,17.0,0.0,27.5398,71.9153,Bhadla_Solar_Park
2023-07-07 20:00:00,29.4,79,982.1,100,3.1,0.0,0.0,0.0,0.0,27.5398,71.9153,Bhadla_Solar_Park
2023-07-07 21:00:00,29.1,81,982.9,100,6.2,0.0,0.0,0.0,0.0,27.5398,71.9153,Bhadla_Solar_Park
2023-07-07 22:00:00,28.7,84,983.2,100,10.9,0.0,0.0,0.0,0.0,27.5398,71.9153,Bhadla_Solar_Park
2023-07-07 23:00:00,28.3,85,983.1,100,10.2,0.0,0.0,0.0,0.0,27.5398,71.9153,Bhadla_Solar_Park
2023-07-08 00:00:00,28.0,87,982.6,100,7.7,0.0,0.0,0.0,0.0,27.5398,71.9153,Bhadla_Solar_Park
2023-07-08 01:00:00,27.9,88,981.8,100,7.2,0.0,0.0,0.0,0.0,27.5398,71.9153,Bhadla_Solar_Park
2023-07-08 02:00:00,27.9,88,981.3,100,4.3,0.0,0.0,0.0,0.0,27.5398,71.9153,Bhadla_Solar_Park
2023-07-08 03:00:00,27.9,89,980.8,100,4.2,0.0,0.0,0.0,0.0,27.5398,71.9153,Bhadla_Solar_Park
2023-07-08 04:00:00,28.0,88,980.8,100,2.3,0.0,0.0,0.0,0.0,27.5398,71.9153,Bhadla_Solar_Park
2023-07-08 05:00:00,28.1,90,980.9,99,1.6,0.0,0.0,0.0,0.0,27.5398,71.9153,Bhadla_Solar_Park
2023-07-08 06:00:00,28.2,91,981.5,98,6.8,9.0,0.0,9.0,0.0,27.5398,71.9153,Bhadla_Solar_Park
2023-07-08 07:00:00,28.4,90,981.8,3,5.8,55.0,0.0,55.0,0.0,27.5398,71.9153,Bhadla_Solar_Park
2023-07-08 08:00:00,29.3,84,982.5,57,7.0,236.0,182.8,157.0,79.0,27.5398,71.9153,Bhadla_Solar_Park
2023-07-08 09:00:00,29.7,83,982.8,87,8.5,276.0,104.1,211.0,65.0,27.5398,71.9153,Bhadla_Solar_Park
2023-07-08 10:00:00,28.3,84,983.2,100,15.8,324.0,114.5,234.0,90.0,27.5398,71.9153,Bhadla_Solar_Park
2023-07-08 11:00:00,27.8,84,983.0,100,8.0,70.0,9.9,61.0,9.0,27.5398,71.9153,Bhadla_Solar_Park
2023-07-08 12:00:00,27.7,86,982.2,98,10.5,65.0,0.0,65.0,0.0,27.5398,71.9153,Bhadla_Solar_Park
2023-07-08 13:00:00,29.3,81,981.2,100,7.7,497.0,122.9,375.0,122.0,27.5398,71.9153,Bhadla_Solar_Park
2023-07-08 14:00:00,29.8,79,980.7,100,9.0,440.0,86.1,358.0,82.0,27.5398,71.9153,Bhadla_Solar_Park
2023-07-08 15:00:00,30.1,77,980.2,99,11.0,430.0,110.4,335.0,95.0,27.5398,71.9153,Bhadla_Solar_Park
2023-07-08 16:00:00,30.5,76,979.3,100,8.8,397.0,165.0,278.0,119.0,27.5398,71.9153,Bhadla_Solar_Park
2023-07-08 17:00:00,31.8,66,979.4,100,5.1,248.0,86.2,201.0,47.0,27.5398,71.9153,Bhadla_Solar_Park
2023-07-08 18:00:00,31.7,66,979.9,100,3.6,127.0,37.8,114.0,13.0,27.5398,71.9153,Bhadla_Solar_Park
2023-07-08 19:00:00,31.4,69,980.5,100,2.5,33.0,0.0,33.0,0.0,27.5398,71.9153,Bhadla_Solar_Park
2023-07-08 20:00:00,31.0,70,981.0,100,0.5,0.0,0.0,0.0,0.0,27.5398,71.9153,Bhadla_Solar_Park
2023-07-08 21:00:00,29.3,80,982.3,100,2.8,0.0,0.0,0.0,0.0,27.5398,71.9153,Bhadla_Solar_Park
2023-07-08 22:00:00,28.0,86,982.1,100,5.3,0.0,0.0,0.0,0.0,27.5398,71.9153,Bhadla_Solar_Park
2023-07-08 23:00:00,27.9,89,981.8,98,5.8,0.0,0.0,0.0,0.0,27.5398,71.9153,Bhadla_Solar_Park
2023-07-09 00:00:00,27.8,90,981.1,100,7.0,0.0,0.0,0.0,0.0,27.5398,71.9153,Bhadla_Solar_Park
2023-07-09 01:00:00,27.6,91,980.7,100,8.3,0.0,0.0,0.0,0.0,27.5398,71.9153,Bhadla_Solar_Park
2023-07-09 02:00:00,27.4,93,980.5,98,10.1,0.0,0.0,0.0,0.0,27.5398,71.9153,Bhadla_Solar_Park
2023-07-09 03:00:00,27.1,92,980.1,86,11.1,0.0,0.0,0.0,0.0,27.5398,71.9153,Bhadla_Solar_Park
2023-07-09 04:00:00,27.0,92,980.4,99,6.3,0.0,0.0,0.0,0.0,27.5398,71.9153,Bhadla_Solar_Park
2023-07-09 05:00:00,27.5,92,980.6,100,4.1,0.0,0.0,0.0,0.0,27.5398,71.9153,Bhadla_Solar_Park
2023-07-09 06:00:00,27.5,91,981.0,100,3.8,9.0,0.0,9.0,0.0,27.5398,71.9153,Bhadla_Solar_Park
2023-07-09 07:00:00,27.9,88,981.1,100,6.2,83.0,31.6,76.0,7.0,27.5398,71.9153,Bhadla_Solar_Park
2023-07-09 08:00:00,28.8,83,981.8,98,6.5,219.0,123.0,166.0,53.0,27.5398,71.9153,Bhadla_Solar_Park
2023-07-09 09:00:00,29.7,80,982.4,100,6.2,311.0,115.5,239.0,72.0,27.5398,71.9153,Bhadla_Solar_Park
2023-07-09 10:00:00,30.2,78,982.6,87,5.7,305.0,33.1,279.0,26.0,27.5398,71.9153,Bhadla_Solar_Park
2023-07-09 11:00:00,31.3,72,982.1,70,7.1,559.0,226.4,354.0,205.0,27.5398,71.9153,Bhadla_Solar_Park
2023-07-09 12:00:00,32.2,67,981.8,40,8.3,589.0,245.8,349.0,240.0,27.5398,71.9153,Bhadla_Solar_Park
2023-07-09 13:00:00,33.2,60,981.2,42,5.9,775.0,435.3,343.0,432.0,27.5398,71.9153,Bhadla_Solar_Park
2023-07-09 14:00:00,33.7,57,980.5,90,4.7,673.0,352.6,337.0,336.0,27.5398,71.9153,Bhadla_Solar_Park
2023-07-09 15:00:00,34.1,54,979.7,100,3.8,632.0,389.3,297.0,335.0,27.5398,71.9153,Bhadla_Solar_Park
2023-07-09 16:00:00,34.1,53,979.2,100,5.8,429.0,238.4,257.0,172.0,27.5398,71.9153,Bhadla_Solar_Park
2023-07-09 17:00:00,34.4,50,979.8,100,7.8,306.0,172.5,212.0,94.0,27.5398,71.9153,Bhadla_Solar_Park
2023-07-09 18:00:00,33.1,64,980.2,60,6.6,166.0,125.2,123.0,43.0,27.5398,71.9153,Bhadla_Solar_Park
2023-07-09 19:00:00,31.5,74,980.6,63,6.9,47.0,28.6,43.0,4.0,27.5398,71.9153,Bhadla_Solar_Park
2023-07-09 20:00:00,30.3,79,981.1,56,6.9,0.0,0.0,0.0,0.0,27.5398,71.9153,Bhadla_Solar_Park
2023-07-09 21:00:00,29.8,82,981.5,60,4.7,0.0,0.0,0.0,0.0,27.5398,71.9153,Bhadla_Solar_Park
2023-07-09 22:00:00,29.8,80,981.6,100,6.2,0.0,0.0,0.0,0.0,27.5398,71.9153,Bhadla_Solar_Park
2023-07-09 23:00:00,29.0,83,981.8,65,12.6,0.0,0.0,0.0,0.0,27.5398,71.9153,Bhadla_Solar_Park
2023-07-10 00:00:00,28.1,90,981.8,74,12.9,0.0,0.0,0.0,0.0,27.5398,71.9153,Bhadla_Solar_Park
2023-07-10 01:00:00,27.8,91,981.5,19,10.4,0.0,0.0,0.0,0.0,27.5398,71.9153,Bhadla_Solar_Park
2023-07-10 02:00:00,27.5,90,981.0,11,11.8,0.0,0.0,0.0,0.0,27.5398,71.9153,Bhadla_Solar_Park
2023-07-10 03:00:00,27.3,91,981.2,23,14.1,0.0,0.0,0.0,0.0,27.5398,71.9153,Bhadla_Solar_Park
2023-07-10 04:00:00,27.2,93,981.3,59,14.3,0.0,0.0,0.0,0.0,27.5398,71.9153,Bhadla_Solar_Park
2023-07-10 05:00:00,27.3,90,981.2,12,12.8,0.0,0.0,0.0,0.0,27.5398,71.9153,Bhadla_Solar_Park
2023-07-10 06:00:00,27.2,92,982.0,51,10.1,9.0,0.0,9.0,0.0,27.5398,71.9153,Bhadla_Solar_Park
2023-07-10 07:00:00,27.9,92,982.4,29,8.0,93.0,72.8,77.0,16.0,27.5398,71.9153,Bhadla_Solar_Park
2023-07-10 08:00:00,29.4,85,982.8,0,9.4,244.0,200.1,158.0,86.0,27.5398,71.9153,Bhadla_Solar_Park
2023-07-10 09:00:00,31.1,77,983.3,3,10.9,423.0,326.2,220.0,203.0,27.5398,71.9153,Bhadla_Solar_Park
2023-07-10 10:00:00,32.5,66,983.2,12,14.4,579.0,395.2,269.0,310.0,27.5398,71.9153,Bhadla_Solar_Park
2023-07-10 11:00:00,33.3,61,982.8,11,15.0,708.0,448.6,302.0,406.0,27.5398,71.9153,Bhadla_Solar_Park
2023-07-10 12:00:00,34.3,55,982.5,2,17.0,814.0,506.2,320.0,494.0,27.5398,71.9153,Bhadla_Solar_Park
2023-07-10 13:00:00,34.8,52,982.0,48,14.2,836.0,518.0,322.0,514.0,27.5398,71.9153,Bhadla_Solar_Park
2023-07-10 14:00:00,35.2,50,981.2,71,12.5,792.0,503.8,312.0,480.0,27.5398,71.9153,Bhadla_Solar_Park
2023-07-10 15:00:00,35.3,48,980.6,0,13.7,686.0,460.2,290.0,396.0,27.5398,71.9153,Bhadla_Solar_Park
2023-07-10 16:00:00,35.4,47,980.1,1,12.7,534.0,393.7,250.0,284.0,27.5398,71.9153,Bhadla_Solar_Park
2023-07-10 17:00:00,35.3,53,980.1,4,11.2,354.0,291.8,195.0,159.0,27.5398,71.9153,Bhadla_Solar_Park
2023-07-10 18:00:00,34.2,65,980.4,9,7.7,169.0,134.0,123.0,46.0,27.5398,71.9153,Bhadla_Solar_Park
2023-07-10 19:00:00,32.5,76,980.8,20,6.3,45.0,35.8,40.0,5.0,27.5398,71.9153,Bhadla_Solar_Park
2023-07-10 20:00:00,31.9,76,981.3,82,5.4,0.0,0.0,0.0,0.0,27.5398,71.9153,Bhadla_Solar_Park
2023-07-10 21:00:00,31.4,77,981.9,100,6.4,0.0,0.0,0.0,0.0,27.5398,71.9153,Bhadla_Solar_Park
2023-07-10 22:00:00,30.9,78,982.2,84,6.9,0.0,0.0,0.0,0.0,27.5398,71.9153,Bhadla_Solar_Park
2023-07-10 23:00:00,30.7,77,982.0,21,5.0,0.0,0.0,0.0,0.0,27.5398,71.9153,Bhadla_Solar_Park
2023-07-11 00:00:00,31.9,65,982.0,87,2.1,0.0,0.0,0.0,0.0,27.5398,71.9153,Bhadla_Solar_Park
2023-07-11 01:00:00,29.5,80,981.6,98,10.0,0.0,0.0,0.0,0.0,27.5398,71.9153,Bhadla_Solar_Park
2023-07-11 02:00:00,28.6,85,981.4,26,10.3,0.0,0.0,0.0,0.0,27.5398,71.9153,Bhadla_Solar_Park
2023-07-11 03:00:00,28.4,83,981.5,0,11.1,0.0,0.0,0.0,0.0,27.5398,71.9153,Bhadla_Solar_Park
2023-07-11 04:00:00,28.7,81,981.5,0,14.8,0.0,0.0,0.0,0.0,27.5398,71.9153,Bhadla_Solar_Park
2023-07-11 05:00:00,28.8,79,981.6,3,16.3,0.0,0.0,0.0,0.0,27.5398,71.9153,Bhadla_Solar_Park
2023-07-11 06:00:00,29.1,80,982.3,0,15.8,9.0,0.0,9.0,0.0,27.5398,71.9153,Bhadla_Solar_Park
2023-07-11 07:00:00,30.1,77,982.9,0,14.8,91.0,68.7,76.0,15.0,27.5398,71.9153,Bhadla_Solar_Park
2023-07-11 08:00:00,31.3,70,983.3,0,13.9,242.0,200.7,156.0,86.0,27.5398,71.9153,Bhadla_Solar_Park
2023-07-11 09:00:00,32.9,63,983.6,10,13.9,421.0,325.1,219.0,202.0,27.5398,71.9153,Bhadla_Solar_Park
2023-07-11 10:00:00,34.8,55,983.7,4,15.4,589.0,412.2,266.0,323.0,27.5398,71.9153,Bhadla_Solar_Park
2023-07-11 11:00:00,36.6,47,983.4,14,13.1,718.0,464.4,298.0,420.0,27.5398,71.9153,Bhadla_Solar_Park
2023-07-11 12:00:00,37.6,42,982.9,5,7.8,771.0,465.4,317.0,454.0,27.5398,71.9153,Bhadla_Solar_Park
2023-07-11 13:00:00,38.7,38,982.0,4,4.8,812.0,493.9,322.0,490.0,27.5398,71.9153,Bhadla_Solar_Park
2023-07-11 14:00:00,39.4,36,980.8,22,2.6,728.0,432.4,316.0,412.0,27.5398,71.9153,Bhadla_Solar_Park
2023-07-11 15:00:00,39.9,34,980.0,37,5.5,612.0,391.7,275.0,337.0,27.5398,71.9153,Bhadla_Solar_Park
2023-07-11 16:00:00,39.9,32,979.4,32,6.2,483.0,334.2,242.0,241.0,27.5398,71.9153,Bhadla_Solar_Park
2023-07-11 17:00:00,39.2,35,979.7,45,6.8,298.0,211.1,183.0,115.0,27.5398,71.9153,Bhadla_Solar_Park
2023-07-11 18:00:00,37.3,46,979.6,33,4.4,144.0,93.3,112.0,32.0,27.5398,71.9153,Bhadla_Solar_Park
2023-07-11 19:00:00,35.2,50,980.1,43,12.1,41.0,28.7,37.0,4.0,27.5398,71.9153,Bhadla_Solar_Park
2023-07-11 20:00:00,34.2,48,980.8,10,13.9,0.0,0.0,0.0,0.0,27.5398,71.9153,Bhadla_Solar_Park
2023-07-11 21:00:00,33.1,56,981.0,39,9.1,0.0,0.0,0.0,0.0,27.5398,71.9153,Bhadla_Solar_Park
2023-07-11 22:00:00,32.5,59,981.4,54,8.4,0.0,0.0,0.0,0.0,27.5398,71.9153,Bhadla_Solar_Park
2023-07-11 23:00:00,31.9,55,981.6,76,14.6,0.0,0.0,0.0,0.0,27.5398,71.9153,Bhadla_Solar_Park
2023-07-12 00:00:00,31.9,55,981.2,0,19.9,0.0,0.0,0.0,0.0,27.5398,71.9153,Bhadla_Solar_Park
2023-07-12 01:00:00,31.7,60,980.5,7,24.1,0.0,0.0,0.0,0.0,27.5398,71.9153,Bhadla_Solar_Park
2023-07-12 02:00:00,31.0,63,980.4,14,20.5,0.0,0.0,0.0,0.0,27.5398,71.9153,Bhadla_Solar_Park
2023-07-12 03:00:00,30.4,66,980.5,94,19.5,0.0,0.0,0.0,0.0,27.5398,71.9153,Bhadla_Solar_Park
2023-07-12 04:00:00,29.7,69,980.9,27,20.0,0.0,0.0,0.0,0.0,27.5398,71.9153,Bhadla_Solar_Park
2023-07-12 05:00:00,30.0,69,980.9,42,18.1,0.0,0.0,0.0,0.0,27.5398,71.9153,Bhadla_Solar_Park
2023-07-12 06:00:00,29.8,69,981.8,99,17.0,9.0,0.0,9.0,0.0,27.5398,71.9153,Bhadla_Solar_Park
2023-07-12 07:00:00,30.1,66,982.0,89,18.2,92.0,69.2,77.0,15.0,27.5398,71.9153,Bhadla_Solar_Park
2023-07-12 08:00:00,31.3,60,982.5,86,18.7,241.0,198.9,156.0,85.0,27.5398,71.9153,Bhadla_Solar_Park
2023-07-12 09:00:00,33.3,51,982.6,92,20.2,424.0,328.9,220.0,204.0,27.5398,71.9153,Bhadla_Solar_Park
2023-07-12 10:00:00,35.6,41,982.4,77,20.2,595.0,419.0,267.0,328.0,27.5398,71.9153,Bhadla_Solar_Park
2023-07-12 11:00:00,37.8,33,981.9,88,18.0,731.0,476.8,300.0,431.0,27.5398,71.9153,Bhadla_Solar_Park
2023-07-12 12:00:00,39.4,29,981.1,50,14.9,811.0,504.5,319.0,492.0,27.5398,71.9153,Bhadla_Solar_Park
2023-07-12 13:00:00,40.4,27,980.4,62,9.5,833.0,516.2,321.0,512.0,27.5398,71.9153,Bhadla_Solar_Park
2023-07-12 14:00:00,40.6,26,979.6,46,7.1,629.0,337.0,308.0,321.0,27.5398,71.9153,Bhadla_Solar_Park
2023-07-12 15:00:00,40.9,24,979.1,97,5.6,558.0,326.6,277.0,281.0,27.5398,71.9153,Bhadla_Solar_Park
2023-07-12 16:00:00,41.3,24,978.5,100,7.3,472.0,319.0,242.0,230.0,27.5398,71.9153,Bhadla_Solar_Park
2023-07-12 17:00:00,42.5,21,978.1,100,8.5,325.0,231.4,199.0,126.0,27.5398,71.9153,Bhadla_Solar_Park
2023-07-12 18:00:00,41.6,21,978.4,100,11.7,155.0,119.7,114.0,41.0,27.5398,71.9153,Bhadla_Solar_Park
2023-07-12 19:00:00,39.9,25,978.8,100,9.5,44.0,28.7,40.0,4.0,27.5398,71.9153,Bhadla_Solar_Park
2023-07-12 20:00:00,36.1,39,979.7,65,24.3,0.0,0.0,0.0,0.0,27.5398,71.9153,Bhadla_Solar_Park
2023-07-12 21:00:00,33.8,53,980.1,25,25.5,0.0,0.0,0.0,0.0,27.5398,71.9153,Bhadla_Solar_Park
2023-07-12 22:00:00,34.7,43,980.7,3,15.3,0.0,0.0,0.0,0.0,27.5398,71.9153,Bhadla_Solar_Park
2023-07-12 23:00:00,34.4,46,981.0,3,17.1,0.0,0.0,0.0,0.0,27.5398,71.9153,Bhadla_Solar_Park
2023-07-13 00:00:00,33.2,57,980.8,0,21.5,0.0,0.0,0.0,0.0,27.5398,71.9153,Bhadla_Solar_Park
2023-07-13 01:00:00,32.4,63,980.3,1,23.6,0.0,0.0,0.0,0.0,27.5398,71.9153,Bhadla_Solar_Park
2023-07-13 02:00:00,31.7,65,980.3,0,22.4,0.0,0.0,0.0,0.0,27.5398,71.9153,Bhadla_Solar_Park
2023-07-13 03:00:00,31.2,65,980.7,0,20.3,0.0,0.0,0.0,0.0,27.5398,71.9153,Bhadla_Solar_Park
2023-07-13 04:00:00,30.6,64,980.7,1,20.8,0.0,0.0,0.0,0.0,27.5398,71.9153,Bhadla_Solar_Park
2023-07-13 05:00:00,30.8,62,980.5,1,19.1,0.0,0.0,0.0,0.0,27.5398,71.9153,Bhadla_Solar_Park
2023-07-13 06:00:00,30.3,63,981.1,0,20.2,8.0,0.0,8.0,0.0,27.5398,71.9153,Bhadla_Solar_Park
2023-07-13 07:00:00,30.6,62,981.7,0,21.3,91.0,69.6,76.0,15.0,27.5398,71.9153,Bhadla_Solar_Park
2023-07-13 08:00:00,31.7,59,982.0,0,21.4,243.0,204.2,156.0,87.0,27.5398,71.9153,Bhadla_Solar_Park
2023-07-13 09:00:00,33.5,52,982.2,0,19.6,423.0,331.0,218.0,205.0,27.5398,71.9153,Bhadla_Solar_Park
2023-07-13 10:00:00,35.5,44,982.3,0,18.7,593.0,419.4,265.0,328.0,27.5398,71.9153,Bhadla_Solar_Park
2023-07-13 11:00:00,37.7,36,981.8,0,18.2,729.0,478.2,297.0,432.0,27.5398,71.9153,Bhadla_Solar_Park
2023-07-13 12:00:00,39.6,29,981.2,0,16.9,812.0,510.8,314.0,498.0,27.5398,71.9153,Bhadla_Solar_Park
2023-07-13 13:00:00,40.9,25,980.4,3,14.3,832.0,518.4,318.0,514.0,27.5398,71.9153,Bhadla_Solar_Park
2023-07-13 14:00:00,41.8,23,979.4,38,12.9,776.0,492.4,307.0,469.0,27.5398,71.9153,Bhadla_Solar_Park
2023-07-13 15:00:00,41.8,23,978.7,10,11.9,562.0,352.3,259.0,303.0,27.5398,71.9153,Bhadla_Solar_Park
2023-07-13 16:00:00,42.2,22,978.4,20,12.7,490.0,348.2,239.0,251.0,27.5398,71.9153,Bhadla_Solar_Park
2023-07-13 17:00:00,41.3,25,978.4,45,8.3,313.0,235.2,185.0,128.0,27.5398,71.9153,Bhadla_Solar_Park
2023-07-13 18:00:00,40.7,26,978.9,98,15.1,150.0,108.1,113.0,37.0,27.5398,71.9153,Bhadla_Solar_Park
2023-07-13 19:00:00,35.6,36,979.7,72,28.8,35.0,21.6,32.0,3.0,27.5398,71.9153,Bhadla_Solar_Park
2023-07-13 20:00:00,34.7,42,979.9,59,22.9,0.0,0.0,0.0,0.0,27.5398,71.9153,Bhadla_Solar_Park
2023-07-13 21:00:00,33.7,46,981.0,85,20.7,0.0,0.0,0.0,0.0,27.5398,71.9153,Bhadla_Solar_Park
2023-07-13 22:00:00,32.3,58,981.8,66,21.6,0.0,0.0,0.0,0.0,27.5398,71.9153,Bhadla_Solar_Park
2023-07-13 23:00:00,31.5,65,981.7,14,18.1,0.0,0.0,0.0,0.0,27.5398,71.9153,Bhadla_Solar_Park
2023-07-14 00:00:00,32.5,65,981.5,73,23.2,0.0,0.0,0.0,0.0,27.5398,71.9153,Bhadla_Solar_Park
2023-07-14 01:00:00,32.0,66,981.5,100,24.2,0.0,0.0,0.0,0.0,27.5398,71.9153,Bhadla_Solar_Park
2023-07-14 02:00:00,31.3,67,981.2,72,23.9,0.0,0.0,0.0,0.0,27.5398,71.9153,Bhadla_Solar_Park
2023-07-14 03:00:00,30.9,68,981.4,8,24.7,0.0,0.0,0.0,0.0,27.5398,71.9153,Bhadla_Solar_Park
2023-07-14 04:00:00,30.5,68,981.8,58,25.3,0.0,0.0,0.0,0.0,27.5398,71.9153,Bhadla_Solar_Park
2023-07-14 05:00:00,30.6,67,981.4,95,25.9,0.0,0.0,0.0,0.0,27.5398,71.9153,Bhadla_Solar_Park
2023-07-14 06:00:00,30.2,67,982.5,99,22.5,8.0,0.0,8.0,0.0,27.5398,71.9153,Bhadla_Solar_Park
2023-07-14 07:00:00,30.5,66,982.9,85,22.6,87.0,51.4,76.0,11.0,27.5398,71.9153,Bhadla_Solar_Park
2023-07-14 08:00:00,31.5,62,982.8,11,23.7,232.0,181.3,155.0,77.0,27.5398,71.9153,Bhadla_Solar_Park
2023-07-14 09:00:00,33.1,55,983.3,21,22.4,414.0,318.6,217.0,197.0,27.5398,71.9153,Bhadla_Solar_Park
2023-07-14 10:00:00,35.0,48,983.5,53,17.1,580.0,399.3,268.0,312.0,27.5398,71.9153,Bhadla_Solar_Park
2023-07-14 11:00:00,36.7,41,983.5,24,14.6,716.0,461.9,299.0,417.0,27.5398,71.9153,Bhadla_Solar_Park
2023-07-14 12:00:00,38.3,35,982.9,18,14.1,798.0,494.6,316.0,482.0,27.5398,71.9153,Bhadla_Solar_Park
2023-07-14 13:00:00,39.6,31,981.9,4,14.8,816.0,500.3,320.0,496.0,27.5398,71.9153,Bhadla_Solar_Park
2023-07-14 14:00:00,40.4,28,980.6,9,14.5,748.0,464.1,306.0,442.0,27.5398,71.9153,Bhadla_Solar_Park
2023-07-14 15:00:00,41.1,27,979.4,5,16.0,647.0,420.9,285.0,362.0,27.5398,71.9153,Bhadla_Solar_Park
2023-07-14 16:00:00,41.2,26,978.6,13,16.1,506.0,363.5,244.0,262.0,27.5398,71.9153,Bhadla_Solar_Park
2023-07-14 17:00:00,39.8,28,979.6,23,9.7,329.0,257.4,189.0,140.0,27.5398,71.9153,Bhadla_Solar_Park
2023-07-14 18:00:00,39.5,28,979.5,11,11.1,169.0,134.6,123.0,46.0,27.5398,71.9153,Bhadla_Solar_Park
2023-07-14 19:00:00,38.9,29,980.2,23,10.8,44.0,36.0,39.0,5.0,27.5398,71.9153,Bhadla_Solar_Park
2023-07-14 20:00:00,38.0,30,980.6,26,11.0,0.0,0.0,0.0,0.0,27.5398,71.9153,Bhadla_Solar_Park
2023-07-14 21:00:00,36.9,32,981.2,31,15.3,0.0,0.0,0.0,0.0,27.5398,71.9153,Bhadla_Solar_Park
2023-07-14 22:00:00,36.3,34,981.7,51,18.5,0.0,0.0,0.0,0.0,27.5398,71.9153,Bhadla_Solar_Park
2023-07-14 23:00:00,35.2,42,982.3,16,28.7,0.0,0.0,0.0,0.0,27.5398,71.9153,Bhadla_Solar_Park
2023-07-15 00:00:00,33.3,56,982.2,0,32.2,0.0,0.0,0.0,0.0,27.5398,71.9153,Bhadla_Solar_Park
2023-07-15 01:00:00,32.5,58,981.3,0,30.8,0.0,0.0,0.0,0.0,27.5398,71.9153,Bhadla_Solar_Park
2023-07-15 02:00:00,32.0,58,981.2,0,28.1,0.0,0.0,0.0,0.0,27.5398,71.9153,Bhadla_Solar_Park
2023-07-15 03:00:00,31.4,58,981.3,0,28.0,0.0,0.0,0.0,0.0,27.5398,71.9153,Bhadla_Solar_Park
2023-07-15 04:00:00,30.7,61,981.3,0,28.4,0.0,0.0,0.0,0.0,27.5398,71.9153,Bhadla_Solar_Park
2023-07-15 05:00:00,31.3,62,981.1,0,26.9,0.0,0.0,0.0,0.0,27.5398,71.9153,Bhadla_Solar_Park
2023-07-15 06:00:00,30.6,63,981.9,0,24.7,8.0,0.0,8.0,0.0,27.5398,71.9153,Bhadla_Solar_Park
2023-07-15 07:00:00,30.7,62,982.4,0,23.5,87.0,65.9,73.0,14.0,27.5398,71.9153,Bhadla_Solar_Park
2023-07-15 08:00:00,31.6,59,982.7,0,23.7,237.0,196.0,154.0,83.0,27.5398,71.9153,Bhadla_Solar_Park
2023-07-15 09:00:00,33.1,53,982.9,0,23.5,415.0,320.7,217.0,198.0,27.5398,71.9153,Bhadla_Solar_Park
2023-07-15 10:00:00,34.8,46,983.1,0,23.4,586.0,412.5,264.0,322.0,27.5398,71.9153,Bhadla_Solar_Park
2023-07-15 11:00:00,36.3,42,982.6,0,22.4,719.0,468.8,296.0,423.0,27.5398,71.9153,Bhadla_Solar_Park
2023-07-15 12:00:00,37.6,38,981.9,13,21.1,802.0,501.0,314.0,488.0,27.5398,71.9153,Bhadla_Solar_Park
2023-07-15 13:00:00,38.7,35,980.8,0,20.1,824.0,509.5,319.0,505.0,27.5398,71.9153,Bhadla_Solar_Park
2023-07-15 14:00:00,39.5,32,979.5,4,19.4,781.0,497.9,307.0,474.0,27.5398,71.9153,Bhadla_Solar_Park
2023-07-15 15:00:00,39.9,31,978.3,11,19.7,672.0,454.8,281.0,391.0,27.5398,71.9153,Bhadla_Solar_Park
2023-07-15 16:00:00,40.1,30,977.9,27,20.4,507.0,370.6,240.0,267.0,27.5398,71.9153,Bhadla_Solar_Park
2023-07-15 17:00:00,38.6,32,979.0,100,18.7,322.0,250.2,186.0,136.0,27.5398,71.9153,Bhadla_Solar_Park
2023-07-15 18:00:00,38.2,33,979.4,10,18.1,170.0,140.7,122.0,48.0,27.5398,71.9153,Bhadla_Solar_Park
2023-07-15 19:00:00,37.5,34,980.1,83,19.5,44.0,36.1,39.0,5.0,27.5398,71.9153,Bhadla_Solar_Park
2023-07-15 20:00:00,36.6,36,980.7,100,17.7,0.0,0.0,0.0,0.0,27.5398,71.9153,Bhadla_Solar_Park
2023-07-15 21:00:00,36.0,39,981.3,100,17.7,0.0,0.0,0.0,0.0,27.5398,71.9153,Bhadla_Solar_Park
2023-07-15 22:00:00,35.4,42,981.6,100,19.5,0.0,0.0,0.0,0.0,27.5398,71.9153,Bhadla_Solar_Park
2023-07-15 23:00:00,34.8,44,981.7,100,17.2,0.0,0.0,0.0,0.0,27.5398,71.9153,Bhadla_Solar_Park
2023-07-16 00:00:00,34.2,46,981.4,100,17.7,0.0,0.0,0.0,0.0,27.5398,71.9153,Bhadla_Solar_Park
2023-07-16 01:00:00,32.6,57,981.0,100,27.6,0.0,0.0,0.0,0.0,27.5398,71.9153,Bhadla_Solar_Park
2023-07-16 02:00:00,32.7,56,980.6,73,26.0,0.0,0.0,0.0,0.0,27.5398,71.9153,Bhadla_Solar_Park
2023-07-16 03:00:00,31.6,57,980.9,0,30.6,0.0,0.0,0.0,0.0,27.5398,71.9153,Bhadla_Solar_Park
2023-07-16 04:00:00,30.5,60,981.2,0,28.1,0.0,0.0,0.0,0.0,27.5398,71.9153,Bhadla_Solar_Park
2023-07-16 05:00:00,31.0,60,981.2,0,24.6,0.0,0.0,0.0,0.0,27.5398,71.9153,Bhadla_Solar_Park
2023-07-16 06:00:00,30.6,61,981.6,92,22.2,7.0,0.0,7.0,0.0,27.5398,71.9153,Bhadla_Solar_Park
2023-07-16 07:00:00,30.8,61,982.1,68,22.7,87.0,61.6,74.0,13.0,27.5398,71.9153,Bhadla_Solar_Park
2023-07-16 08:00:00,31.6,58,982.2,33,23.2,230.0,184.7,152.0,78.0,27.5398,71.9153,Bhadla_Solar_Park
2023-07-16 09:00:00,33.2,53,982.4,50,23.2,414.0,319.6,217.0,197.0,27.5398,71.9153,Bhadla_Solar_Park
2023-07-16 10:00:00,34.8,47,982.9,36,22.9,579.0,398.8,268.0,311.0,27.5398,71.9153,Bhadla_Solar_Park
2023-07-16 11:00:00,36.1,43,982.6,19,22.9,715.0,463.5,297.0,418.0,27.5398,71.9153,Bhadla_Solar_Park
2023-07-16 12:00:00,37.3,40,982.1,0,21.4,798.0,496.0,315.0,483.0,27.5398,71.9153,Bhadla_Solar_Park
2023-07-16 13:00:00,38.3,36,981.2,0,19.0,818.0,503.6,319.0,499.0,27.5398,71.9153,Bhadla_Solar_Park
2023-07-16 14:00:00,39.0,34,980.0,1,17.4,775.0,491.7,307.0,468.0,27.5398,71.9153,Bhadla_Solar_Park
2023-07-16 15:00:00,39.5,32,979.5,72,16.6,668.0,450.3,281.0,387.0,27.5398,71.9153,Bhadla_Solar_Park
2023-07-16 16:00:00,39.8,31,978.7,98,16.9,522.0,386.1,244.0,278.0,27.5398,71.9153,Bhadla_Solar_Park
2023-07-16 17:00:00,38.5,34,979.5,96,17.6,341.0,276.3,191.0,150.0,27.5398,71.9153,Bhadla_Solar_Park
2023-07-16 18:00:00,38.2,34,979.7,67,17.2,171.0,138.1,124.0,47.0,27.5398,71.9153,Bhadla_Solar_Park
2023-07-16 19:00:00,37.4,35,980.0,67,15.9,43.0,36.2,38.0,5.0,27.5398,71.9153,Bhadla_Solar_Park
2023-07-16 20:00:00,36.8,38,980.7,81,9.9,0.0,0.0,0.0,0.0,27.5398,71.9153,Bhadla_Solar_Park
2023-07-16 21:00:00,36.1,40,981.3,38,9.2,0.0,0.0,0.0,0.0,27.5398,71.9153,Bhadla_Solar_Park
2023-07-16 22:00:00,35.3,42,981.7,93,9.2,0.0,0.0,0.0,0.0,27.5398,71.9153,Bhadla_Solar_Park
2023-07-16 23:00:00,34.5,45,981.8,72,12.6,0.0,0.0,0.0,0.0,27.5398,71.9153,Bhadla_Solar_Park
2023-07-17 00:00:00,33.4,50,981.6,69,24.3,0.0,0.0,0.0,0.0,27.5398,71.9153,Bhadla_Solar_Park
2023-07-17 01:00:00,33.0,52,981.3,88,18.3,0.0,0.0,0.0,0.0,27.5398,71.9153,Bhadla_Solar_Park
2023-07-17 02:00:00,32.6,54,981.1,100,18.5,0.0,0.0,0.0,0.0,27.5398,71.9153,Bhadla_Solar_Park
2023-07-17 03:00:00,32.3,56,981.2,100,20.9,0.0,0.0,0.0,0.0,27.5398,71.9153,Bhadla_Solar_Park
2023-07-17 04:00:00,31.7,60,981.4,100,22.2,0.0,0.0,0.0,0.0,27.5398,71.9153,Bhadla_Solar_Park
2023-07-17 05:00:00,32.1,61,980.9,99,19.0,0.0,0.0,0.0,0.0,27.5398,71.9153,Bhadla_Solar_Park
2023-07-17 06:00:00,31.7,62,981.2,100,22.2,7.0,0.0,7.0,0.0,27.5398,71.9153,Bhadla_Solar_Park
2023-07-17 07:00:00,31.6,60,982.0,100,20.5,85.0,57.3,73.0,12.0,27.5398,71.9153,Bhadla_Solar_Park
2023-07-17 08:00:00,32.5,57,982.3,95,21.2,230.0,180.5,154.0,76.0,27.5398,71.9153,Bhadla_Solar_Park
2023-07-17 09:00:00,34.0,52,982.4,82,19.3,388.0,281.1,215.0,173.0,27.5398,71.9153,Bhadla_Solar_Park
2023-07-17 10:00:00,35.7,46,982.2,42,17.1,577.0,401.7,264.0,313.0,27.5398,71.9153,Bhadla_Solar_Park
2023-07-17 11:00:00,37.3,41,981.7,52,13.9,711.0,461.6,295.0,416.0,27.5398,71.9153,Bhadla_Solar_Park
2023-07-17 12:00:00,38.6,37,981.3,92,11.7,794.0,494.2,313.0,481.0,27.5398,71.9153,Bhadla_Solar_Park
2023-07-17 13:00:00,39.7,34,980.5,94,9.9,806.0,481.6,329.0,477.0,27.5398,71.9153,Bhadla_Solar_Park
2023-07-17 14:00:00,40.4,32,979.3,78,9.5,743.0,434.0,330.0,413.0,27.5398,71.9153,Bhadla_Solar_Park
2023-07-17 15:00:00,41.0,31,978.3,100,9.7,665.0,443.4,284.0,381.0,27.5398,71.9153,Bhadla_Solar_Park
2023-07-17 16:00:00,41.1,30,977.6,100,9.2,493.0,336.3,251.0,242.0,27.5398,71.9153,Bhadla_Solar_Park
2023-07-17 17:00:00,39.4,33,978.5,100,6.4,269.0,154.9,185.0,84.0,27.5398,71.9153,Bhadla_Solar_Park
2023-07-17 18:00:00,39.1,33,978.8,100,6.2,165.0,126.6,122.0,43.0,27.5398,71.9153,Bhadla_Solar_Park
2023-07-17 19:00:00,38.7,34,978.9,100,7.7,38.0,21.8,35.0,3.0,27.5398,71.9153,Bhadla_Solar_Park
2023-07-17 20:00:00,38.3,34,979.5,100,8.2,0.0,0.0,0.0,0.0,27.5398,71.9153,Bhadla_Solar_Park
2023-07-17 21:00:00,37.7,36,980.1,100,5.9,0.0,0.0,0.0,0.0,27.5398,71.9153,Bhadla_Solar_Park
2023-07-17 22:00:00,37.1,37,980.3,100,7.6,0.0,0.0,0.0,0.0,27.5398,71.9153,Bhadla_Solar_Park
2023-07-17 23:00:00,36.6,38,980.1,95,11.8,0.0,0.0,0.0,0.0,27.5398,71.9153,Bhadla_Solar_Park
2023-07-18 00:00:00,35.9,40,979.8,93,14.6,0.0,0.0,0.0,0.0,27.5398,71.9153,Bhadla_Solar_Park
2023-07-18 01:00:00,34.8,45,979.4,94,19.6,0.0,0.0,0.0,0.0,27.5398,71.9153,Bhadla_Solar_Park
2023-07-18 02:00:00,33.6,51,979.2,100,23.8,0.0,0.0,0.0,0.0,27.5398,71.9153,Bhadla_Solar_Park
2023-07-18 03:00:00,33.1,53,979.5,100,25.3,0.0,0.0,0.0,0.0,27.5398,71.9153,Bhadla_Solar_Park
2023-07-18 04:00:00,32.4,57,979.8,100,22.9,0.0,0.0,0.0,0.0,27.5398,71.9153,Bhadla_Solar_Park
2023-07-18 05:00:00,32.1,60,979.4,100,22.2,0.0,0.0,0.0,0.0,27.5398,71.9153,Bhadla_Solar_Park
2023-07-18 06:00:00,31.8,62,980.1,12,21.6,7.0,0.0,7.0,0.0,27.5398,71.9153,Bhadla_Solar_Park
2023-07-18 07:00:00,32.3,61,981.0,18,22.7,85.0,62.5,72.0,13.0,27.5398,71.9153,Bhadla_Solar_Park
2023-07-18 08:00:00,33.3,58,981.0,71,23.0,230.0,185.7,152.0,78.0,27.5398,71.9153,Bhadla_Solar_Park
2023-07-18 09:00:00,34.9,52,981.1,100,23.4,404.0,306.0,216.0,188.0,27.5398,71.9153,Bhadla_Solar_Park
2023-07-18 10:00:00,36.7,45,981.1,89,21.3,572.0,396.9,263.0,309.0,27.5398,71.9153,Bhadla_Solar_Park
2023-07-18 11:00:00,38.3,40,980.7,46,17.8,701.0,445.2,300.0,401.0,27.5398,71.9153,Bhadla_Solar_Park
2023-07-18 12:00:00,39.5,36,980.0,7,14.3,759.0,443.0,328.0,431.0,27.5398,71.9153,Bhadla_Solar_Park
2023-07-18 13:00:00,40.3,34,979.1,21,10.6,773.0,469.6,308.0,465.0,27.5398,71.9153,Bhadla_Solar_Park
2023-07-18 14:00:00,40.7,33,978.1,35,6.2,711.0,420.5,311.0,400.0,27.5398,71.9153,Bhadla_Solar_Park
2023-07-18 15:00:00,41.0,32,977.0,100,6.7,590.0,356.3,284.0,306.0,27.5398,71.9153,Bhadla_Solar_Park
2023-07-18 16:00:00,40.8,32,976.3,100,7.9,448.0,265.6,257.0,191.0,27.5398,71.9153,Bhadla_Solar_Park
2023-07-18 17:00:00,39.6,35,977.1,100,10.4,320.0,221.5,200.0,120.0,27.5398,71.9153,Bhadla_Solar_Park
2023-07-18 18:00:00,38.7,37,977.4,100,6.2,97.0,5.9,95.0,2.0,27.5398,71.9153,Bhadla_Solar_Park
2023-07-18 19:00:00,37.4,42,978.1,100,10.7,32.0,0.0,32.0,0.0,27.5398,71.9153,Bhadla_Solar_Park
2023-07-18 20:00:00,36.7,44,978.6,100,13.9,0.0,0.0,0.0,0.0,27.5398,71.9153,Bhadla_Solar_Park
2023-07-18 21:00:00,36.2,45,979.3,100,15.2,0.0,0.0,0.0,0.0,27.5398,71.9153,Bhadla_Solar_Park
2023-07-18 22:00:00,35.7,46,979.5,100,13.8,0.0,0.0,0.0,0.0,27.5398,71.9153,Bhadla_Solar_Park
2023-07-18 23:00:00,35.5,47,979.3,100,12.4,0.0,0.0,0.0,0.0,27.5398,71.9153,Bhadla_Solar_Park
2023-07-19 00:00:00,34.5,51,979.0,100,19.7,0.0,0.0,0.0,0.0,27.5398,71.9153,Bhadla_Solar_Park
2023-07-19 01:00:00,33.6,54,978.0,99,13.8,0.0,0.0,0.0,0.0,27.5398,71.9153,Bhadla_Solar_Park
2023-07-19 02:00:00,33.8,51,977.8,56,15.7,0.0,0.0,0.0,0.0,27.5398,71.9153,Bhadla_Solar_Park
2023-07-19 03:00:00,33.8,50,977.8,97,13.8,0.0,0.0,0.0,0.0,27.5398,71.9153,Bhadla_Solar_Park
2023-07-19 04:00:00,33.6,49,978.0,100,11.2,0.0,0.0,0.0,0.0,27.5398,71.9153,Bhadla_Solar_Park
2023-07-19 05:00:00,32.6,58,978.3,100,17.6,0.0,0.0,0.0,0.0,27.5398,71.9153,Bhadla_Solar_Park
2023-07-19 06:00:00,32.1,62,978.9,100,17.9,7.0,0.0,7.0,0.0,27.5398,71.9153,Bhadla_Solar_Park
2023-07-19 07:00:00,32.5,62,979.7,98,18.7,80.0,43.6,71.0,9.0,27.5398,71.9153,Bhadla_Solar_Park
2023-07-19 08:00:00,33.7,57,979.9,90,15.0,229.0,183.9,152.0,77.0,27.5398,71.9153,Bhadla_Solar_Park
2023-07-19 09:00:00,35.5,50,979.7,21,13.3,410.0,319.5,214.0,196.0,27.5398,71.9153,Bhadla_Solar_Park
2023-07-19 10:00:00,37.3,43,979.5,98,10.8,585.0,420.5,258.0,327.0,27.5398,71.9153,Bhadla_Solar_Park
2023-07-19 11:00:00,38.6,39,978.9,31,6.0,713.0,465.5,294.0,419.0,27.5398,71.9153,Bhadla_Solar_Park
2023-07-19 12:00:00,39.8,35,978.5,99,0.8,798.0,504.9,307.0,491.0,27.5398,71.9153,Bhadla_Solar_Park
2023-07-19 13:00:00,40.3,34,977.8,100,2.9,650.0,365.7,288.0,362.0,27.5398,71.9153,Bhadla_Solar_Park
2023-07-19 14:00:00,40.9,32,977.2,100,5.4,670.0,375.4,313.0,357.0,27.5398,71.9153,Bhadla_Solar_Park
2023-07-19 15:00:00,41.1,31,976.0,100,5.2,510.0,228.3,314.0,196.0,27.5398,71.9153,Bhadla_Solar_Park
2023-07-19 16:00:00,39.2,37,975.7,100,23.0,216.0,52.9,178.0,38.0,27.5398,71.9153,Bhadla_Solar_Park
2023-07-19 17:00:00,34.7,55,976.9,100,13.8,217.0,70.2,179.0,38.0,27.5398,71.9153,Bhadla_Solar_Park
2023-07-19 18:00:00,34.4,57,977.7,100,12.0,129.0,44.4,114.0,15.0,27.5398,71.9153,Bhadla_Solar_Park
2023-07-19 19:00:00,33.0,64,978.6,100,10.9,31.0,0.0,31.0,0.0,27.5398,71.9153,Bhadla_Solar_Park
2023-07-19 20:00:00,32.2,68,979.2,100,12.1,0.0,0.0,0.0,0.0,27.5398,71.9153,Bhadla_Solar_Park
2023-07-19 21:00:00,31.7,71,979.8,100,11.2,0.0,0.0,0.0,0.0,27.5398,71.9153,Bhadla_Solar_Park
2023-07-19 22:00:00,31.6,70,980.4,100,14.7,0.0,0.0,0.0,0.0,27.5398,71.9153,Bhadla_Solar_Park
2023-07-19 23:00:00,30.0,76,980.0,100,14.2,0.0,0.0,0.0,0.0,27.5398,71.9153,Bhadla_Solar_Park
2023-07-20 00:00:00,29.6,78,979.9,100,10.9,0.0,0.0,0.0,0.0,27.5398,71.9153,Bhadla_Solar_Park
2023-07-20 01:00:00,29.4,81,979.5,100,7.2,0.0,0.0,0.0,0.0,27.5398,71.9153,Bhadla_Solar_Park
2023-07-20 02:00:00,29.2,82,979.4,100,6.2,0.0,0.0,0.0,0.0,27.5398,71.9153,Bhadla_Solar_Park
2023-07-20 03:00:00,29.1,82,979.8,100,6.4,0.0,0.0,0.0,0.0,27.5398,71.9153,Bhadla_Solar_Park
2023-07-20 04:00:00,29.0,82,979.5,100,4.9,0.0,0.0,0.0,0.0,27.5398,71.9153,Bhadla_Solar_Park
2023-07-20 05:00:00,28.6,85,980.1,100,9.3,0.0,0.0,0.0,0.0,27.5398,71.9153,Bhadla_Solar_Park
2023-07-20 06:00:00,28.4,86,980.7,99,8.7,6.0,0.0,6.0,0.0,27.5398,71.9153,Bhadla_Solar_Park
2023-07-20 07:00:00,28.7,85,981.0,100,9.8,73.0,29.3,67.0,6.0,27.5398,71.9153,Bhadla_Solar_Park
2023-07-20 08:00:00,30.1,80,981.5,97,6.4,213.0,134.2,157.0,56.0,27.5398,71.9153,Bhadla_Solar_Park
2023-07-20 09:00:00,32.1,71,981.2,98,8.8,399.0,293.9,219.0,180.0,27.5398,71.9153,Bhadla_Solar_Park
2023-07-20 10:00:00,33.6,64,981.2,94,10.8,566.0,379.7,271.0,295.0,27.5398,71.9153,Bhadla_Solar_Park
2023-07-20 11:00:00,34.9,59,980.6,11,12.7,686.0,420.2,308.0,378.0,27.5398,71.9153,Bhadla_Solar_Park
2023-07-20 12:00:00,35.9,54,980.4,23,9.7,756.0,458.8,310.0,446.0,27.5398,71.9153,Bhadla_Solar_Park
2023-07-20 13:00:00,36.6,51,980.0,39,11.3,766.0,456.8,314.0,452.0,27.5398,71.9153,Bhadla_Solar_Park
2023-07-20 14:00:00,36.9,50,979.1,70,8.4,670.0,387.1,302.0,368.0,27.5398,71.9153,Bhadla_Solar_Park
2023-07-20 15:00:00,37.3,48,978.1,100,4.7,604.0,374.1,283.0,321.0,27.5398,71.9153,Bhadla_Solar_Park
2023-07-20 16:00:00,36.9,48,977.3,100,2.6,419.0,263.2,230.0,189.0,27.5398,71.9153,Bhadla_Solar_Park
2023-07-20 17:00:00,35.0,56,978.5,36,9.3,284.0,170.3,192.0,92.0,27.5398,71.9153,Bhadla_Solar_Park
2023-07-20 18:00:00,34.5,60,978.5,16,8.2,158.0,127.7,115.0,43.0,27.5398,71.9153,Bhadla_Solar_Park
2023-07-20 19:00:00,33.5,67,979.3,59,10.2,41.0,36.7,36.0,5.0,27.5398,71.9153,Bhadla_Solar_Park
2023-07-20 20:00:00,32.6,72,979.8,97,9.8,0.0,0.0,0.0,0.0,27.5398,71.9153,Bhadla_Solar_Park
2023-07-20 21:00:00,32.0,75,980.4,12,8.1,0.0,0.0,0.0,0.0,27.5398,71.9153,Bhadla_Solar_Park
2023-07-20 22:00:00,31.7,78,980.9,29,6.8,0.0,0.0,0.0,0.0,27.5398,71.9153,Bhadla_Solar_Park
2023-07-20 23:00:00,31.4,82,981.1,5,4.4,0.0,0.0,0.0,0.0,27.5398,71.9153,Bhadla_Solar_Park
2023-07-21 00:00:00,31.3,81,981.4,98,4.7,0.0,0.0,0.0,0.0,27.5398,71.9153,Bhadla_Solar_Park
2023-07-21 01:00:00,28.7,85,980.1,100,17.7,0.0,0.0,0.0,0.0,27.5398,71.9153,Bhadla_Solar_Park
2023-07-21 02:00:00,28.5,86,980.3,100,9.1,0.0,0.0,0.0,0.0,27.5398,71.9153,Bhadla_Solar_Park
2023-07-21 03:00:00,28.4,87,980.4,100,6.4,0.0,0.0,0.0,0.0,27.5398,71.9153,Bhadla_Solar_Park
2023-07-21 04:00:00,28.1,89,980.5,100,10.3,0.0,0.0,0.0,0.0,27.5398,71.9153,Bhadla_Solar_Park
2023-07-21 05:00:00,30.1,90,980.6,100,3.6,0.0,0.0,0.0,0.0,27.5398,71.9153,Bhadla_Solar_Park
2023-07-21 06:00:00,30.1,88,981.4,100,7.1,6.0,0.0,6.0,0.0,27.5398,71.9153,Bhadla_Solar_Park
2023-07-21 07:00:00,30.4,84,982.3,100,5.1,65.0,9.8,63.0,2.0,27.5398,71.9153,Bhadla_Solar_Park
2023-07-21 08:00:00,31.4,79,982.5,100,6.1,201.0,96.1,161.0,40.0,27.5398,71.9153,Bhadla_Solar_Park
2023-07-21 09:00:00,32.8,71,982.6,99,9.2,387.0,264.9,225.0,162.0,27.5398,71.9153,Bhadla_Solar_Park
2023-07-21 10:00:00,34.2,63,982.2,99,13.9,543.0,350.5,271.0,272.0,27.5398,71.9153,Bhadla_Solar_Park
2023-07-21 11:00:00,35.5,57,981.9,92,13.7,709.0,459.4,296.0,413.0,27.5398,71.9153,Bhadla_Solar_Park
2023-07-21 12:00:00,36.7,51,981.6,98,10.7,783.0,482.7,314.0,469.0,27.5398,71.9153,Bhadla_Solar_Park
2023-07-21 13:00:00,37.6,47,981.2,100,9.7,785.0,460.0,330.0,455.0,27.5398,71.9153,Bhadla_Solar_Park
2023-07-21 14:00:00,38.2,46,980.4,95,8.8,753.0,459.9,316.0,437.0,27.5398,71.9153,Bhadla_Solar_Park
2023-07-21 15:00:00,38.2,44,979.8,39,7.6,594.0,360.3,285.0,309.0,27.5398,71.9153,Bhadla_Solar_Park
2023-07-21 16:00:00,37.4,46,979.6,45,13.4,471.0,327.5,236.0,235.0,27.5398,71.9153,Bhadla_Solar_Park
2023-07-21 17:00:00,37.7,44,979.9,36,13.4,299.0,205.7,188.0,111.0,27.5398,71.9153,Bhadla_Solar_Park
2023-07-21 18:00:00,34.9,54,980.8,100,8.7,142.0,101.3,108.0,34.0,27.5398,71.9153,Bhadla_Solar_Park
2023-07-21 19:00:00,34.2,57,980.9,98,11.9,35.0,22.1,32.0,3.0,27.5398,71.9153,Bhadla_Solar_Park
2023-07-21 20:00:00,34.0,59,981.0,98,6.9,0.0,0.0,0.0,0.0,27.5398,71.9153,Bhadla_Solar_Park
2023-07-21 21:00:00,33.2,72,982.1,100,2.5,0.0,0.0,0.0,0.0,27.5398,71.9153,Bhadla_Solar_Park
2023-07-21 22:00:00,28.5,83,983.8,100,15.6,0.0,0.0,0.0,0.0,27.5398,71.9153,Bhadla_Solar_Park
2023-07-21 23:00:00,28.8,84,984.4,100,13.5,0.0,0.0,0.0,0.0,27.5398,71.9153,Bhadla_Solar_Park
2023-07-22 00:00:00,28.8,84,983.4,100,4.0,0.0,0.0,0.0,0.0,27.5398,71.9153,Bhadla_Solar_Park
2023-07-22 01:00:00,28.6,86,982.5,100,4.9,0.0,0.0,0.0,0.0,27.5398,71.9153,Bhadla_Solar_Park
2023-07-22 02:00:00,28.4,89,982.0,100,7.4,0.0,0.0,0.0,0.0,27.5398,71.9153,Bhadla_Solar_Park
2023-07-22 03:00:00,28.2,90,981.8,100,4.1,0.0,0.0,0.0,0.0,27.5398,71.9153,Bhadla_Solar_Park
2023-07-22 04:00:00,28.1,90,982.7,100,5.1,0.0,0.0,0.0,0.0,27.5398,71.9153,Bhadla_Solar_Park
2023-07-22 05:00:00,28.1,88,982.4,100,3.4,0.0,0.0,0.0,0.0,27.5398,71.9153,Bhadla_Solar_Park
2023-07-22 06:00:00,28.0,90,983.6,100,4.9,6.0,0.0,6.0,0.0,27.5398,71.9153,Bhadla_Solar_Park
2023-07-22 07:00:00,28.4,88,983.9,100,9.4,74.0,29.7,68.0,6.0,27.5398,71.9153,Bhadla_Solar_Park
2023-07-22 08:00:00,29.2,84,984.1,99,10.8,205.0,106.1,161.0,44.0,27.5398,71.9153,Bhadla_Solar_Park
2023-07-22 09:00:00,30.7,80,984.1,91,10.8,404.0,306.4,217.0,187.0,27.5398,71.9153,Bhadla_Solar_Park
2023-07-22 10:00:00,32.0,76,984.0,97,14.1,579.0,414.0,258.0,321.0,27.5398,71.9153,Bhadla_Solar_Park
2023-07-22 11:00:00,33.2,71,984.2,83,13.4,712.0,466.4,293.0,419.0,27.5398,71.9153,Bhadla_Solar_Park
2023-07-22 12:00:00,34.3,65,983.9,100,13.0,787.0,492.2,309.0,478.0,27.5398,71.9153,Bhadla_Solar_Park
2023-07-22 13:00:00,35.0,63,982.9,100,13.5,787.0,452.1,340.0,447.0,27.5398,71.9153,Bhadla_Solar_Park
2023-07-22 14:00:00,35.7,59,981.9,100,14.1,679.0,363.3,334.0,345.0,27.5398,71.9153,Bhadla_Solar_Park
2023-07-22 15:00:00,35.9,57,980.9,100,10.5,578.0,315.0,308.0,270.0,27.5398,71.9153,Bhadla_Solar_Park
2023-07-22 16:00:00,36.3,55,980.5,100,5.9,473.0,288.8,266.0,207.0,27.5398,71.9153,Bhadla_Solar_Park
2023-07-22 17:00:00,35.8,56,980.9,100,8.8,319.0,222.8,199.0,120.0,27.5398,71.9153,Bhadla_Solar_Park
2023-07-22 18:00:00,34.8,64,981.2,99,9.7,158.0,110.6,121.0,37.0,27.5398,71.9153,Bhadla_Solar_Park
2023-07-22 19:00:00,33.5,71,981.7,100,10.0,40.0,29.6,36.0,4.0,27.5398,71.9153,Bhadla_Solar_Park
2023-07-22 20:00:00,32.6,73,982.3,100,13.2,0.0,0.0,0.0,0.0,27.5398,71.9153,Bhadla_Solar_Park
2023-07-22 21:00:00,32.0,75,982.9,98,11.9,0.0,0.0,0.0,0.0,27.5398,71.9153,Bhadla_Solar_Park
2023-07-22 22:00:00,31.6,76,983.3,100,14.2,0.0,0.0,0.0,0.0,27.5398,71.9153,Bhadla_Solar_Park
2023-07-22 23:00:00,31.2,78,983.5,100,15.9,0.0,0.0,0.0,0.0,27.5398,71.9153,Bhadla_Solar_Park
2023-07-23 00:00:00,30.7,80,983.5,100,17.7,0.0,0.0,0.0,0.0,27.5398,71.9153,Bhadla_Solar_Park
2023-07-23 01:00:00,30.2,83,982.9,100,17.0,0.0,0.0,0.0,0.0,27.5398,71.9153,Bhadla_Solar_Park
2023-07-23 02:00:00,29.7,85,983.1,100,17.3,0.0,0.0,0.0,0.0,27.5398,71.9153,Bhadla_Solar_Park
2023-07-23 03:00:00,27.7,89,983.5,100,23.1,0.0,0.0,0.0,0.0,27.5398,71.9153,Bhadla_Solar_Park
2023-07-23 04:00:00,27.4,87,982.1,75,12.4,0.0,0.0,0.0,0.0,27.5398,71.9153,Bhadla_Solar_Park
2023-07-23 05:00:00,29.0,87,982.8,90,12.9,0.0,0.0,0.0,0.0,27.5398,71.9153,Bhadla_Solar_Park
2023-07-23 06:00:00,29.2,87,983.3,100,15.1,6.0,0.0,6.0,0.0,27.5398,71.9153,Bhadla_Solar_Park
2023-07-23 07:00:00,30.1,84,983.8,100,13.3,80.0,44.9,71.0,9.0,27.5398,71.9153,Bhadla_Solar_Park
2023-07-23 08:00:00,31.1,78,984.2,100,19.6,217.0,169.3,147.0,70.0,27.5398,71.9153,Bhadla_Solar_Park
2023-07-23 09:00:00,31.6,72,984.7,100,21.2,395.0,280.6,224.0,171.0,27.5398,71.9153,Bhadla_Solar_Park
2023-07-23 10:00:00,32.8,68,984.3,100,21.0,564.0,369.3,278.0,286.0,27.5398,71.9153,Bhadla_Solar_Park
2023-07-23 11:00:00,34.0,64,984.0,100,23.8,701.0,435.5,310.0,391.0,27.5398,71.9153,Bhadla_Solar_Park
2023-07-23 12:00:00,34.9,58,983.4,100,22.5,725.0,411.1,326.0,399.0,27.5398,71.9153,Bhadla_Solar_Park
2023-07-23 13:00:00,35.8,53,982.4,100,24.9,773.0,463.5,315.0,458.0,27.5398,71.9153,Bhadla_Solar_Park
2023-07-23 14:00:00,36.2,51,981.1,100,27.0,726.0,447.7,301.0,425.0,27.5398,71.9153,Bhadla_Solar_Park
2023-07-23 15:00:00,36.1,52,980.0,100,27.3,636.0,384.1,307.0,329.0,27.5398,71.9153,Bhadla_Solar_Park
2023-07-23 16:00:00,36.2,51,979.6,100,24.7,486.0,321.2,256.0,230.0,27.5398,71.9153,Bhadla_Solar_Park
2023-07-23 17:00:00,35.2,55,979.8,97,23.8,307.0,187.8,206.0,101.0,27.5398,71.9153,Bhadla_Solar_Park
2023-07-23 18:00:00,34.3,59,980.2,95,19.6,140.0,81.0,113.0,27.0,27.5398,71.9153,Bhadla_Solar_Park
2023-07-23 19:00:00,33.7,62,980.8,72,19.7,36.0,14.9,34.0,2.0,27.5398,71.9153,Bhadla_Solar_Park
2023-07-23 20:00:00,32.7,67,980.9,58,18.2,0.0,0.0,0.0,0.0,27.5398,71.9153,Bhadla_Solar_Park
2023-07-23 21:00:00,32.1,70,981.7,7,16.1,0.0,0.0,0.0,0.0,27.5398,71.9153,Bhadla_Solar_Park
2023-07-23 22:00:00,31.4,74,982.2,24,15.9,0.0,0.0,0.0,0.0,27.5398,71.9153,Bhadla_Solar_Park
2023-07-23 23:00:00,30.7,76,982.3,40,14.8,0.0,0.0,0.0,0.0,27.5398,71.9153,Bhadla_Solar_Park
2023-07-24 00:00:00,30.2,79,982.3,35,14.7,0.0,0.0,0.0,0.0,27.5398,71.9153,Bhadla_Solar_Park
2023-07-24 01:00:00,29.4,83,981.7,28,14.8,0.0,0.0,0.0,0.0,27.5398,71.9153,Bhadla_Solar_Park
2023-07-24 02:00:00,29.2,84,981.4,9,14.3,0.0,0.0,0.0,0.0,27.5398,71.9153,Bhadla_Solar_Park
2023-07-24 03:00:00,28.8,84,980.8,36,13.6,0.0,0.0,0.0,0.0,27.5398,71.9153,Bhadla_Solar_Park
2023-07-24 04:00:00,28.5,86,980.9,44,9.5,0.0,0.0,0.0,0.0,27.5398,71.9153,Bhadla_Solar_Park
2023-07-24 05:00:00,29.3,85,981.1,16,9.3,0.0,0.0,0.0,0.0,27.5398,71.9153,Bhadla_Solar_Park
2023-07-24 06:00:00,29.6,83,981.2,96,9.7,5.0,0.0,5.0,0.0,27.5398,71.9153,Bhadla_Solar_Park
2023-07-24 07:00:00,30.4,80,982.0,85,7.9,77.0,45.3,68.0,9.0,27.5398,71.9153,Bhadla_Solar_Park
2023-07-24 08:00:00,31.6,74,982.0,97,9.1,229.0,181.9,154.0,75.0,27.5398,71.9153,Bhadla_Solar_Park
2023-07-24 09:00:00,31.7,73,982.5,98,1.8,329.0,208.8,202.0,127.0,27.5398,71.9153,Bhadla_Solar_Park
2023-07-24 10:00:00,33.2,68,982.1,97,6.1,425.0,219.7,255.0,170.0,27.5398,71.9153,Bhadla_Solar_Park
2023-07-24 11:00:00,32.7,70,982.2,91,20.7,632.0,363.4,306.0,326.0,27.5398,71.9153,Bhadla_Solar_Park
2023-07-24 12:00:00,30.5,77,982.2,100,13.4,420.0,137.1,287.0,133.0,27.5398,71.9153,Bhadla_Solar_Park
2023-07-24 13:00:00,31.0,75,980.9,97,8.1,388.0,68.8,320.0,68.0,27.5398,71.9153,Bhadla_Solar_Park
2023-07-24 14:00:00,32.5,71,979.8,100,6.8,699.0,338.3,378.0,321.0,27.5398,71.9153,Bhadla_Solar_Park
2023-07-24 15:00:00,32.9,70,978.9,100,9.1,589.0,300.3,332.0,257.0,27.5398,71.9153,Bhadla_Solar_Park
2023-07-24 16:00:00,33.4,69,978.6,91,6.9,458.0,250.2,279.0,179.0,27.5398,71.9153,Bhadla_Solar_Park
2023-07-24 17:00:00,32.2,71,978.6,100,2.3,292.0,191.9,189.0,103.0,27.5398,71.9153,Bhadla_Solar_Park
2023-07-24 18:00:00,30.9,76,979.7,100,8.3,154.0,90.3,124.0,30.0,27.5398,71.9153,Bhadla_Solar_Park
2023-07-24 19:00:00,28.5,85,981.3,100,5.2,19.0,0.0,19.0,0.0,27.5398,71.9153,Bhadla_Solar_Park
2023-07-24 20:00:00,28.6,85,980.3,100,2.3,0.0,0.0,0.0,0.0,27.5398,71.9153,Bhadla_Solar_Park
2023-07-24 21:00:00,28.3,87,980.8,100,6.6,0.0,0.0,0.0,0.0,27.5398,71.9153,Bhadla_Solar_Park
2023-07-24 22:00:00,28.2,89,981.5,100,5.4,0.0,0.0,0.0,0.0,27.5398,71.9153,Bhadla_Solar_Park
2023-07-24 23:00:00,28.3,89,982.3,100,2.4,0.0,0.0,0.0,0.0,27.5398,71.9153,Bhadla_Solar_Park
2023-07-25 00:00:00,28.2,89,982.0,100,4.0,0.0,0.0,0.0,0.0,27.5398,71.9153,Bhadla_Solar_Park
2023-07-25 01:00:00,28.0,92,981.3,100,8.7,0.0,0.0,0.0,0.0,27.5398,71.9153,Bhadla_Solar_Park
2023-07-25 02:00:00,27.8,92,980.5,100,10.7,0.0,0.0,0.0,0.0,27.5398,71.9153,Bhadla_Solar_Park
2023-07-25 03:00:00,27.5,93,980.2,100,10.2,0.0,0.0,0.0,0.0,27.5398,71.9153,Bhadla_Solar_Park
2023-07-25 04:00:00,27.4,93,980.5,100,13.9,0.0,0.0,0.0,0.0,27.5398,71.9153,Bhadla_Solar_Park
2023-07-25 05:00:00,27.5,90,981.3,100,8.6,0.0,0.0,0.0,0.0,27.5398,71.9153,Bhadla_Solar_Park
2023-07-25 06:00:00,27.7,90,981.8,100,4.5,3.0,0.0,3.0,0.0,27.5398,71.9153,Bhadla_Solar_Park
2023-07-25 07:00:00,27.9,89,983.2,100,13.1,55.0,0.0,55.0,0.0,27.5398,71.9153,Bhadla_Solar_Park
2023-07-25 08:00:00,27.8,90,982.7,100,11.5,156.0,24.3,146.0,10.0,27.5398,71.9153,Bhadla_Solar_Park
2023-07-25 09:00:00,28.1,86,982.9,100,10.8,275.0,82.3,225.0,50.0,27.5398,71.9153,Bhadla_Solar_Park
2023-07-25 10:00:00,29.2,81,983.1,100,5.6,444.0,173.4,310.0,134.0,27.5398,71.9153,Bhadla_Solar_Park
2023-07-25 11:00:00,31.3,74,983.1,100,13.0,680.0,398.2,323.0,357.0,27.5398,71.9153,Bhadla_Solar_Park
2023-07-25 12:00:00,32.4,71,982.5,100,12.0,684.0,300.1,393.0,291.0,27.5398,71.9153,Bhadla_Solar_Park
2023-07-25 13:00:00,32.7,70,982.0,100,12.5,668.0,295.8,376.0,292.0,27.5398,71.9153,Bhadla_Solar_Park
2023-07-25 14:00:00,32.6,70,981.2,100,11.9,676.0,374.4,321.0,355.0,27.5398,71.9153,Bhadla_Solar_Park
2023-07-25 15:00:00,32.7,70,980.5,100,9.7,562.0,280.6,322.0,240.0,27.5398,71.9153,Bhadla_Solar_Park
2023-07-25 16:00:00,32.8,70,980.1,99,9.2,431.0,223.9,271.0,160.0,27.5398,71.9153,Bhadla_Solar_Park
2023-07-25 17:00:00,29.2,83,980.8,100,5.0,277.0,140.0,202.0,75.0,27.5398,71.9153,Bhadla_Solar_Park
2023-07-25 18:00:00,28.0,88,982.3,100,6.4,85.0,9.1,82.0,3.0,27.5398,71.9153,Bhadla_Solar_Park
2023-07-25 19:00:00,28.1,87,982.4,100,5.8,2.0,0.0,2.0,0.0,27.5398,71.9153,Bhadla_Solar_Park
2023-07-25 20:00:00,28.1,88,982.7,100,3.3,0.0,0.0,0.0,0.0,27.5398,71.9153,Bhadla_Solar_Park
2023-07-25 21:00:00,28.1,90,982.9,100,5.6,0.0,0.0,0.0,0.0,27.5398,71.9153,Bhadla_Solar_Park
2023-07-25 22:00:00,28.1,91,983.5,100,11.0,0.0,0.0,0.0,0.0,27.5398,71.9153,Bhadla_Solar_Park
2023-07-25 23:00:00,27.6,92,983.7,100,11.2,0.0,0.0,0.0,0.0,27.5398,71.9153,Bhadla_Solar_Park
2023-07-26 00:00:00,27.2,92,983.5,100,9.9,0.0,0.0,0.0,0.0,27.5398,71.9153,Bhadla_Solar_Park
2023-07-26 01:00:00,27.0,92,983.1,100,9.4,0.0,0.0,0.0,0.0,27.5398,71.9153,Bhadla_Solar_Park
2023-07-26 02:00:00,26.9,92,982.9,98,8.1,0.0,0.0,0.0,0.0,27.5398,71.9153,Bhadla_Solar_Park
2023-07-26 03:00:00,26.8,93,982.8,74,12.5,0.0,0.0,0.0,0.0,27.5398,71.9153,Bhadla_Solar_Park
2023-07-26 04:00:00,26.8,94,982.9,98,9.4,0.0,0.0,0.0,0.0,27.5398,71.9153,Bhadla_Solar_Park
2023-07-26 05:00:00,27.4,92,983.3,99,4.8,0.0,0.0,0.0,0.0,27.5398,71.9153,Bhadla_Solar_Park
2023-07-26 06:00:00,26.9,90,984.4,100,9.7,4.0,0.0,4.0,0.0,27.5398,71.9153,Bhadla_Solar_Park
2023-07-26 07:00:00,26.2,92,984.4,100,13.1,27.0,0.0,27.0,0.0,27.5398,71.9153,Bhadla_Solar_Park
2023-07-26 08:00:00,26.6,91,984.8,100,9.2,85.0,7.3,82.0,3.0,27.5398,71.9153,Bhadla_Solar_Park
2023-07-26 09:00:00,27.7,87,985.1,100,8.9,282.0,85.8,230.0,52.0,27.5398,71.9153,Bhadla_Solar_Park
2023-07-26 10:00:00,29.0,82,985.3,100,9.0,439.0,156.7,318.0,121.0,27.5398,71.9153,Bhadla_Solar_Park
2023-07-26 11:00:00,30.3,76,985.2,100,10.9,586.0,265.7,348.0,238.0,27.5398,71.9153,Bhadla_Solar_Park
2023-07-26 12:00:00,30.7,76,985.1,100,11.3,470.0,92.9,380.0,90.0,27.5398,71.9153,Bhadla_Solar_Park
2023-07-26 13:00:00,31.1,74,984.4,100,11.8,488.0,90.2,399.0,89.0,27.5398,71.9153,Bhadla_Solar_Park
2023-07-26 14:00:00,31.5,72,983.3,100,11.9,471.0,110.8,366.0,105.0,27.5398,71.9153,Bhadla_Solar_Park
2023-07-26 15:00:00,31.9,71,982.2,100,12.5,511.0,216.5,326.0,185.0,27.5398,71.9153,Bhadla_Solar_Park
2023-07-26 16:00:00,32.1,70,981.5,100,14.0,434.0,250.9,255.0,179.0,27.5398,71.9153,Bhadla_Solar_Park
2023-07-26 17:00:00,30.3,78,981.9,100,21.7,311.0,207.7,200.0,111.0,27.5398,71.9153,Bhadla_Solar_Park
2023-07-26 18:00:00,28.9,84,983.1,100,10.1,95.0,21.3,88.0,7.0,27.5398,71.9153,Bhadla_Solar_Park
2023-07-26 19:00:00,28.5,86,983.7,99,3.8,7.0,0.0,7.0,0.0,27.5398,71.9153,Bhadla_Solar_Park
2023-07-26 20:00:00,28.3,88,984.0,100,2.2,0.0,0.0,0.0,0.0,27.5398,71.9153,Bhadla_Solar_Park
2023-07-26 21:00:00,28.2,88,984.0,100,3.1,0.0,0.0,0.0,0.0,27.5398,71.9153,Bhadla_Solar_Park
2023-07-26 22:00:00,27.9,92,984.7,100,6.5,0.0,0.0,0.0,0.0,27.5398,71.9153,Bhadla_Solar_Park
2023-07-26 23:00:00,27.6,93,984.5,100,8.3,0.0,0.0,0.0,0.0,27.5398,71.9153,Bhadla_Solar_Park
2023-07-27 00:00:00,27.4,92,984.3,100,8.4,0.0,0.0,0.0,0.0,27.5398,71.9153,Bhadla_Solar_Park
2023-07-27 01:00:00,27.4,92,983.8,100,9.0,0.0,0.0,0.0,0.0,27.5398,71.9153,Bhadla_Solar_Park
2023-07-27 02:00:00,27.4,92,983.1,99,10.1,0.0,0.0,0.0,0.0,27.5398,71.9153,Bhadla_Solar_Park
2023-07-27 03:00:00,26.6,93,983.7,100,15.1,0.0,0.0,0.0,0.0,27.5398,71.9153,Bhadla_Solar_Park
2023-07-27 04:00:00,26.7,93,983.4,100,12.7,0.0,0.0,0.0,0.0,27.5398,71.9153,Bhadla_Solar_Park
2023-07-27 05:00:00,27.2,93,983.6,100,14.5,0.0,0.0,0.0,0.0,27.5398,71.9153,Bhadla_Solar_Park
2023-07-27 06:00:00,27.4,92,983.8,100,12.1,4.0,0.0,4.0,0.0,27.5398,71.9153,Bhadla_Solar_Park
2023-07-27 07:00:00,27.9,92,984.4,100,14.0,63.0,15.5,60.0,3.0,27.5398,71.9153,Bhadla_Solar_Park
2023-07-27 08:00:00,28.9,87,984.6,100,11.7,186.0,80.8,153.0,33.0,27.5398,71.9153,Bhadla_Solar_Park
2023-07-27 09:00:00,29.7,82,984.9,100,9.2,271.0,92.5,215.0,56.0,27.5398,71.9153,Bhadla_Solar_Park
2023-07-27 10:00:00,30.4,78,984.8,100,10.4,364.0,101.1,286.0,78.0,27.5398,71.9153,Bhadla_Solar_Park
2023-07-27 11:00:00,30.8,76,984.2,100,11.0,420.0,109.5,322.0,98.0,27.5398,71.9153,Bhadla_Solar_Park
2023-07-27 12:00:00,31.4,73,983.6,100,11.4,563.0,164.2,404.0,159.0,27.5398,71.9153,Bhadla_Solar_Park
2023-07-27 13:00:00,31.8,73,983.2,100,11.9,602.0,182.5,422.0,180.0,27.5398,71.9153,Bhadla_Solar_Park
2023-07-27 14:00:00,32.0,73,982.4,100,12.1,487.0,118.3,375.0,112.0,27.5398,71.9153,Bhadla_Solar_Park
2023-07-27 15:00:00,31.9,72,981.4,100,12.2,334.0,46.9,294.0,40.0,27.5398,71.9153,Bhadla_Solar_Park
2023-07-27 16:00:00,31.4,74,980.8,100,12.6,287.0,50.5,251.0,36.0,27.5398,71.9153,Bhadla_Solar_Park
2023-07-27 17:00:00,30.4,76,981.1,100,7.9,187.0,48.8,161.0,26.0,27.5398,71.9153,Bhadla_Solar_Park
2023-07-27 18:00:00,30.1,78,981.5,100,5.9,103.0,36.6,91.0,12.0,27.5398,71.9153,Bhadla_Solar_Park
2023-07-27 19:00:00,28.2,87,982.5,100,9.5,27.0,0.0,27.0,0.0,27.5398,71.9153,Bhadla_Solar_Park
2023-07-27 20:00:00,27.6,90,983.3,100,8.4,0.0,0.0,0.0,0.0,27.5398,71.9153,Bhadla_Solar_Park
2023-07-27 21:00:00,27.3,93,983.9,100,10.2,0.0,0.0,0.0,0.0,27.5398,71.9153,Bhadla_Solar_Park
2023-07-27 22:00:00,27.1,93,983.7,100,12.2,0.0,0.0,0.0,0.0,27.5398,71.9153,Bhadla_Solar_Park
2023-07-27 23:00:00,27.0,93,983.4,100,13.6,0.0,0.0,0.0,0.0,27.5398,71.9153,Bhadla_Solar_Park
2023-07-28 00:00:00,27.1,92,983.0,100,13.3,0.0,0.0,0.0,0.0,27.5398,71.9153,Bhadla_Solar_Park
2023-07-28 01:00:00,27.2,92,982.0,100,12.8,0.0,0.0,0.0,0.0,27.5398,71.9153,Bhadla_Solar_Park
2023-07-28 02:00:00,27.2,92,981.5,100,13.3,0.0,0.0,0.0,0.0,27.5398,71.9153,Bhadla_Solar_Park
2023-07-28 03:00:00,27.3,92,981.1,100,12.9,0.0,0.0,0.0,0.0,27.5398,71.9153,Bhadla_Solar_Park
2023-07-28 04:00:00,27.3,92,981.1,100,13.0,0.0,0.0,0.0,0.0,27.5398,71.9153,Bhadla_Solar_Park
2023-07-28 05:00:00,27.5,91,980.8,100,12.4,0.0,0.0,0.0,0.0,27.5398,71.9153,Bhadla_Solar_Park
2023-07-28 06:00:00,27.6,91,981.7,100,11.8,3.0,0.0,3.0,0.0,27.5398,71.9153,Bhadla_Solar_Park
2023-07-28 07:00:00,28.0,87,981.9,99,18.6,59.0,15.6,56.0,3.0,27.5398,71.9153,Bhadla_Solar_Park
2023-07-28 08:00:00,28.4,84,982.3,100,17.3,163.0,56.5,140.0,23.0,27.5398,71.9153,Bhadla_Solar_Park
2023-07-28 09:00:00,28.9,84,982.8,99,15.9,291.0,104.3,228.0,63.0,27.5398,71.9153,Bhadla_Solar_Park
2023-07-28 10:00:00,28.9,84,983.0,95,12.8,220.0,46.7,184.0,36.0,27.5398,71.9153,Bhadla_Solar_Park
2023-07-28 11:00:00,29.9,83,982.6,97,13.0,524.0,168.8,373.0,151.0,27.5398,71.9153,Bhadla_Solar_Park
2023-07-28 12:00:00,30.4,81,982.0,87,14.3,405.0,82.7,325.0,80.0,27.5398,71.9153,Bhadla_Solar_Park
2023-07-28 13:00:00,31.6,77,981.5,83,15.9,679.0,305.4,378.0,301.0,27.5398,71.9153,Bhadla_Solar_Park
2023-07-28 14:00:00,31.9,74,980.2,64,17.4,595.0,271.6,338.0,257.0,27.5398,71.9153,Bhadla_Solar_Park
2023-07-28 15:00:00,32.2,73,979.1,66,15.3,564.0,309.5,300.0,264.0,27.5398,71.9153,Bhadla_Solar_Park
2023-07-28 16:00:00,28.1,86,979.6,99,26.8,488.0,310.6,267.0,221.0,27.5398,71.9153,Bhadla_Solar_Park
2023-07-28 17:00:00,30.6,77,979.0,100,17.8,119.0,18.8,109.0,10.0,27.5398,71.9153,Bhadla_Solar_Park
2023-07-28 18:00:00,28.8,82,979.8,100,17.1,134.0,88.9,105.0,29.0,27.5398,71.9153,Bhadla_Solar_Park
2023-07-28 19:00:00,28.3,87,980.4,100,10.1,30.0,15.3,28.0,2.0,27.5398,71.9153,Bhadla_Solar_Park
2023-07-28 20:00:00,28.3,89,980.6,100,8.7,0.0,0.0,0.0,0.0,27.5398,71.9153,Bhadla_Solar_Park
2023-07-28 21:00:00,28.0,90,981.2,99,13.4,0.0,0.0,0.0,0.0,27.5398,71.9153,Bhadla_Solar_Park
2023-07-28 22:00:00,27.7,91,981.6,90,15.5,0.0,0.0,0.0,0.0,27.5398,71.9153,Bhadla_Solar_Park
2023-07-28 23:00:00,27.1,92,981.8,42,15.3,0.0,0.0,0.0,0.0,27.5398,71.9153,Bhadla_Solar_Park
2023-07-29 00:00:00,26.2,93,981.6,99,13.4,0.0,0.0,0.0,0.0,27.5398,71.9153,Bhadla_Solar_Park
2023-07-29 01:00:00,26.2,93,980.2,90,18.4,0.0,0.0,0.0,0.0,27.5398,71.9153,Bhadla_Solar_Park
2023-07-29 02:00:00,26.3,92,979.5,28,19.8,0.0,0.0,0.0,0.0,27.5398,71.9153,Bhadla_Solar_Park
2023-07-29 03:00:00,26.8,91,979.0,21,22.9,0.0,0.0,0.0,0.0,27.5398,71.9153,Bhadla_Solar_Park
2023-07-29 04:00:00,26.4,90,979.5,28,24.4,0.0,0.0,0.0,0.0,27.5398,71.9153,Bhadla_Solar_Park
2023-07-29 05:00:00,26.8,89,979.8,78,22.5,0.0,0.0,0.0,0.0,27.5398,71.9153,Bhadla_Solar_Park
2023-07-29 06:00:00,26.6,91,980.2,5,23.2,4.0,0.0,4.0,0.0,27.5398,71.9153,Bhadla_Solar_Park
2023-07-29 07:00:00,26.8,89,980.6,6,23.9,77.0,68.2,64.0,13.0,27.5398,71.9153,Bhadla_Solar_Park
2023-07-29 08:00:00,27.6,85,981.3,36,28.5,230.0,207.2,146.0,84.0,27.5398,71.9153,Bhadla_Solar_Park
2023-07-29 09:00:00,28.6,80,981.8,56,29.0,382.0,265.4,222.0,160.0,27.5398,71.9153,Bhadla_Solar_Park
2023-07-29 10:00:00,29.8,76,982.2,49,27.0,540.0,324.9,290.0,250.0,27.5398,71.9153,Bhadla_Solar_Park
2023-07-29 11:00:00,30.7,73,982.2,95,25.2,645.0,335.7,345.0,300.0,27.5398,71.9153,Bhadla_Solar_Park
2023-07-29 12:00:00,30.9,72,982.0,27,24.7,596.0,224.4,379.0,217.0,27.5398,71.9153,Bhadla_Solar_Park
2023-07-29 13:00:00,31.8,68,981.4,18,25.2,761.0,453.8,314.0,447.0,27.5398,71.9153,Bhadla_Solar_Park
2023-07-29 14:00:00,32.3,66,980.5,22,25.5,753.0,481.1,298.0,455.0,27.5398,71.9153,Bhadla_Solar_Park
2023-07-29 15:00:00,32.3,65,979.7,21,25.0,661.0,448.3,279.0,382.0,27.5398,71.9153,Bhadla_Solar_Park
2023-07-29 16:00:00,32.2,66,979.1,17,24.9,498.0,371.6,234.0,264.0,27.5398,71.9153,Bhadla_Solar_Park
2023-07-29 17:00:00,31.9,69,979.1,41,15.5,331.0,275.1,185.0,146.0,27.5398,71.9153,Bhadla_Solar_Park
2023-07-29 18:00:00,31.4,74,979.5,93,13.8,159.0,135.5,115.0,44.0,27.5398,71.9153,Bhadla_Solar_Park
2023-07-29 19:00:00,29.9,80,980.1,16,14.3,35.0,38.5,30.0,5.0,27.5398,71.9153,Bhadla_Solar_Park
2023-07-29 20:00:00,29.3,83,980.4,8,12.1,0.0,0.0,0.0,0.0,27.5398,71.9153,Bhadla_Solar_Park
2023-07-29 21:00:00,28.8,84,981.2,8,13.8,0.0,0.0,0.0,0.0,27.5398,71.9153,Bhadla_Solar_Park
2023-07-29 22:00:00,28.4,85,981.1,15,20.3,0.0,0.0,0.0,0.0,27.5398,71.9153,Bhadla_Solar_Park
2023-07-29 23:00:00,28.0,87,981.4,79,17.0,0.0,0.0,0.0,0.0,27.5398,71.9153,Bhadla_Solar_Park
2023-07-30 00:00:00,27.6,89,981.7,48,16.6,0.0,0.0,0.0,0.0,27.5398,71.9153,Bhadla_Solar_Park
2023-07-30 01:00:00,27.5,90,981.6,100,16.6,0.0,0.0,0.0,0.0,27.5398,71.9153,Bhadla_Solar_Park
2023-07-30 02:00:00,27.3,89,980.5,7,23.3,0.0,0.0,0.0,0.0,27.5398,71.9153,Bhadla_Solar_Park
2023-07-30 03:00:00,26.6,87,980.5,16,23.7,0.0,0.0,0.0,0.0,27.5398,71.9153,Bhadla_Solar_Park
2023-07-30 04:00:00,26.1,88,981.0,22,20.7,0.0,0.0,0.0,0.0,27.5398,71.9153,Bhadla_Solar_Park
2023-07-30 05:00:00,25.9,89,980.9,23,16.5,0.0,0.0,0.0,0.0,27.5398,71.9153,Bhadla_Solar_Park
2023-07-30 06:00:00,25.9,90,981.6,5,14.2,4.0,0.0,4.0,0.0,27.5398,71.9153,Bhadla_Solar_Park
2023-07-30 07:00:00,26.4,89,982.2,17,15.9,77.0,63.5,65.0,12.0,27.5398,71.9153,Bhadla_Solar_Park
2023-07-30 08:00:00,27.3,85,982.5,48,17.7,227.0,198.0,147.0,80.0,27.5398,71.9153,Bhadla_Solar_Park
2023-07-30 09:00:00,28.3,80,982.7,59,15.5,372.0,232.6,232.0,140.0,27.5398,71.9153,Bhadla_Solar_Park
2023-07-30 10:00:00,29.4,75,982.8,97,14.3,503.0,234.2,323.0,180.0,27.5398,71.9153,Bhadla_Solar_Park
2023-07-30 11:00:00,30.4,71,982.5,56,14.2,589.0,224.0,389.0,200.0,27.5398,71.9153,Bhadla_Solar_Park
2023-07-30 12:00:00,31.3,67,981.9,40,13.4,661.0,303.1,368.0,293.0,27.5398,71.9153,Bhadla_Solar_Park
2023-07-30 13:00:00,32.0,64,981.2,84,14.5,684.0,292.6,396.0,288.0,27.5398,71.9153,Bhadla_Solar_Park
2023-07-30 14:00:00,32.4,62,980.3,75,15.1,652.0,324.9,345.0,307.0,27.5398,71.9153,Bhadla_Solar_Park
2023-07-30 15:00:00,32.4,63,979.5,34,17.6,555.0,269.0,326.0,229.0,27.5398,71.9153,Bhadla_Solar_Park
2023-07-30 16:00:00,32.5,63,978.8,9,15.8,493.0,345.4,248.0,245.0,27.5398,71.9153,Bhadla_Solar_Park
2023-07-30 17:00:00,32.4,63,979.1,11,14.1,330.0,281.5,181.0,149.0,27.5398,71.9153,Bhadla_Solar_Park
2023-07-30 18:00:00,31.4,71,978.9,4,13.8,161.0,145.5,114.0,47.0,27.5398,71.9153,Bhadla_Solar_Park
2023-07-30 19:00:00,29.9,78,979.3,5,13.1,38.0,38.8,33.0,5.0,27.5398,71.9153,Bhadla_Solar_Park
2023-07-30 20:00:00,29.1,81,979.7,6,12.6,0.0,0.0,0.0,0.0,27.5398,71.9153,Bhadla_Solar_Park
2023-07-30 21:00:00,28.6,84,980.6,2,14.4,0.0,0.0,0.0,0.0,27.5398,71.9153,Bhadla_Solar_Park
2023-07-30 22:00:00,28.1,86,981.1,1,16.7,0.0,0.0,0.0,0.0,27.5398,71.9153,Bhadla_Solar_Park
2023-07-30 23:00:00,27.6,87,981.2,2,16.4,0.0,0.0,0.0,0.0,27.5398,71.9153,Bhadla_Solar_Park
2023-07-31 00:00:00,27.2,88,980.9,4,15.7,0.0,0.0,0.0,0.0,27.5398,71.9153,Bhadla_Solar_Park
2023-07-31 01:00:00,27.0,89,980.4,7,14.3,0.0,0.0,0.0,0.0,27.5398,71.9153,Bhadla_Solar_Park
2023-07-31 02:00:00,26.7,90,980.2,11,14.7,0.0,0.0,0.0,0.0,27.5398,71.9153,Bhadla_Solar_Park
2023-07-31 03:00:00,26.5,90,980.2,10,15.6,0.0,0.0,0.0,0.0,27.5398,71.9153,Bhadla_Solar_Park
2023-07-31 04:00:00,26.4,91,980.2,19,17.2,0.0,0.0,0.0,0.0,27.5398,71.9153,Bhadla_Solar_Park
2023-07-31 05:00:00,27.1,90,979.7,18,18.7,0.0,0.0,0.0,0.0,27.5398,71.9153,Bhadla_Solar_Park
2023-07-31 06:00:00,27.0,90,980.3,0,17.7,4.0,0.0,4.0,0.0,27.5398,71.9153,Bhadla_Solar_Park
2023-07-31 07:00:00,27.4,89,981.1,0,17.1,78.0,74.8,64.0,14.0,27.5398,71.9153,Bhadla_Solar_Park
2023-07-31 08:00:00,28.1,87,981.3,0,19.1,232.0,218.5,144.0,88.0,27.5398,71.9153,Bhadla_Solar_Park
2023-07-31 09:00:00,29.3,81,981.9,3,19.3,420.0,359.6,204.0,216.0,27.5398,71.9153,Bhadla_Solar_Park
2023-07-31 10:00:00,30.5,77,982.1,0,19.3,593.0,449.4,248.0,345.0,27.5398,71.9153,Bhadla_Solar_Park
2023-07-31 11:00:00,31.7,72,982.0,6,19.0,734.0,512.2,277.0,457.0,27.5398,71.9153,Bhadla_Solar_Park
2023-07-31 12:00:00,32.6,67,981.3,15,18.0,793.0,519.7,291.0,502.0,27.5398,71.9153,Bhadla_Solar_Park
2023-07-31 13:00:00,33.2,64,980.9,20,17.6,778.0,491.1,295.0,483.0,27.5398,71.9153,Bhadla_Solar_Park
2023-07-31 14:00:00,33.5,63,980.3,20,17.9,730.0,467.1,289.0,441.0,27.5398,71.9153,Bhadla_Solar_Park
2023-07-31 15:00:00,33.7,63,979.3,10,18.4,640.0,446.9,260.0,380.0,27.5398,71.9153,Bhadla_Solar_Park
2023-07-31 16:00:00,33.8,61,979.0,16,17.7,492.0,375.6,226.0,266.0,27.5398,71.9153,Bhadla_Solar_Park
2023-07-31 17:00:00,33.9,59,978.6,27,14.8,318.0,272.8,174.0,144.0,27.5398,71.9153,Bhadla_Solar_Park
2023-07-31 18:00:00,32.7,67,978.3,18,13.8,154.0,143.2,108.0,46.0,27.5398,71.9153,Bhadla_Solar_Park
2023-07-31 19:00:00,31.0,74,978.9,16,15.6,35.0,39.0,30.0,5.0,27.5398,71.9153,Bhadla_Solar_Park
2023-07-31 20:00:00,30.1,77,979.9,21,13.8,0.0,0.0,0.0,0.0,27.5398,71.9153,Bhadla_Solar_Park
2023-07-31 21:00:00,29.6,78,980.4,17,14.8,0.0,0.0,0.0,0.0,27.5398,71.9153,Bhadla_Solar_Park
2023-07-31 22:00:00,29.2,79,980.4,3,17.7,0.0,0.0,0.0,0.0,27.5398,71.9153,Bhadla_Solar_Park
2023-07-31 23:00:00,28.8,81,980.6,2,17.8,0.0,0.0,0.0,0.0,27.5398,71.9153,Bhadla_Solar_Park
2023-08-01 00:00:00,28.4,82,980.1,1,19.3,0.0,0.0,0.0,0.0,27.5398,71.9153,Bhadla_Solar_Park
2023-08-01 01:00:00,27.9,84,979.7,0,19.7,0.0,0.0,0.0,0.0,27.5398,71.9153,Bhadla_Solar_Park
2023-08-01 02:00:00,27.5,85,979.2,0,20.1,0.0,0.0,0.0,0.0,27.5398,71.9153,Bhadla_Solar_Park
2023-08-01 03:00:00,27.1,87,979.7,5,20.1,0.0,0.0,0.0,0.0,27.5398,71.9153,Bhadla_Solar_Park
2023-08-01 04:00:00,26.6,89,980.0,5,20.4,0.0,0.0,0.0,0.0,27.5398,71.9153,Bhadla_Solar_Park
2023-08-01 05:00:00,27.4,87,979.7,2,18.7,0.0,0.0,0.0,0.0,27.5398,71.9153,Bhadla_Solar_Park
2023-08-01 06:00:00,27.2,88,979.9,0,17.9,4.0,0.0,4.0,0.0,27.5398,71.9153,Bhadla_Solar_Park
2023-08-01 07:00:00,27.6,87,980.4,0,17.1,79.0,80.8,64.0,15.0,27.5398,71.9153,Bhadla_Solar_Park
2023-08-01 08:00:00,28.3,84,980.8,0,20.6,237.0,234.2,143.0,94.0,27.5398,71.9153,Bhadla_Solar_Park
2023-08-01 09:00:00,29.3,80,980.8,0,21.0,426.0,373.6,202.0,224.0,27.5398,71.9153,Bhadla_Solar_Park
2023-08-01 10:00:00,30.7,74,980.9,0,23.3,604.0,470.8,243.0,361.0,27.5398,71.9153,Bhadla_Solar_Park
2023-08-01 11:00:00,31.8,68,980.7,0,24.0,744.0,530.6,271.0,473.0,27.5398,71.9153,Bhadla_Solar_Park
2023-08-01 12:00:00,32.9,63,980.4,0,23.4,830.0,561.6,288.0,542.0,27.5398,71.9153,Bhadla_Solar_Park
2023-08-01 13:00:00,33.7,60,979.9,0,22.9,851.0,570.8,290.0,561.0,27.5398,71.9153,Bhadla_Solar_Park
2023-08-01 14:00:00,34.3,57,979.2,1,22.1,805.0,555.5,281.0,524.0,27.5398,71.9153,Bhadla_Solar_Park
2023-08-01 15:00:00,34.7,55,978.5,0,21.6,698.0,516.9,259.0,439.0,27.5398,71.9153,Bhadla_Solar_Park
2023-08-01 16:00:00,34.8,54,977.8,0,20.4,542.0,447.0,226.0,316.0,27.5398,71.9153,Bhadla_Solar_Park
2023-08-01 17:00:00,34.4,53,978.3,1,16.9,356.0,336.3,179.0,177.0,27.5398,71.9153,Bhadla_Solar_Park
2023-08-01 18:00:00,33.3,59,978.4,0,14.8,172.0,178.5,115.0,57.0,27.5398,71.9153,Bhadla_Solar_Park
2023-08-01 19:00:00,31.5,68,978.4,0,16.0,38.0,39.3,33.0,5.0,27.5398,71.9153,Bhadla_Solar_Park
2023-08-01 20:00:00,30.4,72,978.6,0,16.3,0.0,0.0,0.0,0.0,27.5398,71.9153,Bhadla_Solar_Park
2023-08-01 21:00:00,29.8,73,979.2,0,16.9,0.0,0.0,0.0,0.0,27.5398,71.9153,Bhadla_Solar_Park
2023-08-01 22:00:00,29.4,75,979.5,0,18.7,0.0,0.0,0.0,0.0,27.5398,71.9153,Bhadla_Solar_Park
2023-08-01 23:00:00,29.1,79,979.9,1,20.8,0.0,0.0,0.0,0.0,27.5398,71.9153,Bhadla_Solar_Park
2023-08-02 00:00:00,28.8,81,980.2,10,23.4,0.0,0.0,0.0,0.0,27.5398,71.9153,Bhadla_Solar_Park
2023-08-02 01:00:00,28.2,84,979.8,0,25.3,0.0,0.0,0.0,0.0,27.5398,71.9153,Bhadla_Solar_Park
2023-08-02 02:00:00,27.6,86,979.5,0,26.0,0.0,0.0,0.0,0.0,27.5398,71.9153,Bhadla_Solar_Park
2023-08-02 03:00:00,27.0,89,979.4,0,25.0,0.0,0.0,0.0,0.0,27.5398,71.9153,Bhadla_Solar_Park
2023-08-02 04:00:00,26.6,90,979.9,1,23.4,0.0,0.0,0.0,0.0,27.5398,71.9153,Bhadla_Solar_Park
2023-08-02 05:00:00,27.3,90,979.5,12,22.1,0.0,0.0,0.0,0.0,27.5398,71.9153,Bhadla_Solar_Park
2023-08-02 06:00:00,27.2,90,980.0,5,22.3,4.0,0.0,4.0,0.0,27.5398,71.9153,Bhadla_Solar_Park
2023-08-02 07:00:00,27.6,87,980.4,12,25.3,78.0,76.1,64.0,14.0,27.5398,71.9153,Bhadla_Solar_Park
2023-08-02 08:00:00,28.4,82,980.8,7,27.5,232.0,220.0,144.0,88.0,27.5398,71.9153,Bhadla_Solar_Park
2023-08-02 09:00:00,30.0,73,981.0,29,30.9,421.0,362.6,204.0,217.0,27.5398,71.9153,Bhadla_Solar_Park
2023-08-02 10:00:00,31.6,65,981.1,39,30.5,578.0,413.9,261.0,317.0,27.5398,71.9153,Bhadla_Solar_Park
2023-08-02 11:00:00,33.0,58,980.8,59,28.1,696.0,432.2,311.0,385.0,27.5398,71.9153,Bhadla_Solar_Park
2023-08-02 12:00:00,34.3,53,980.2,36,26.8,774.0,435.5,354.0,420.0,27.5398,71.9153,Bhadla_Solar_Park
2023-08-02 13:00:00,35.3,49,979.4,8,26.8,840.0,545.8,304.0,536.0,27.5398,71.9153,Bhadla_Solar_Park
2023-08-02 14:00:00,35.6,48,978.8,1,27.7,785.0,513.6,301.0,484.0,27.5398,71.9153,Bhadla_Solar_Park
2023-08-02 15:00:00,36.0,47,978.1,2,28.4,691.0,501.1,266.0,425.0,27.5398,71.9153,Bhadla_Solar_Park
2023-08-02 16:00:00,35.8,47,977.7,0,28.2,541.0,447.8,225.0,316.0,27.5398,71.9153,Bhadla_Solar_Park
2023-08-02 17:00:00,34.7,49,978.4,2,26.0,355.0,337.4,178.0,177.0,27.5398,71.9153,Bhadla_Solar_Park
2023-08-02 18:00:00,34.1,50,978.5,0,24.7,171.0,179.6,114.0,57.0,27.5398,71.9153,Bhadla_Solar_Park
2023-08-02 19:00:00,33.0,54,979.0,0,23.1,37.0,39.6,32.0,5.0,27.5398,71.9153,Bhadla_Solar_Park
2023-08-02 20:00:00,32.0,58,979.1,0,22.1,0.0,0.0,0.0,0.0,27.5398,71.9153,Bhadla_Solar_Park
2023-08-02 21:00:00,31.4,60,979.5,1,22.3,0.0,0.0,0.0,0.0,27.5398,71.9153,Bhadla_Solar_Park
2023-08-02 22:00:00,30.9,62,979.8,0,22.9,0.0,0.0,0.0,0.0,27.5398,71.9153,Bhadla_Solar_Park
2023-08-02 23:00:00,29.8,67,980.0,0,23.6,0.0,0.0,0.0,0.0,27.5398,71.9153,Bhadla_Solar_Park
2023-08-03 00:00:00,29.0,73,980.3,0,26.1,0.0,0.0,0.0,0.0,27.5398,71.9153,Bhadla_Solar_Park
2023-08-03 01:00:00,28.4,76,980.0,65,26.4,0.0,0.0,0.0,0.0,27.5398,71.9153,Bhadla_Solar_Park
2023-08-03 02:00:00,27.7,80,979.8,92,25.7,0.0,0.0,0.0,0.0,27.5398,71.9153,Bhadla_Solar_Park
2023-08-03 03:00:00,27.2,82,979.5,88,25.1,0.0,0.0,0.0,0.0,27.5398,71.9153,Bhadla_Solar_Park
2023-08-03 04:00:00,26.6,84,979.4,95,23.6,0.0,0.0,0.0,0.0,27.5398,71.9153,Bhadla_Solar_Park
2023-08-03 05:00:00,26.8,84,979.9,15,20.6,0.0,0.0,0.0,0.0,27.5398,71.9153,Bhadla_Solar_Park
2023-08-03 06:00:00,26.7,86,980.2,98,20.1,4.0,0.0,4.0,0.0,27.5398,71.9153,Bhadla_Solar_Park
2023-08-03 07:00:00,27.4,82,980.5,95,21.7,79.0,82.3,64.0,15.0,27.5398,71.9153,Bhadla_Solar_Park
2023-08-03 08:00:00,28.8,74,980.9,85,24.7,240.0,243.3,143.0,97.0,27.5398,71.9153,Bhadla_Solar_Park
2023-08-03 09:00:00,30.4,65,980.6,56,24.5,416.0,341.5,212.0,204.0,27.5398,71.9153,Bhadla_Solar_Park
2023-08-03 10:00:00,32.2,57,980.5,65,21.6,583.0,420.9,261.0,322.0,27.5398,71.9153,Bhadla_Solar_Park
2023-08-03 11:00:00,33.8,51,980.4,91,19.7,722.0,472.0,302.0,420.0,27.5398,71.9153,Bhadla_Solar_Park
2023-08-03 12:00:00,35.3,45,979.8,98,18.2,834.0,566.6,288.0,546.0,27.5398,71.9153,Bhadla_Solar_Park
2023-08-03 13:00:00,36.4,43,979.3,93,18.5,848.0,559.4,299.0,549.0,27.5398,71.9153,Bhadla_Solar_Park
2023-08-03 14:00:00,37.0,41,978.6,17,20.1,808.0,558.7,282.0,526.0,27.5398,71.9153,Bhadla_Solar_Park
2023-08-03 15:00:00,37.6,40,978.3,11,21.0,696.0,514.7,260.0,436.0,27.5398,71.9153,Bhadla_Solar_Park
2023-08-03 16:00:00,37.5,39,978.1,13,19.3,504.0,366.3,246.0,258.0,27.5398,71.9153,Bhadla_Solar_Park
2023-08-03 17:00:00,37.2,38,978.6,31,19.7,328.0,269.6,187.0,141.0,27.5398,71.9153,Bhadla_Solar_Park
2023-08-03 18:00:00,36.0,41,978.6,3,20.6,162.0,158.5,112.0,50.0,27.5398,71.9153,Bhadla_Solar_Park
2023-08-03 19:00:00,35.2,42,979.3,87,19.3,36.0,40.0,31.0,5.0,27.5398,71.9153,Bhadla_Solar_Park
2023-08-03 20:00:00,34.0,46,979.6,79,23.5,0.0,0.0,0.0,0.0,27.5398,71.9153,Bhadla_Solar_Park
2023-08-03 21:00:00,33.6,47,980.1,1,20.0,0.0,0.0,0.0,0.0,27.5398,71.9153,Bhadla_Solar_Park
2023-08-03 22:00:00,32.2,57,980.7,1,24.3,0.0,0.0,0.0,0.0,27.5398,71.9153,Bhadla_Solar_Park
2023-08-03 23:00:00,30.8,64,980.9,0,26.0,0.0,0.0,0.0,0.0,27.5398,71.9153,Bhadla_Solar_Park
2023-08-04 00:00:00,29.8,69,981.0,0,25.8,0.0,0.0,0.0,0.0,27.5398,71.9153,Bhadla_Solar_Park
2023-08-04 01:00:00,29.1,71,980.8,0,24.0,0.0,0.0,0.0,0.0,27.5398,71.9153,Bhadla_Solar_Park
2023-08-04 02:00:00,28.5,73,980.7,49,23.8,0.0,0.0,0.0,0.0,27.5398,71.9153,Bhadla_Solar_Park
2023-08-04 03:00:00,28.0,74,980.6,83,22.2,0.0,0.0,0.0,0.0,27.5398,71.9153,Bhadla_Solar_Park
2023-08-04 04:00:00,27.5,76,981.0,87,21.0,0.0,0.0,0.0,0.0,27.5398,71.9153,Bhadla_Solar_Park
2023-08-04 05:00:00,27.6,78,980.4,49,19.4,0.0,0.0,0.0,0.0,27.5398,71.9153,Bhadla_Solar_Park
2023-08-04 06:00:00,27.5,79,981.2,100,16.7,4.0,0.0,4.0,0.0,27.5398,71.9153,Bhadla_Solar_Park
2023-08-04 07:00:00,28.0,77,982.0,100,17.9,76.0,60.9,65.0,11.0,27.5398,71.9153,Bhadla_Solar_Park
2023-08-04 08:00:00,29.4,72,982.2,100,18.7,233.0,221.5,145.0,88.0,27.5398,71.9153,Bhadla_Solar_Park
2023-08-04 09:00:00,31.8,60,982.5,50,21.3,424.0,370.6,203.0,221.0,27.5398,71.9153,Bhadla_Solar_Park
2023-08-04 10:00:00,33.5,52,982.4,4,21.5,607.0,479.0,241.0,366.0,27.5398,71.9153,Bhadla_Solar_Park
2023-08-04 11:00:00,35.0,47,982.3,100,21.3,751.0,546.6,265.0,486.0,27.5398,71.9153,Bhadla_Solar_Park
2023-08-04 12:00:00,36.0,43,981.9,91,22.0,830.0,561.8,289.0,541.0,27.5398,71.9153,Bhadla_Solar_Park
2023-08-04 13:00:00,36.9,40,981.4,69,21.6,840.0,543.6,307.0,533.0,27.5398,71.9153,Bhadla_Solar_Park
2023-08-04 14:00:00,37.6,38,980.8,2,20.9,810.0,569.9,274.0,536.0,27.5398,71.9153,Bhadla_Solar_Park
2023-08-04 15:00:00,38.2,37,980.1,29,18.6,699.0,524.9,255.0,444.0,27.5398,71.9153,Bhadla_Solar_Park
2023-08-04 16:00:00,38.6,37,979.6,63,17.3,538.0,448.2,223.0,315.0,27.5398,71.9153,Bhadla_Solar_Park
2023-08-04 17:00:00,37.6,37,980.3,79,17.5,346.0,314.6,182.0,164.0,27.5398,71.9153,Bhadla_Solar_Park
2023-08-04 18:00:00,36.9,38,980.8,90,21.2,153.0,134.0,111.0,42.0,27.5398,71.9153,Bhadla_Solar_Park
2023-08-04 19:00:00,36.3,39,981.5,75,16.2,33.0,32.3,29.0,4.0,27.5398,71.9153,Bhadla_Solar_Park
2023-08-04 20:00:00,34.7,46,981.9,26,23.1,0.0,0.0,0.0,0.0,27.5398,71.9153,Bhadla_Solar_Park
2023-08-04 21:00:00,33.6,50,982.5,1,22.1,0.0,0.0,0.0,0.0,27.5398,71.9153,Bhadla_Solar_Park
2023-08-04 22:00:00,32.7,54,983.1,12,21.3,0.0,0.0,0.0,0.0,27.5398,71.9153,Bhadla_Solar_Park
2023-08-04 23:00:00,31.2,62,983.3,93,27.4,0.0,0.0,0.0,0.0,27.5398,71.9153,Bhadla_Solar_Park
2023-08-05 00:00:00,30.5,66,983.2,30,23.8,0.0,0.0,0.0,0.0,27.5398,71.9153,Bhadla_Solar_Park
2023-08-05 01:00:00,30.0,69,982.9,16,23.2,0.0,0.0,0.0,0.0,27.5398,71.9153,Bhadla_Solar_Park
2023-08-05 02:00:00,29.5,71,982.6,72,22.4,0.0,0.0,0.0,0.0,27.5398,71.9153,Bhadla_Solar_Park
2023-08-05 03:00:00,29.1,73,982.6,77,20.6,0.0,0.0,0.0,0.0,27.5398,71.9153,Bhadla_Solar_Park
2023-08-05 04:00:00,28.7,75,983.0,85,20.7,0.0,0.0,0.0,0.0,27.5398,71.9153,Bhadla_Solar_Park
2023-08-05 05:00:00,28.9,72,983.3,98,20.0,0.0,0.0,0.0,0.0,27.5398,71.9153,Bhadla_Solar_Park
2023-08-05 06:00:00,28.6,75,984.2,1,17.7,3.0,0.0,3.0,0.0,27.5398,71.9153,Bhadla_Solar_Park
2023-08-05 07:00:00,29.0,74,985.1,0,18.7,77.0,83.8,62.0,15.0,27.5398,71.9153,Bhadla_Solar_Park
2023-08-05 08:00:00,30.2,69,985.3,5,18.7,235.0,237.4,141.0,94.0,27.5398,71.9153,Bhadla_Solar_Park
2023-08-05 09:00:00,32.0,59,985.5,10,20.8,426.0,383.1,198.0,228.0,27.5398,71.9153,Bhadla_Solar_Park
2023-08-05 10:00:00,33.7,51,985.2,0,22.2,607.0,482.2,239.0,368.0,27.5398,71.9153,Bhadla_Solar_Park
2023-08-05 11:00:00,35.2,46,984.6,19,21.7,750.0,544.9,266.0,484.0,27.5398,71.9153,Bhadla_Solar_Park
2023-08-05 12:00:00,36.3,43,984.2,48,21.1,836.0,576.8,281.0,555.0,27.5398,71.9153,Bhadla_Solar_Park
2023-08-05 13:00:00,37.3,41,983.4,55,20.7,855.0,581.8,285.0,570.0,27.5398,71.9153,Bhadla_Solar_Park
2023-08-05 14:00:00,38.1,38,982.2,88,23.7,808.0,565.1,277.0,531.0,27.5398,71.9153,Bhadla_Solar_Park
2023-08-05 15:00:00,38.6,37,981.2,67,24.7,700.0,528.0,254.0,446.0,27.5398,71.9153,Bhadla_Solar_Park
2023-08-05 16:00:00,38.5,37,980.8,72,23.7,543.0,459.1,221.0,322.0,27.5398,71.9153,Bhadla_Solar_Park
2023-08-05 17:00:00,36.8,41,982.2,4,22.7,350.0,333.0,177.0,173.0,27.5398,71.9153,Bhadla_Solar_Park
2023-08-05 18:00:00,36.0,43,982.5,99,21.7,151.0,134.9,109.0,42.0,27.5398,71.9153,Bhadla_Solar_Park
2023-08-05 19:00:00,35.1,45,982.8,19,21.4,32.0,32.5,28.0,4.0,27.5398,71.9153,Bhadla_Solar_Park
2023-08-05 20:00:00,34.5,46,983.2,12,20.1,0.0,0.0,0.0,0.0,27.5398,71.9153,Bhadla_Solar_Park
2023-08-05 21:00:00,33.8,48,983.6,8,19.2,0.0,0.0,0.0,0.0,27.5398,71.9153,Bhadla_Solar_Park
2023-08-05 22:00:00,33.3,49,983.8,13,19.3,0.0,0.0,0.0,0.0,27.5398,71.9153,Bhadla_Solar_Park
2023-08-05 23:00:00,31.9,57,983.6,72,27.6,0.0,0.0,0.0,0.0,27.5398,71.9153,Bhadla_Solar_Park
2023-08-06 00:00:00,30.8,62,983.1,85,32.4,0.0,0.0,0.0,0.0,27.5398,71.9153,Bhadla_Solar_Park
2023-08-06 01:00:00,30.0,65,982.4,90,30.4,0.0,0.0,0.0,0.0,27.5398,71.9153,Bhadla_Solar_Park
2023-08-06 02:00:00,29.4,68,982.3,98,30.2,0.0,0.0,0.0,0.0,27.5398,71.9153,Bhadla_Solar_Park
2023-08-06 03:00:00,28.9,70,982.2,100,28.6,0.0,0.0,0.0,0.0,27.5398,71.9153,Bhadla_Solar_Park
2023-08-06 04:00:00,28.4,71,982.3,100,22.8,0.0,0.0,0.0,0.0,27.5398,71.9153,Bhadla_Solar_Park
2023-08-06 05:00:00,28.7,71,982.5,99,19.1,0.0,0.0,0.0,0.0,27.5398,71.9153,Bhadla_Solar_Park
2023-08-06 06:00:00,28.4,72,982.6,89,15.3,3.0,0.0,3.0,0.0,27.5398,71.9153,Bhadla_Solar_Park
2023-08-06 07:00:00,28.7,70,983.0,99,20.0,77.0,78.9,63.0,14.0,27.5398,71.9153,Bhadla_Solar_Park
2023-08-06 08:00:00,29.5,66,983.1,95,23.7,236.0,238.2,142.0,94.0,27.5398,71.9153,Bhadla_Solar_Park
2023-08-06 09:00:00,30.8,60,982.8,75,27.9,430.0,390.5,198.0,232.0,27.5398,71.9153,Bhadla_Solar_Park
2023-08-06 10:00:00,32.1,55,982.6,93,31.3,612.0,490.7,238.0,374.0,27.5398,71.9153,Bhadla_Solar_Park
2023-08-06 11:00:00,33.6,49,982.2,98,30.8,753.0,545.4,269.0,484.0,27.5398,71.9153,Bhadla_Solar_Park
2023-08-06 12:00:00,35.4,44,981.2,98,29.5,830.0,562.8,289.0,541.0,27.5398,71.9153,Bhadla_Solar_Park
2023-08-06 13:00:00,36.8,40,980.2,5,30.4,859.0,583.4,288.0,571.0,27.5398,71.9153,Bhadla_Solar_Park
2023-08-06 14:00:00,37.7,39,979.1,32,30.9,816.0,579.6,272.0,544.0,27.5398,71.9153,Bhadla_Solar_Park
2023-08-06 15:00:00,38.3,37,978.0,8,32.1,707.0,541.8,250.0,457.0,27.5398,71.9153,Bhadla_Solar_Park
2023-08-06 16:00:00,38.4,36,977.3,0,32.8,548.0,473.0,217.0,331.0,27.5398,71.9153,Bhadla_Solar_Park
2023-08-06 17:00:00,35.7,46,978.8,0,30.5,358.0,359.3,172.0,186.0,27.5398,71.9153,Bhadla_Solar_Park
2023-08-06 18:00:00,36.0,44,978.8,99,22.5,100.0,38.8,88.0,12.0,27.5398,71.9153,Bhadla_Solar_Park
2023-08-06 19:00:00,35.0,48,978.8,97,31.8,32.0,32.8,28.0,4.0,27.5398,71.9153,Bhadla_Solar_Park
2023-08-06 20:00:00,34.3,51,979.2,82,32.6,0.0,0.0,0.0,0.0,27.5398,71.9153,Bhadla_Solar_Park
2023-08-06 21:00:00,33.9,52,979.4,85,25.7,0.0,0.0,0.0,0.0,27.5398,71.9153,Bhadla_Solar_Park
2023-08-06 22:00:00,32.8,57,979.6,82,31.1,0.0,0.0,0.0,0.0,27.5398,71.9153,Bhadla_Solar_Park
2023-08-06 23:00:00,31.5,61,979.4,92,33.0,0.0,0.0,0.0,0.0,27.5398,71.9153,Bhadla_Solar_Park
2023-08-07 00:00:00,30.4,64,979.1,28,37.1,0.0,0.0,0.0,0.0,27.5398,71.9153,Bhadla_Solar_Park
2023-08-07 01:00:00,29.3,67,978.5,19,36.7,0.0,0.0,0.0,0.0,27.5398,71.9153,Bhadla_Solar_Park
2023-08-07 02:00:00,28.2,71,978.6,8,34.1,0.0,0.0,0.0,0.0,27.5398,71.9153,Bhadla_Solar_Park
2023-08-07 03:00:00,27.3,74,978.4,6,32.8,0.0,0.0,0.0,0.0,27.5398,71.9153,Bhadla_Solar_Park
2023-08-07 04:00:00,26.6,77,978.3,30,29.8,0.0,0.0,0.0,0.0,27.5398,71.9153,Bhadla_Solar_Park
2023-08-07 05:00:00,26.8,78,978.2,99,27.3,0.0,0.0,0.0,0.0,27.5398,71.9153,Bhadla_Solar_Park
2023-08-07 06:00:00,27.0,76,978.0,100,28.6,3.0,0.0,3.0,0.0,27.5398,71.9153,Bhadla_Solar_Park
2023-08-07 07:00:00,27.7,73,978.7,100,32.4,53.0,5.7,52.0,1.0,27.5398,71.9153,Bhadla_Solar_Park
2023-08-07 08:00:00,28.5,68,979.1,87,34.3,177.0,66.1,151.0,26.0,27.5398,71.9153,Bhadla_Solar_Park
2023-08-07 09:00:00,30.3,60,979.2,79,33.6,339.0,185.5,229.0,110.0,27.5398,71.9153,Bhadla_Solar_Park
2023-08-07 10:00:00,32.3,53,978.7,33,34.2,540.0,304.8,308.0,232.0,27.5398,71.9153,Bhadla_Solar_Park
2023-08-07 11:00:00,33.7,49,978.1,38,34.2,750.0,529.0,281.0,469.0,27.5398,71.9153,Bhadla_Solar_Park
2023-08-07 12:00:00,35.5,44,977.7,17,33.1,851.0,596.6,278.0,573.0,27.5398,71.9153,Bhadla_Solar_Park
2023-08-07 13:00:00,36.6,41,977.1,5,33.3,864.0,599.3,278.0,586.0,27.5398,71.9153,Bhadla_Solar_Park
2023-08-07 14:00:00,37.8,38,976.4,0,32.2,823.0,593.1,267.0,556.0,27.5398,71.9153,Bhadla_Solar_Park
2023-08-07 15:00:00,38.4,36,976.1,0,32.1,713.0,553.4,247.0,466.0,27.5398,71.9153,Bhadla_Solar_Park
2023-08-07 16:00:00,38.4,36,975.8,0,33.2,551.0,481.2,215.0,336.0,27.5398,71.9153,Bhadla_Solar_Park
2023-08-07 17:00:00,35.6,45,976.9,0,30.5,360.0,366.5,171.0,189.0,27.5398,71.9153,Bhadla_Solar_Park
2023-08-07 18:00:00,35.3,44,977.1,8,26.9,151.0,143.4,107.0,44.0,27.5398,71.9153,Bhadla_Solar_Park
2023-08-07 19:00:00,34.6,46,977.7,7,27.6,33.0,33.2,29.0,4.0,27.5398,71.9153,Bhadla_Solar_Park
2023-08-07 20:00:00,34.1,47,977.8,1,23.5,0.0,0.0,0.0,0.0,27.5398,71.9153,Bhadla_Solar_Park
2023-08-07 21:00:00,33.1,50,978.4,20,29.9,0.0,0.0,0.0,0.0,27.5398,71.9153,Bhadla_Solar_Park
2023-08-07 22:00:00,32.2,55,978.9,53,27.5,0.0,0.0,0.0,0.0,27.5398,71.9153,Bhadla_Solar_Park
2023-08-07 23:00:00,30.9,60,979.0,90,31.2,0.0,0.0,0.0,0.0,27.5398,71.9153,Bhadla_Solar_Park
2023-08-08 00:00:00,29.7,65,979.1,88,31.2,0.0,0.0,0.0,0.0,27.5398,71.9153,Bhadla_Solar_Park
2023-08-08 01:00:00,28.9,68,979.1,14,30.0,0.0,0.0,0.0,0.0,27.5398,71.9153,Bhadla_Solar_Park
2023-08-08 02:00:00,28.0,71,979.3,8,28.6,0.0,0.0,0.0,0.0,27.5398,71.9153,Bhadla_Solar_Park
2023-08-08 03:00:00,27.3,73,979.1,6,26.2,0.0,0.0,0.0,0.0,27.5398,71.9153,Bhadla_Solar_Park
2023-08-08 04:00:00,27.0,73,979.1,100,24.6,0.0,0.0,0.0,0.0,27.5398,71.9153,Bhadla_Solar_Park
2023-08-08 05:00:00,26.8,77,979.0,100,24.3,0.0,0.0,0.0,0.0,27.5398,71.9153,Bhadla_Solar_Park
2023-08-08 06:00:00,26.8,77,979.4,100,26.6,3.0,0.0,3.0,0.0,27.5398,71.9153,Bhadla_Solar_Park
2023-08-08 07:00:00,27.7,72,980.2,34,27.5,60.0,17.2,57.0,3.0,27.5398,71.9153,Bhadla_Solar_Park
2023-08-08 08:00:00,29.0,65,980.6,100,29.7,220.0,199.0,142.0,78.0,27.5398,71.9153,Bhadla_Solar_Park
2023-08-08 09:00:00,29.6,63,980.7,100,27.9,293.0,98.0,235.0,58.0,27.5398,71.9153,Bhadla_Solar_Park
2023-08-08 10:00:00,31.3,56,980.6,72,27.6,436.0,143.4,327.0,109.0,27.5398,71.9153,Bhadla_Solar_Park
2023-08-08 11:00:00,33.4,49,980.3,32,25.5,683.0,378.2,348.0,335.0,27.5398,71.9153,Bhadla_Solar_Park
2023-08-08 12:00:00,35.0,44,980.0,24,25.0,842.0,583.6,282.0,560.0,27.5398,71.9153,Bhadla_Solar_Park
2023-08-08 13:00:00,36.3,41,979.3,14,25.8,872.0,607.0,279.0,593.0,27.5398,71.9153,Bhadla_Solar_Park
2023-08-08 14:00:00,37.0,40,978.7,0,28.0,825.0,596.0,267.0,558.0,27.5398,71.9153,Bhadla_Solar_Park
2023-08-08 15:00:00,37.9,37,978.5,1,26.6,714.0,554.3,248.0,466.0,27.5398,71.9153,Bhadla_Solar_Park
2023-08-08 16:00:00,38.2,37,978.3,0,27.6,552.0,482.4,216.0,336.0,27.5398,71.9153,Bhadla_Solar_Park
2023-08-08 17:00:00,36.8,40,979.2,7,23.3,359.0,366.0,171.0,188.0,27.5398,71.9153,Bhadla_Solar_Park
2023-08-08 18:00:00,36.0,42,979.4,18,23.0,158.0,157.7,110.0,48.0,27.5398,71.9153,Bhadla_Solar_Park
2023-08-08 19:00:00,35.0,44,980.1,37,23.1,31.0,33.5,27.0,4.0,27.5398,71.9153,Bhadla_Solar_Park
2023-08-08 20:00:00,34.6,45,980.7,92,22.3,0.0,0.0,0.0,0.0,27.5398,71.9153,Bhadla_Solar_Park
2023-08-08 21:00:00,33.1,52,981.6,100,27.8,0.0,0.0,0.0,0.0,27.5398,71.9153,Bhadla_Solar_Park
2023-08-08 22:00:00,31.7,58,982.0,100,33.1,0.0,0.0,0.0,0.0,27.5398,71.9153,Bhadla_Solar_Park
2023-08-08 23:00:00,30.5,63,982.1,99,30.9,0.0,0.0,0.0,0.0,27.5398,71.9153,Bhadla_Solar_Park
2023-08-09 00:00:00,30.0,65,981.9,100,31.8,0.0,0.0,0.0,0.0,27.5398,71.9153,Bhadla_Solar_Park
2023-08-09 01:00:00,29.4,68,981.6,100,30.9,0.0,0.0,0.0,0.0,27.5398,71.9153,Bhadla_Solar_Park
2023-08-09 02:00:00,28.9,70,981.7,99,29.6,0.0,0.0,0.0,0.0,27.5398,71.9153,Bhadla_Solar_Park
2023-08-09 03:00:00,28.2,73,982.0,100,27.4,0.0,0.0,0.0,0.0,27.5398,71.9153,Bhadla_Solar_Park
2023-08-09 04:00:00,27.6,77,982.5,99,25.6,0.0,0.0,0.0,0.0,27.5398,71.9153,Bhadla_Solar_Park
2023-08-09 05:00:00,27.8,78,982.5,100,21.6,0.0,0.0,0.0,0.0,27.5398,71.9153,Bhadla_Solar_Park
2023-08-09 06:00:00,27.4,80,983.1,92,19.2,3.0,0.0,3.0,0.0,27.5398,71.9153,Bhadla_Solar_Park
2023-08-09 07:00:00,27.6,78,983.9,73,22.4,76.0,87.0,61.0,15.0,27.5398,71.9153,Bhadla_Solar_Park
2023-08-09 08:00:00,28.6,72,984.4,100,23.3,236.0,245.8,140.0,96.0,27.5398,71.9153,Bhadla_Solar_Park
2023-08-09 09:00:00,30.4,62,984.6,99,22.1,428.0,384.2,201.0,227.0,27.5398,71.9153,Bhadla_Solar_Park
2023-08-09 10:00:00,32.6,52,984.5,100,20.6,599.0,453.0,255.0,344.0,27.5398,71.9153,Bhadla_Solar_Park
2023-08-09 11:00:00,34.1,47,984.2,100,20.7,737.0,513.1,283.0,454.0,27.5398,71.9153,Bhadla_Solar_Park
2023-08-09 12:00:00,35.3,44,983.7,100,20.1,807.0,494.4,333.0,474.0,27.5398,71.9153,Bhadla_Solar_Park
2023-08-09 13:00:00,36.7,40,982.7,99,21.4,804.0,457.0,358.0,446.0,27.5398,71.9153,Bhadla_Solar_Park
2023-08-09 14:00:00,37.4,39,982.0,64,23.3,780.0,487.6,324.0,456.0,27.5398,71.9153,Bhadla_Solar_Park
2023-08-09 15:00:00,37.9,37,981.4,10,25.6,704.0,530.3,259.0,445.0,27.5398,71.9153,Bhadla_Solar_Park
2023-08-09 16:00:00,37.9,37,981.0,0,26.5,552.0,487.9,213.0,339.0,27.5398,71.9153,Bhadla_Solar_Park
2023-08-09 17:00:00,36.7,39,982.4,0,22.1,356.0,361.7,171.0,185.0,27.5398,71.9153,Bhadla_Solar_Park
2023-08-09 18:00:00,35.9,42,982.5,5,22.4,150.0,135.8,109.0,41.0,27.5398,71.9153,Bhadla_Solar_Park
2023-08-09 19:00:00,35.1,43,983.0,50,24.6,27.0,25.4,24.0,3.0,27.5398,71.9153,Bhadla_Solar_Park
2023-08-09 20:00:00,34.3,45,983.6,98,22.6,0.0,0.0,0.0,0.0,27.5398,71.9153,Bhadla_Solar_Park
2023-08-09 21:00:00,33.4,48,984.1,7,25.9,0.0,0.0,0.0,0.0,27.5398,71.9153,Bhadla_Solar_Park
2023-08-09 22:00:00,31.8,57,984.2,97,30.9,0.0,0.0,0.0,0.0,27.5398,71.9153,Bhadla_Solar_Park
2023-08-09 23:00:00,30.8,62,984.2,85,29.2,0.0,0.0,0.0,0.0,27.5398,71.9153,Bhadla_Solar_Park
2023-08-10 00:00:00,30.3,64,983.7,87,28.2,0.0,0.0,0.0,0.0,27.5398,71.9153,Bhadla_Solar_Park
2023-08-10 01:00:00,29.7,67,983.3,80,28.0,0.0,0.0,0.0,0.0,27.5398,71.9153,Bhadla_Solar_Park
2023-08-10 02:00:00,29.3,69,983.4,100,27.7,0.0,0.0,0.0,0.0,27.5398,71.9153,Bhadla_Solar_Park
2023-08-10 03:00:00,28.8,70,983.5,100,25.3,0.0,0.0,0.0,0.0,27.5398,71.9153,Bhadla_Solar_Park
2023-08-10 04:00:00,28.5,71,984.0,100,20.9,0.0,0.0,0.0,0.0,27.5398,71.9153,Bhadla_Solar_Park
2023-08-10 05:00:00,28.1,74,984.1,100,19.9,0.0,0.0,0.0,0.0,27.5398,71.9153,Bhadla_Solar_Park
2023-08-10 06:00:00,27.7,76,984.8,97,17.6,2.0,0.0,2.0,0.0,27.5398,71.9153,Bhadla_Solar_Park
2023-08-10 07:00:00,28.1,74,985.3,38,19.2,74.0,82.0,60.0,14.0,27.5398,71.9153,Bhadla_Solar_Park
2023-08-10 08:00:00,29.1,69,985.3,60,21.3,231.0,228.7,142.0,89.0,27.5398,71.9153,Bhadla_Solar_Park
2023-08-10 09:00:00,30.6,63,985.5,13,24.3,432.0,405.3,193.0,239.0,27.5398,71.9153,Bhadla_Solar_Park
2023-08-10 10:00:00,32.3,55,985.5,17,23.5,611.0,495.8,235.0,376.0,27.5398,71.9153,Bhadla_Solar_Park
2023-08-10 11:00:00,34.3,47,985.2,44,19.7,750.0,545.3,268.0,482.0,27.5398,71.9153,Bhadla_Solar_Park
2023-08-10 12:00:00,36.2,41,984.6,76,18.7,831.0,560.7,294.0,537.0,27.5398,71.9153,Bhadla_Solar_Park
2023-08-10 13:00:00,37.4,37,983.9,96,20.5,852.0,570.4,296.0,556.0,27.5398,71.9153,Bhadla_Solar_Park
2023-08-10 14:00:00,38.1,35,982.9,86,20.9,804.0,556.8,284.0,520.0,27.5398,71.9153,Bhadla_Solar_Park
2023-08-10 15:00:00,38.4,34,982.3,5,22.8,695.0,530.0,251.0,444.0,27.5398,71.9153,Bhadla_Solar_Park
2023-08-10 16:00:00,38.3,35,982.0,13,23.7,541.0,470.5,215.0,326.0,27.5398,71.9153,Bhadla_Solar_Park
2023-08-10 17:00:00,37.6,35,983.1,65,17.7,351.0,357.3,169.0,182.0,27.5398,71.9153,Bhadla_Solar_Park
2023-08-10 18:00:00,37.2,35,983.2,12,19.3,154.0,163.6,105.0,49.0,27.5398,71.9153,Bhadla_Solar_Park
2023-08-10 19:00:00,35.3,41,983.8,100,25.2,30.0,34.3,26.0,4.0,27.5398,71.9153,Bhadla_Solar_Park
2023-08-10 20:00:00,34.7,43,984.2,100,21.9,0.0,0.0,0.0,0.0,27.5398,71.9153,Bhadla_Solar_Park
2023-08-10 21:00:00,34.1,45,984.8,99,17.4,0.0,0.0,0.0,0.0,27.5398,71.9153,Bhadla_Solar_Park
2023-08-10 22:00:00,33.4,47,985.1,99,18.4,0.0,0.0,0.0,0.0,27.5398,71.9153,Bhadla_Solar_Park
2023-08-10 23:00:00,32.3,52,985.0,100,23.3,0.0,0.0,0.0,0.0,27.5398,71.9153,Bhadla_Solar_Park
2023-08-11 00:00:00,31.4,58,985.1,100,26.5,0.0,0.0,0.0,0.0,27.5398,71.9153,Bhadla_Solar_Park
2023-08-11 01:00:00,30.3,64,984.9,97,26.3,0.0,0.0,0.0,0.0,27.5398,71.9153,Bhadla_Solar_Park
2023-08-11 02:00:00,29.6,68,984.5,99,26.1,0.0,0.0,0.0,0.0,27.5398,71.9153,Bhadla_Solar_Park
2023-08-11 03:00:00,28.8,71,984.7,26,26.0,0.0,0.0,0.0,0.0,27.5398,71.9153,Bhadla_Solar_Park
2023-08-11 04:00:00,28.3,73,985.2,3,21.4,0.0,0.0,0.0,0.0,27.5398,71.9153,Bhadla_Solar_Park
2023-08-11 05:00:00,28.1,72,985.3,3,17.8,0.0,0.0,0.0,0.0,27.5398,71.9153,Bhadla_Solar_Park
2023-08-11 06:00:00,27.7,73,985.3,0,16.4,2.0,0.0,2.0,0.0,27.5398,71.9153,Bhadla_Solar_Park
2023-08-11 07:00:00,27.9,71,985.6,0,19.3,73.0,88.7,58.0,15.0,27.5398,71.9153,Bhadla_Solar_Park
2023-08-11 08:00:00,28.9,68,986.3,0,20.5,234.0,255.2,135.0,99.0,27.5398,71.9153,Bhadla_Solar_Park
2023-08-11 09:00:00,30.3,60,986.5,1,21.0,427.0,401.0,191.0,236.0,27.5398,71.9153,Bhadla_Solar_Park
2023-08-11 10:00:00,32.0,53,986.4,2,21.5,607.0,495.1,232.0,375.0,27.5398,71.9153,Bhadla_Solar_Park
2023-08-11 11:00:00,33.9,45,985.8,23,19.5,745.0,544.7,264.0,481.0,27.5398,71.9153,Bhadla_Solar_Park
2023-08-11 12:00:00,35.2,40,984.9,0,18.4,803.0,518.4,307.0,496.0,27.5398,71.9153,Bhadla_Solar_Park
2023-08-11 13:00:00,36.1,39,984.3,0,19.3,836.0,542.3,308.0,528.0,27.5398,71.9153,Bhadla_Solar_Park
2023-08-11 14:00:00,36.9,37,983.2,0,18.9,812.0,589.8,262.0,550.0,27.5398,71.9153,Bhadla_Solar_Park
2023-08-11 15:00:00,37.6,35,982.4,1,19.3,696.0,537.0,247.0,449.0,27.5398,71.9153,Bhadla_Solar_Park
2023-08-11 16:00:00,37.7,35,981.8,5,18.9,537.0,466.0,215.0,322.0,27.5398,71.9153,Bhadla_Solar_Park
2023-08-11 17:00:00,37.1,34,983.1,17,14.9,347.0,353.0,168.0,179.0,27.5398,71.9153,Bhadla_Solar_Park
2023-08-11 18:00:00,36.8,34,983.0,31,15.1,127.0,107.8,95.0,32.0,27.5398,71.9153,Bhadla_Solar_Park
2023-08-11 19:00:00,35.5,38,983.5,79,26.1,26.0,26.0,23.0,3.0,27.5398,71.9153,Bhadla_Solar_Park
2023-08-11 20:00:00,34.8,40,983.7,44,27.7,0.0,0.0,0.0,0.0,27.5398,71.9153,Bhadla_Solar_Park
2023-08-11 21:00:00,34.2,42,984.3,59,25.3,0.0,0.0,0.0,0.0,27.5398,71.9153,Bhadla_Solar_Park
2023-08-11 22:00:00,33.5,46,984.5,7,26.9,0.0,0.0,0.0,0.0,27.5398,71.9153,Bhadla_Solar_Park
2023-08-11 23:00:00,32.5,49,984.3,1,21.9,0.0,0.0,0.0,0.0,27.5398,71.9153,Bhadla_Solar_Park
2023-08-12 00:00:00,32.0,51,983.8,7,20.3,0.0,0.0,0.0,0.0,27.5398,71.9153,Bhadla_Solar_Park
2023-08-12 01:00:00,31.2,55,983.5,4,23.2,0.0,0.0,0.0,0.0,27.5398,71.9153,Bhadla_Solar_Park
2023-08-12 02:00:00,30.2,63,983.4,47,26.5,0.0,0.0,0.0,0.0,27.5398,71.9153,Bhadla_Solar_Park
2023-08-12 03:00:00,29.3,67,983.4,52,26.9,0.0,0.0,0.0,0.0,27.5398,71.9153,Bhadla_Solar_Park
2023-08-12 04:00:00,28.7,69,983.7,11,25.2,0.0,0.0,0.0,0.0,27.5398,71.9153,Bhadla_Solar_Park
2023-08-12 05:00:00,28.5,73,983.8,26,21.8,0.0,0.0,0.0,0.0,27.5398,71.9153,Bhadla_Solar_Park
2023-08-12 06:00:00,28.1,74,984.3,0,19.9,2.0,0.0,2.0,0.0,27.5398,71.9153,Bhadla_Solar_Park
2023-08-12 07:00:00,28.2,73,984.7,3,21.2,72.0,89.5,57.0,15.0,27.5398,71.9153,Bhadla_Solar_Park
2023-08-12 08:00:00,29.3,67,984.9,11,23.7,232.0,253.6,134.0,98.0,27.5398,71.9153,Bhadla_Solar_Park
2023-08-12 09:00:00,30.9,60,984.9,5,25.7,424.0,400.1,189.0,235.0,27.5398,71.9153,Bhadla_Solar_Park
2023-08-12 10:00:00,32.7,53,984.9,0,26.7,605.0,499.7,227.0,378.0,27.5398,71.9153,Bhadla_Solar_Park
2023-08-12 11:00:00,34.4,47,984.2,0,25.2,747.0,560.1,253.0,494.0,27.5398,71.9153,Bhadla_Solar_Park
2023-08-12 12:00:00,35.9,42,983.7,0,23.5,832.0,591.1,267.0,565.0,27.5398,71.9153,Bhadla_Solar_Park
2023-08-12 13:00:00,37.2,38,982.7,0,22.6,853.0,600.5,269.0,584.0,27.5398,71.9153,Bhadla_Solar_Park
2023-08-12 14:00:00,38.0,36,981.5,3,22.9,807.0,587.5,260.0,547.0,27.5398,71.9153,Bhadla_Solar_Park
2023-08-12 15:00:00,38.6,35,980.6,18,22.5,697.0,546.5,241.0,456.0,27.5398,71.9153,Bhadla_Solar_Park
2023-08-12 16:00:00,38.8,34,979.8,18,21.1,522.0,439.8,219.0,303.0,27.5398,71.9153,Bhadla_Solar_Park
2023-08-12 17:00:00,36.8,37,981.1,45,13.8,325.0,303.2,172.0,153.0,27.5398,71.9153,Bhadla_Solar_Park
2023-08-12 18:00:00,36.6,37,981.0,34,14.7,148.0,156.4,102.0,46.0,27.5398,71.9153,Bhadla_Solar_Park
2023-08-12 19:00:00,35.6,40,981.2,9,19.1,27.0,26.3,24.0,3.0,27.5398,71.9153,Bhadla_Solar_Park
2023-08-12 20:00:00,34.5,43,981.5,0,24.8,0.0,0.0,0.0,0.0,27.5398,71.9153,Bhadla_Solar_Park
2023-08-12 21:00:00,34.3,44,981.9,27,18.4,0.0,0.0,0.0,0.0,27.5398,71.9153,Bhadla_Solar_Park
2023-08-12 22:00:00,33.3,49,982.2,4,25.8,0.0,0.0,0.0,0.0,27.5398,71.9153,Bhadla_Solar_Park
2023-08-12 23:00:00,32.9,50,981.6,4,22.7,0.0,0.0,0.0,0.0,27.5398,71.9153,Bhadla_Solar_Park
2023-08-13 00:00:00,31.4,58,981.4,0,29.5,0.0,0.0,0.0,0.0,27.5398,71.9153,Bhadla_Solar_Park
2023-08-13 01:00:00,30.2,64,980.8,13,30.8,0.0,0.0,0.0,0.0,27.5398,71.9153,Bhadla_Solar_Park
2023-08-13 02:00:00,28.8,69,980.6,14,29.3,0.0,0.0,0.0,0.0,27.5398,71.9153,Bhadla_Solar_Park
2023-08-13 03:00:00,27.8,72,980.4,43,27.0,0.0,0.0,0.0,0.0,27.5398,71.9153,Bhadla_Solar_Park
2023-08-13 04:00:00,27.1,74,980.6,15,24.7,0.0,0.0,0.0,0.0,27.5398,71.9153,Bhadla_Solar_Park
2023-08-13 05:00:00,27.2,74,980.2,70,22.5,0.0,0.0,0.0,0.0,27.5398,71.9153,Bhadla_Solar_Park
2023-08-13 06:00:00,26.8,75,980.4,61,21.7,2.0,0.0,2.0,0.0,27.5398,71.9153,Bhadla_Solar_Park
2023-08-13 07:00:00,27.1,74,980.8,91,23.8,74.0,96.4,58.0,16.0,27.5398,71.9153,Bhadla_Solar_Park
2023-08-13 08:00:00,28.1,68,981.2,4,25.5,237.0,264.8,135.0,102.0,27.5398,71.9153,Bhadla_Solar_Park
2023-08-13 09:00:00,29.9,61,981.7,7,25.6,435.0,424.8,186.0,249.0,27.5398,71.9153,Bhadla_Solar_Park
2023-08-13 10:00:00,31.9,53,981.6,32,25.6,619.0,522.9,224.0,395.0,27.5398,71.9153,Bhadla_Solar_Park
2023-08-13 11:00:00,33.7,47,981.1,100,26.4,762.0,581.1,250.0,512.0,27.5398,71.9153,Bhadla_Solar_Park
2023-08-13 12:00:00,35.4,42,980.3,100,25.6,827.0,551.0,301.0,526.0,27.5398,71.9153,Bhadla_Solar_Park
2023-08-13 13:00:00,36.7,39,979.6,93,25.3,826.0,504.5,336.0,490.0,27.5398,71.9153,Bhadla_Solar_Park
2023-08-13 14:00:00,37.5,37,978.5,100,26.3,788.0,518.5,306.0,482.0,27.5398,71.9153,Bhadla_Solar_Park
2023-08-13 15:00:00,38.1,35,977.8,100,26.3,672.0,451.5,296.0,376.0,27.5398,71.9153,Bhadla_Solar_Park
2023-08-13 16:00:00,38.2,35,977.4,27,26.3,518.0,401.8,242.0,276.0,27.5398,71.9153,Bhadla_Solar_Park
2023-08-13 17:00:00,36.5,41,978.8,14,24.6,355.0,378.3,165.0,190.0,27.5398,71.9153,Bhadla_Solar_Park
2023-08-13 18:00:00,36.1,42,979.0,23,26.0,160.0,195.7,103.0,57.0,27.5398,71.9153,Bhadla_Solar_Park
2023-08-13 19:00:00,35.3,44,979.5,100,28.2,27.0,35.5,23.0,4.0,27.5398,71.9153,Bhadla_Solar_Park
2023-08-13 20:00:00,34.6,47,980.0,98,25.7,0.0,0.0,0.0,0.0,27.5398,71.9153,Bhadla_Solar_Park
2023-08-13 21:00:00,33.9,49,980.1,100,23.9,0.0,0.0,0.0,0.0,27.5398,71.9153,Bhadla_Solar_Park
2023-08-13 22:00:00,31.6,59,980.7,22,38.5,0.0,0.0,0.0,0.0,27.5398,71.9153,Bhadla_Solar_Park
2023-08-13 23:00:00,30.5,64,980.9,9,33.2,0.0,0.0,0.0,0.0,27.5398,71.9153,Bhadla_Solar_Park
2023-08-14 00:00:00,30.0,67,981.2,100,31.6,0.0,0.0,0.0,0.0,27.5398,71.9153,Bhadla_Solar_Park
2023-08-14 01:00:00,29.3,70,980.8,21,30.1,0.0,0.0,0.0,0.0,27.5398,71.9153,Bhadla_Solar_Park
2023-08-14 02:00:00,28.5,73,980.5,100,28.2,0.0,0.0,0.0,0.0,27.5398,71.9153,Bhadla_Solar_Park
2023-08-14 03:00:00,28.1,74,980.4,100,23.8,0.0,0.0,0.0,0.0,27.5398,71.9153,Bhadla_Solar_Park
2023-08-14 04:00:00,27.6,75,980.6,100,21.0,0.0,0.0,0.0,0.0,27.5398,71.9153,Bhadla_Solar_Park
2023-08-14 05:00:00,28.0,76,981.0,100,18.8,0.0,0.0,0.0,0.0,27.5398,71.9153,Bhadla_Solar_Park
2023-08-14 06:00:00,27.6,78,981.5,100,19.9,2.0,0.0,2.0,0.0,27.5398,71.9153,Bhadla_Solar_Park
2023-08-14 07:00:00,28.3,73,982.4,100,25.6,67.0,42.6,60.0,7.0,27.5398,71.9153,Bhadla_Solar_Park
2023-08-14 08:00:00,29.5,66,982.9,93,27.0,222.0,187.6,150.0,72.0,27.5398,71.9153,Bhadla_Solar_Park
2023-08-14 09:00:00,30.8,60,983.1,99,28.5,434.0,406.8,196.0,238.0,27.5398,71.9153,Bhadla_Solar_Park
2023-08-14 10:00:00,32.2,54,983.0,96,28.5,597.0,441.5,264.0,333.0,27.5398,71.9153,Bhadla_Solar_Park
2023-08-14 11:00:00,33.8,48,982.7,69,28.9,738.0,503.4,295.0,443.0,27.5398,71.9153,Bhadla_Solar_Park
2023-08-14 12:00:00,35.6,43,982.2,97,27.6,855.0,618.7,265.0,590.0,27.5398,71.9153,Bhadla_Solar_Park
2023-08-14 13:00:00,36.6,40,981.6,97,27.0,826.0,505.1,336.0,490.0,27.5398,71.9153,Bhadla_Solar_Park
2023-08-14 14:00:00,37.3,38,981.1,100,25.7,796.0,531.1,303.0,493.0,27.5398,71.9153,Bhadla_Solar_Park
2023-08-14 15:00:00,37.5,37,980.5,100,26.3,670.0,450.1,296.0,374.0,27.5398,71.9153,Bhadla_Solar_Park
2023-08-14 16:00:00,37.5,37,980.4,100,26.8,478.0,296.5,275.0,203.0,27.5398,71.9153,Bhadla_Solar_Park
2023-08-14 17:00:00,36.3,42,981.5,99,26.1,287.0,158.1,208.0,79.0,27.5398,71.9153,Bhadla_Solar_Park
2023-08-14 18:00:00,35.4,44,982.1,61,26.7,149.0,169.9,100.0,49.0,27.5398,71.9153,Bhadla_Solar_Park
2023-08-14 19:00:00,34.5,46,982.5,100,26.3,23.0,18.0,21.0,2.0,27.5398,71.9153,Bhadla_Solar_Park
2023-08-14 20:00:00,33.8,48,983.4,100,26.8,0.0,0.0,0.0,0.0,27.5398,71.9153,Bhadla_Solar_Park
2023-08-14 21:00:00,32.1,55,983.9,100,30.3,0.0,0.0,0.0,0.0,27.5398,71.9153,Bhadla_Solar_Park
2023-08-14 22:00:00,31.9,54,984.1,100,22.7,0.0,0.0,0.0,0.0,27.5398,71.9153,Bhadla_Solar_Park
2023-08-14 23:00:00,31.2,58,983.9,100,24.9,0.0,0.0,0.0,0.0,27.5398,71.9153,Bhadla_Solar_Park
2023-08-15 00:00:00,30.8,61,983.7,100,23.4,0.0,0.0,0.0,0.0,27.5398,71.9153,Bhadla_Solar_Park
2023-08-15 01:00:00,30.2,65,983.4,100,23.1,0.0,0.0,0.0,0.0,27.5398,71.9153,Bhadla_Solar_Park
2023-08-15 02:00:00,29.7,68,982.9,100,22.1,0.0,0.0,0.0,0.0,27.5398,71.9153,Bhadla_Solar_Park
2023-08-15 03:00:00,29.4,69,982.9,99,20.3,0.0,0.0,0.0,0.0,27.5398,71.9153,Bhadla_Solar_Park
2023-08-15 04:00:00,29.0,69,983.3,100,20.2,0.0,0.0,0.0,0.0,27.5398,71.9153,Bhadla_Solar_Park
2023-08-15 05:00:00,28.7,69,984.0,100,15.8,0.0,0.0,0.0,0.0,27.5398,71.9153,Bhadla_Solar_Park
2023-08-15 06:00:00,28.3,71,984.7,100,13.8,2.0,0.0,2.0,0.0,27.5398,71.9153,Bhadla_Solar_Park
2023-08-15 07:00:00,28.6,70,985.3,100,15.6,64.0,30.7,59.0,5.0,27.5398,71.9153,Bhadla_Solar_Park
2023-08-15 08:00:00,29.4,67,985.7,96,16.1,192.0,96.8,155.0,37.0,27.5398,71.9153,Bhadla_Solar_Park
2023-08-15 09:00:00,30.6,62,986.0,68,15.9,372.0,251.8,225.0,147.0,27.5398,71.9153,Bhadla_Solar_Park
2023-08-15 10:00:00,32.4,55,986.1,91,17.3,598.0,466.0,247.0,351.0,27.5398,71.9153,Bhadla_Solar_Park
2023-08-15 11:00:00,34.3,48,985.5,60,18.4,730.0,504.0,287.0,443.0,27.5398,71.9153,Bhadla_Solar_Park
2023-08-15 12:00:00,36.0,41,984.9,4,19.1,835.0,585.8,277.0,558.0,27.5398,71.9153,Bhadla_Solar_Park
2023-08-15 13:00:00,37.5,36,984.1,38,17.3,862.0,609.0,272.0,590.0,27.5398,71.9153,Bhadla_Solar_Park
2023-08-15 14:00:00,38.4,33,983.1,94,16.9,808.0,582.7,268.0,540.0,27.5398,71.9153,Bhadla_Solar_Park
2023-08-15 15:00:00,38.6,32,982.6,100,17.0,682.0,501.8,266.0,416.0,27.5398,71.9153,Bhadla_Solar_Park
2023-08-15 16:00:00,38.6,32,982.2,96,17.6,484.0,342.8,250.0,234.0,27.5398,71.9153,Bhadla_Solar_Park
2023-08-15 17:00:00,35.7,39,983.7,99,15.4,303.0,231.3,188.0,115.0,27.5398,71.9153,Bhadla_Solar_Park
2023-08-15 18:00:00,35.4,40,983.9,100,14.3,111.0,35.0,101.0,10.0,27.5398,71.9153,Bhadla_Solar_Park
2023-08-15 19:00:00,34.7,42,984.2,100,19.2,18.0,0.0,18.0,0.0,27.5398,71.9153,Bhadla_Solar_Park
2023-08-15 20:00:00,34.1,44,984.5,100,19.4,0.0,0.0,0.0,0.0,27.5398,71.9153,Bhadla_Solar_Park
2023-08-15 21:00:00,33.2,49,985.2,100,22.4,0.0,0.0,0.0,0.0,27.5398,71.9153,Bhadla_Solar_Park
2023-08-15 22:00:00,32.1,54,985.5,99,23.2,0.0,0.0,0.0,0.0,27.5398,71.9153,Bhadla_Solar_Park
2023-08-15 23:00:00,31.4,57,985.7,100,21.5,0.0,0.0,0.0,0.0,27.5398,71.9153,Bhadla_Solar_Park
2023-08-16 00:00:00,30.8,59,985.5,97,18.3,0.0,0.0,0.0,0.0,27.5398,71.9153,Bhadla_Solar_Park
2023-08-16 01:00:00,30.2,63,985.3,57,18.4,0.0,0.0,0.0,0.0,27.5398,71.9153,Bhadla_Solar_Park
2023-08-16 02:00:00,29.6,66,984.9,32,17.5,0.0,0.0,0.0,0.0,27.5398,71.9153,Bhadla_Solar_Park
2023-08-16 03:00:00,29.2,68,984.8,10,17.9,0.0,0.0,0.0,0.0,27.5398,71.9153,Bhadla_Solar_Park
2023-08-16 04:00:00,28.7,70,985.1,0,18.3,0.0,0.0,0.0,0.0,27.5398,71.9153,Bhadla_Solar_Park
2023-08-16 05:00:00,28.8,70,985.3,1,18.7,0.0,0.0,0.0,0.0,27.5398,71.9153,Bhadla_Solar_Park
2023-08-16 06:00:00,28.3,73,986.4,97,16.6,2.0,0.0,2.0,0.0,27.5398,71.9153,Bhadla_Solar_Park
2023-08-16 07:00:00,28.9,71,986.7,4,18.1,70.0,80.8,57.0,13.0,27.5398,71.9153,Bhadla_Solar_Park
2023-08-16 08:00:00,30.1,65,987.0,1,19.2,236.0,272.9,132.0,104.0,27.5398,71.9153,Bhadla_Solar_Park
2023-08-16 09:00:00,32.0,57,987.1,14,18.7,434.0,429.1,184.0,250.0,27.5398,71.9153,Bhadla_Solar_Park
2023-08-16 10:00:00,33.5,50,987.1,20,18.2,618.0,526.5,222.0,396.0,27.5398,71.9153,Bhadla_Solar_Park
2023-08-16 11:00:00,34.9,45,986.5,7,17.4,760.0,582.1,249.0,511.0,27.5398,71.9153,Bhadla_Solar_Park
2023-08-16 12:00:00,36.3,40,985.8,4,16.1,844.0,608.6,265.0,579.0,27.5398,71.9153,Bhadla_Solar_Park
2023-08-16 13:00:00,37.6,36,984.8,6,14.5,858.0,605.7,272.0,586.0,27.5398,71.9153,Bhadla_Solar_Park
2023-08-16 14:00:00,38.7,32,983.8,1,15.0,808.0,591.3,261.0,547.0,27.5398,71.9153,Bhadla_Solar_Park
2023-08-16 15:00:00,39.1,31,982.9,8,19.2,688.0,541.6,240.0,448.0,27.5398,71.9153,Bhadla_Solar_Park
2023-08-16 16:00:00,39.0,31,982.7,11,20.1,539.0,493.9,203.0,336.0,27.5398,71.9153,Bhadla_Solar_Park
2023-08-16 17:00:00,37.6,35,983.7,15,17.3,329.0,343.8,159.0,170.0,27.5398,71.9153,Bhadla_Solar_Park
2023-08-16 18:00:00,36.9,36,983.6,26,18.4,123.0,120.4,89.0,34.0,27.5398,71.9153,Bhadla_Solar_Park
2023-08-16 19:00:00,36.1,38,983.9,68,21.1,19.0,18.5,17.0,2.0,27.5398,71.9153,Bhadla_Solar_Park
2023-08-16 20:00:00,35.4,40,984.2,13,19.4,0.0,0.0,0.0,0.0,27.5398,71.9153,Bhadla_Solar_Park
2023-08-16 21:00:00,34.6,41,984.5,1,14.9,0.0,0.0,0.0,0.0,27.5398,71.9153,Bhadla_Solar_Park
2023-08-16 22:00:00,33.7,44,984.8,6,21.6,0.0,0.0,0.0,0.0,27.5398,71.9153,Bhadla_Solar_Park
2023-08-16 23:00:00,32.5,49,984.9,0,24.5,0.0,0.0,0.0,0.0,27.5398,71.9153,Bhadla_Solar_Park
2023-08-17 00:00:00,31.5,56,985.0,0,24.4,0.0,0.0,0.0,0.0,27.5398,71.9153,Bhadla_Solar_Park
2023-08-17 01:00:00,30.8,59,984.7,0,22.8,0.0,0.0,0.0,0.0,27.5398,71.9153,Bhadla_Solar_Park
2023-08-17 02:00:00,30.2,63,984.4,0,22.7,0.0,0.0,0.0,0.0,27.5398,71.9153,Bhadla_Solar_Park
2023-08-17 03:00:00,29.5,67,984.5,0,23.8,0.0,0.0,0.0,0.0,27.5398,71.9153,Bhadla_Solar_Park
2023-08-17 04:00:00,28.8,71,984.7,0,24.2,0.0,0.0,0.0,0.0,27.5398,71.9153,Bhadla_Solar_Park
2023-08-17 05:00:00,28.9,74,984.6,0,19.6,0.0,0.0,0.0,0.0,27.5398,71.9153,Bhadla_Solar_Park
2023-08-17 06:00:00,28.3,75,985.2,0,20.7,1.0,0.0,1.0,0.0,27.5398,71.9153,Bhadla_Solar_Park
2023-08-17 07:00:00,28.4,70,985.8,0,20.4,71.0,100.4,55.0,16.0,27.5398,71.9153,Bhadla_Solar_Park
2023-08-17 08:00:00,29.4,65,986.2,0,19.8,237.0,276.6,132.0,105.0,27.5398,71.9153,Bhadla_Solar_Park
2023-08-17 09:00:00,31.2,58,986.4,0,20.3,435.0,433.4,183.0,252.0,27.5398,71.9153,Bhadla_Solar_Park
2023-08-17 10:00:00,32.8,52,986.1,1,23.0,621.0,533.9,220.0,401.0,27.5398,71.9153,Bhadla_Solar_Park
2023-08-17 11:00:00,34.3,47,985.6,5,24.5,766.0,595.4,244.0,522.0,27.5398,71.9153,Bhadla_Solar_Park
2023-08-17 12:00:00,35.7,42,984.8,0,25.2,853.0,625.2,259.0,594.0,27.5398,71.9153,Bhadla_Solar_Park
2023-08-17 13:00:00,36.8,39,983.9,1,25.0,873.0,635.6,259.0,614.0,27.5398,71.9153,Bhadla_Solar_Park
2023-08-17 14:00:00,37.7,36,983.0,0,24.2,825.0,622.7,250.0,575.0,27.5398,71.9153,Bhadla_Solar_Park
2023-08-17 15:00:00,38.2,35,982.3,0,24.4,712.0,582.9,231.0,481.0,27.5398,71.9153,Bhadla_Solar_Park
2023-08-17 16:00:00,38.2,34,982.0,0,24.6,547.0,508.9,202.0,345.0,27.5398,71.9153,Bhadla_Solar_Park
2023-08-17 17:00:00,36.9,39,983.1,0,22.4,350.0,388.4,159.0,191.0,27.5398,71.9153,Bhadla_Solar_Park
2023-08-17 18:00:00,36.2,40,983.2,1,22.2,155.0,196.8,100.0,55.0,27.5398,71.9153,Bhadla_Solar_Park
2023-08-17 19:00:00,35.3,42,983.5,0,21.4,24.0,28.2,21.0,3.0,27.5398,71.9153,Bhadla_Solar_Park
2023-08-17 20:00:00,34.7,44,983.7,0,19.6,0.0,0.0,0.0,0.0,27.5398,71.9153,Bhadla_Solar_Park
2023-08-17 21:00:00,34.0,45,984.2,0,18.1,0.0,0.0,0.0,0.0,27.5398,71.9153,Bhadla_Solar_Park
2023-08-17 22:00:00,33.3,47,984.2,31,19.1,0.0,0.0,0.0,0.0,27.5398,71.9153,Bhadla_Solar_Park
2023-08-17 23:00:00,32.5,50,984.3,0,20.6,0.0,0.0,0.0,0.0,27.5398,71.9153,Bhadla_Solar_Park
2023-08-18 00:00:00,31.6,54,984.3,0,20.6,0.0,0.0,0.0,0.0,27.5398,71.9153,Bhadla_Solar_Park
2023-08-18 01:00:00,30.7,57,983.8,0,20.9,0.0,0.0,0.0,0.0,27.5398,71.9153,Bhadla_Solar_Park
2023-08-18 02:00:00,29.8,61,983.5,15,20.9,0.0,0.0,0.0,0.0,27.5398,71.9153,Bhadla_Solar_Park
2023-08-18 03:00:00,28.7,65,983.9,13,22.2,0.0,0.0,0.0,0.0,27.5398,71.9153,Bhadla_Solar_Park
2023-08-18 04:00:00,27.6,68,984.3,52,23.0,0.0,0.0,0.0,0.0,27.5398,71.9153,Bhadla_Solar_Park
2023-08-18 05:00:00,27.5,69,984.3,69,21.1,0.0,0.0,0.0,0.0,27.5398,71.9153,Bhadla_Solar_Park
2023-08-18 06:00:00,26.8,71,984.5,0,18.1,1.0,0.0,1.0,0.0,27.5398,71.9153,Bhadla_Solar_Park
2023-08-18 07:00:00,27.0,69,985.0,0,17.7,72.0,107.8,55.0,17.0,27.5398,71.9153,Bhadla_Solar_Park
2023-08-18 08:00:00,28.2,64,985.8,2,19.1,241.0,290.8,131.0,110.0,27.5398,71.9153,Bhadla_Solar_Park
2023-08-18 09:00:00,30.0,55,986.0,0,20.1,443.0,448.1,183.0,260.0,27.5398,71.9153,Bhadla_Solar_Park
2023-08-18 10:00:00,32.1,47,986.1,0,20.7,630.0,548.1,219.0,411.0,27.5398,71.9153,Bhadla_Solar_Park
2023-08-18 11:00:00,34.0,42,985.5,0,22.2,776.0,608.7,243.0,533.0,27.5398,71.9153,Bhadla_Solar_Park
2023-08-18 12:00:00,35.8,38,984.8,0,22.1,864.0,640.8,256.0,608.0,27.5398,71.9153,Bhadla_Solar_Park
2023-08-18 13:00:00,37.2,34,983.7,0,22.6,884.0,650.0,257.0,627.0,27.5398,71.9153,Bhadla_Solar_Park
2023-08-18 14:00:00,38.3,32,982.6,0,23.1,835.0,635.8,249.0,586.0,27.5398,71.9153,Bhadla_Solar_Park
2023-08-18 15:00:00,38.8,30,982.0,0,22.3,720.0,596.5,229.0,491.0,27.5398,71.9153,Bhadla_Solar_Park
2023-08-18 16:00:00,38.9,29,981.7,0,20.8,553.0,521.1,201.0,352.0,27.5398,71.9153,Bhadla_Solar_Park
2023-08-18 17:00:00,37.5,34,982.5,29,16.3,353.0,396.7,159.0,194.0,27.5398,71.9153,Bhadla_Solar_Park
2023-08-18 18:00:00,37.2,34,982.6,87,18.1,156.0,206.3,99.0,57.0,27.5398,71.9153,Bhadla_Solar_Park
2023-08-18 19:00:00,36.3,36,982.9,65,16.8,23.0,28.6,20.0,3.0,27.5398,71.9153,Bhadla_Solar_Park
2023-08-18 20:00:00,35.5,38,983.5,90,16.6,0.0,0.0,0.0,0.0,27.5398,71.9153,Bhadla_Solar_Park
2023-08-18 21:00:00,34.6,41,984.2,14,18.4,0.0,0.0,0.0,0.0,27.5398,71.9153,Bhadla_Solar_Park
2023-08-18 22:00:00,33.8,44,984.3,3,17.7,0.0,0.0,0.0,0.0,27.5398,71.9153,Bhadla_Solar_Park
2023-08-18 23:00:00,33.0,46,984.2,3,16.5,0.0,0.0,0.0,0.0,27.5398,71.9153,Bhadla_Solar_Park
2023-08-19 00:00:00,32.2,48,984.1,0,18.0,0.0,0.0,0.0,0.0,27.5398,71.9153,Bhadla_Solar_Park
2023-08-19 01:00:00,31.3,51,983.9,0,20.2,0.0,0.0,0.0,0.0,27.5398,71.9153,Bhadla_Solar_Park
2023-08-19 02:00:00,30.3,55,983.6,0,22.0,0.0,0.0,0.0,0.0,27.5398,71.9153,Bhadla_Solar_Park
2023-08-19 03:00:00,29.7,57,983.8,0,19.7,0.0,0.0,0.0,0.0,27.5398,71.9153,Bhadla_Solar_Park
2023-08-19 04:00:00,29.3,57,983.7,0,17.2,0.0,0.0,0.0,0.0,27.5398,71.9153,Bhadla_Solar_Park
2023-08-19 05:00:00,29.2,59,983.9,6,16.4,0.0,0.0,0.0,0.0,27.5398,71.9153,Bhadla_Solar_Park
2023-08-19 06:00:00,28.6,63,984.5,32,18.2,1.0,0.0,1.0,0.0,27.5398,71.9153,Bhadla_Solar_Park
2023-08-19 07:00:00,28.3,67,985.0,83,18.4,70.0,101.9,54.0,16.0,27.5398,71.9153,Bhadla_Solar_Park
2023-08-19 08:00:00,29.4,62,985.4,86,16.8,237.0,283.9,130.0,107.0,27.5398,71.9153,Bhadla_Solar_Park
2023-08-19 09:00:00,31.8,52,985.7,5,16.3,435.0,438.7,181.0,254.0,27.5398,71.9153,Bhadla_Solar_Park
2023-08-19 10:00:00,34.3,43,985.6,5,13.4,620.0,536.9,218.0,402.0,27.5398,71.9153,Bhadla_Solar_Park
2023-08-19 11:00:00,36.3,38,984.9,5,8.9,764.0,596.9,242.0,522.0,27.5398,71.9153,Bhadla_Solar_Park
2023-08-19 12:00:00,37.8,33,984.5,21,4.7,848.0,626.9,254.0,594.0,27.5398,71.9153,Bhadla_Solar_Park
2023-08-19 13:00:00,38.9,30,983.9,12,5.6,821.0,579.4,263.0,558.0,27.5398,71.9153,Bhadla_Solar_Park
2023-08-19 14:00:00,39.4,28,983.0,23,6.1,756.0,544.6,255.0,501.0,27.5398,71.9153,Bhadla_Solar_Park
2023-08-19 15:00:00,39.5,27,982.1,24,1.5,635.0,483.6,238.0,397.0,27.5398,71.9153,Bhadla_Solar_Park
2023-08-19 16:00:00,39.4,27,981.6,13,2.3,515.0,454.6,209.0,306.0,27.5398,71.9153,Bhadla_Solar_Park
2023-08-19 17:00:00,38.0,33,982.5,16,3.4,324.0,337.3,160.0,164.0,27.5398,71.9153,Bhadla_Solar_Park
2023-08-19 18:00:00,37.9,33,982.4,93,2.6,140.0,164.8,95.0,45.0,27.5398,71.9153,Bhadla_Solar_Park
2023-08-19 19:00:00,37.4,33,983.1,61,5.4,18.0,19.4,16.0,2.0,27.5398,71.9153,Bhadla_Solar_Park
2023-08-19 20:00:00,32.4,56,984.4,100,35.9,0.0,0.0,0.0,0.0,27.5398,71.9153,Bhadla_Solar_Park
2023-08-19 21:00:00,31.0,63,984.8,100,19.0,0.0,0.0,0.0,0.0,27.5398,71.9153,Bhadla_Solar_Park
2023-08-19 22:00:00,30.9,62,984.8,86,19.3,0.0,0.0,0.0,0.0,27.5398,71.9153,Bhadla_Solar_Park
2023-08-19 23:00:00,30.8,63,984.5,28,15.1,0.0,0.0,0.0,0.0,27.5398,71.9153,Bhadla_Solar_Park
2023-08-20 00:00:00,30.8,61,984.4,37,18.6,0.0,0.0,0.0,0.0,27.5398,71.9153,Bhadla_Solar_Park
2023-08-20 01:00:00,30.7,60,983.5,36,17.1,0.0,0.0,0.0,0.0,27.5398,71.9153,Bhadla_Solar_Park
2023-08-20 02:00:00,30.7,57,983.2,99,16.7,0.0,0.0,0.0,0.0,27.5398,71.9153,Bhadla_Solar_Park
2023-08-20 03:00:00,30.6,57,983.2,69,14.0,0.0,0.0,0.0,0.0,27.5398,71.9153,Bhadla_Solar_Park
2023-08-20 04:00:00,30.3,58,983.4,56,12.4,0.0,0.0,0.0,0.0,27.5398,71.9153,Bhadla_Solar_Park
2023-08-20 05:00:00,31.6,54,983.2,17,10.9,0.0,0.0,0.0,0.0,27.5398,71.9153,Bhadla_Solar_Park
2023-08-20 06:00:00,31.4,55,983.9,100,8.8,1.0,0.0,1.0,0.0,27.5398,71.9153,Bhadla_Solar_Park
2023-08-20 07:00:00,30.9,58,985.2,100,21.0,56.0,38.4,50.0,6.0,27.5398,71.9153,Bhadla_Solar_Park
2023-08-20 08:00:00,30.8,60,984.8,99,9.4,152.0,66.6,127.0,25.0,27.5398,71.9153,Bhadla_Solar_Park
2023-08-20 09:00:00,33.9,49,985.2,100,13.8,400.0,334.0,207.0,193.0,27.5398,71.9153,Bhadla_Solar_Park
2023-08-20 10:00:00,35.4,45,985.2,100,13.2,558.0,375.9,277.0,281.0,27.5398,71.9153,Bhadla_Solar_Park
2023-08-20 11:00:00,36.5,41,985.1,100,5.0,615.0,342.4,316.0,299.0,27.5398,71.9153,Bhadla_Solar_Park
2023-08-20 12:00:00,37.2,39,984.5,98,2.9,673.0,356.1,336.0,337.0,27.5398,71.9153,Bhadla_Solar_Park
2023-08-20 13:00:00,38.5,36,983.7,98,3.4,801.0,558.5,264.0,537.0,27.5398,71.9153,Bhadla_Solar_Park
2023-08-20 14:00:00,39.3,35,982.9,100,7.3,771.0,535.9,279.0,492.0,27.5398,71.9153,Bhadla_Solar_Park
2023-08-20 15:00:00,39.8,33,981.9,81,13.1,679.0,526.3,248.0,431.0,27.5398,71.9153,Bhadla_Solar_Park
2023-08-20 16:00:00,39.5,33,981.2,61,15.7,453.0,331.1,231.0,222.0,27.5398,71.9153,Bhadla_Solar_Park
2023-08-20 17:00:00,30.8,70,983.8,69,12.4,198.0,140.7,130.0,68.0,27.5398,71.9153,Bhadla_Solar_Park
2023-08-20 18:00:00,29.7,77,983.8,100,14.3,76.0,29.6,68.0,8.0,27.5398,71.9153,Bhadla_Solar_Park
2023-08-20 19:00:00,30.2,77,983.9,100,14.3,15.0,9.8,14.0,1.0,27.5398,71.9153,Bhadla_Solar_Park
2023-08-20 20:00:00,30.0,76,983.8,100,15.8,0.0,0.0,0.0,0.0,27.5398,71.9153,Bhadla_Solar_Park
2023-08-20 21:00:00,29.7,79,984.0,97,11.8,0.0,0.0,0.0,0.0,27.5398,71.9153,Bhadla_Solar_Park
2023-08-20 22:00:00,29.1,83,984.7,100,11.2,0.0,0.0,0.0,0.0,27.5398,71.9153,Bhadla_Solar_Park
2023-08-20 23:00:00,28.9,83,984.2,100,8.4,0.0,0.0,0.0,0.0,27.5398,71.9153,Bhadla_Solar_Park
2023-08-21 00:00:00,28.8,83,984.2,94,10.4,0.0,0.0,0.0,0.0,27.5398,71.9153,Bhadla_Solar_Park
2023-08-21 01:00:00,28.5,85,983.5,28,11.1,0.0,0.0,0.0,0.0,27.5398,71.9153,Bhadla_Solar_Park
2023-08-21 02:00:00,28.3,87,983.1,76,9.7,0.0,0.0,0.0,0.0,27.5398,71.9153,Bhadla_Solar_Park
2023-08-21 03:00:00,28.2,89,983.2,84,9.8,0.0,0.0,0.0,0.0,27.5398,71.9153,Bhadla_Solar_Park
2023-08-21 04:00:00,28.2,90,983.3,59,9.2,0.0,0.0,0.0,0.0,27.5398,71.9153,Bhadla_Solar_Park
2023-08-21 05:00:00,28.5,87,983.6,7,10.6,0.0,0.0,0.0,0.0,27.5398,71.9153,Bhadla_Solar_Park
2023-08-21 06:00:00,28.3,87,983.9,21,10.5,1.0,0.0,1.0,0.0,27.5398,71.9153,Bhadla_Solar_Park
2023-08-21 07:00:00,28.8,86,984.6,25,9.9,66.0,90.0,52.0,14.0,27.5398,71.9153,Bhadla_Solar_Park
2023-08-21 08:00:00,29.9,82,985.0,13,11.0,223.0,259.3,126.0,97.0,27.5398,71.9153,Bhadla_Solar_Park
2023-08-21 09:00:00,31.3,75,985.2,4,11.5,417.0,407.6,182.0,235.0,27.5398,71.9153,Bhadla_Solar_Park
2023-08-21 10:00:00,32.7,68,985.1,15,9.3,595.0,505.1,218.0,377.0,27.5398,71.9153,Bhadla_Solar_Park
2023-08-21 11:00:00,34.0,62,984.4,19,7.1,739.0,566.5,245.0,494.0,27.5398,71.9153,Bhadla_Solar_Park
2023-08-21 12:00:00,34.9,58,983.9,19,6.5,781.0,541.9,269.0,512.0,27.5398,71.9153,Bhadla_Solar_Park
2023-08-21 13:00:00,35.2,57,983.3,16,8.1,801.0,549.0,274.0,527.0,27.5398,71.9153,Bhadla_Solar_Park
2023-08-21 14:00:00,35.5,55,982.6,88,7.2,731.0,523.9,251.0,480.0,27.5398,71.9153,Bhadla_Solar_Park
2023-08-21 15:00:00,35.9,53,981.7,68,8.9,648.0,500.8,239.0,409.0,27.5398,71.9153,Bhadla_Solar_Park
2023-08-21 16:00:00,35.9,52,981.4,63,9.4,444.0,326.4,226.0,218.0,27.5398,71.9153,Bhadla_Solar_Park
2023-08-21 17:00:00,35.5,53,982.2,94,9.3,273.0,212.3,171.0,102.0,27.5398,71.9153,Bhadla_Solar_Park
2023-08-21 18:00:00,33.5,65,982.4,99,16.2,117.0,120.0,85.0,32.0,27.5398,71.9153,Bhadla_Solar_Park
2023-08-21 19:00:00,32.0,69,982.6,100,14.8,17.0,10.0,16.0,1.0,27.5398,71.9153,Bhadla_Solar_Park
2023-08-21 20:00:00,31.5,69,982.8,100,14.8,0.0,0.0,0.0,0.0,27.5398,71.9153,Bhadla_Solar_Park
2023-08-21 21:00:00,31.3,71,983.4,100,15.9,0.0,0.0,0.0,0.0,27.5398,71.9153,Bhadla_Solar_Park
2023-08-21 22:00:00,30.9,73,983.8,100,19.4,0.0,0.0,0.0,0.0,27.5398,71.9153,Bhadla_Solar_Park
2023-08-21 23:00:00,30.1,77,983.7,49,19.1,0.0,0.0,0.0,0.0,27.5398,71.9153,Bhadla_Solar_Park
2023-08-22 00:00:00,29.8,78,983.4,100,18.8,0.0,0.0,0.0,0.0,27.5398,71.9153,Bhadla_Solar_Park
2023-08-22 01:00:00,29.6,78,982.9,96,18.7,0.0,0.0,0.0,0.0,27.5398,71.9153,Bhadla_Solar_Park
2023-08-22 02:00:00,29.3,79,982.2,65,19.3,0.0,0.0,0.0,0.0,27.5398,71.9153,Bhadla_Solar_Park
2023-08-22 03:00:00,29.0,80,982.0,42,18.7,0.0,0.0,0.0,0.0,27.5398,71.9153,Bhadla_Solar_Park
2023-08-22 04:00:00,28.7,80,982.1,7,19.4,0.0,0.0,0.0,0.0,27.5398,71.9153,Bhadla_Solar_Park
2023-08-22 05:00:00,29.2,80,982.5,48,16.5,0.0,0.0,0.0,0.0,27.5398,71.9153,Bhadla_Solar_Park
2023-08-22 06:00:00,28.7,81,982.9,43,16.9,1.0,0.0,1.0,0.0,27.5398,71.9153,Bhadla_Solar_Park
2023-08-22 07:00:00,29.0,78,983.7,24,17.1,65.0,90.4,51.0,14.0,27.5398,71.9153,Bhadla_Solar_Park
2023-08-22 08:00:00,29.8,73,983.8,0,18.8,226.0,263.0,128.0,98.0,27.5398,71.9153,Bhadla_Solar_Park
2023-08-22 09:00:00,31.4,67,983.9,0,20.1,422.0,425.9,177.0,245.0,27.5398,71.9153,Bhadla_Solar_Park
2023-08-22 10:00:00,33.5,58,983.7,0,22.4,605.0,524.7,214.0,391.0,27.5398,71.9153,Bhadla_Solar_Park
2023-08-22 11:00:00,35.2,52,983.2,6,23.2,747.0,585.7,237.0,510.0,27.5398,71.9153,Bhadla_Solar_Park
2023-08-22 12:00:00,36.5,48,982.4,53,23.3,832.0,616.9,250.0,582.0,27.5398,71.9153,Bhadla_Solar_Park
2023-08-22 13:00:00,37.5,44,981.7,21,22.6,850.0,624.0,252.0,598.0,27.5398,71.9153,Bhadla_Solar_Park
2023-08-22 14:00:00,38.1,42,980.5,88,22.6,801.0,611.4,242.0,559.0,27.5398,71.9153,Bhadla_Solar_Park
2023-08-22 15:00:00,38.6,40,979.4,99,24.0,672.0,544.0,229.0,443.0,27.5398,71.9153,Bhadla_Solar_Park
2023-08-22 16:00:00,38.4,39,979.2,99,24.7,503.0,422.3,222.0,281.0,27.5398,71.9153,Bhadla_Solar_Park
2023-08-22 17:00:00,37.2,43,980.4,18,22.3,312.0,305.8,166.0,146.0,27.5398,71.9153,Bhadla_Solar_Park
2023-08-22 18:00:00,35.9,47,980.5,99,21.5,138.0,182.3,90.0,48.0,27.5398,71.9153,Bhadla_Solar_Park
2023-08-22 19:00:00,34.6,50,980.8,100,19.6,18.0,20.4,16.0,2.0,27.5398,71.9153,Bhadla_Solar_Park
2023-08-22 20:00:00,33.8,52,981.3,100,19.4,0.0,0.0,0.0,0.0,27.5398,71.9153,Bhadla_Solar_Park
2023-08-22 21:00:00,33.4,53,981.9,100,21.9,0.0,0.0,0.0,0.0,27.5398,71.9153,Bhadla_Solar_Park
2023-08-22 22:00:00,32.6,56,982.1,100,24.0,0.0,0.0,0.0,0.0,27.5398,71.9153,Bhadla_Solar_Park
2023-08-22 23:00:00,31.8,60,982.0,100,26.0,0.0,0.0,0.0,0.0,27.5398,71.9153,Bhadla_Solar_Park
2023-08-23 00:00:00,30.8,64,981.7,100,30.5,0.0,0.0,0.0,0.0,27.5398,71.9153,Bhadla_Solar_Park
2023-08-23 01:00:00,29.7,66,981.1,100,31.6,0.0,0.0,0.0,0.0,27.5398,71.9153,Bhadla_Solar_Park
2023-08-23 02:00:00,28.6,68,981.0,100,31.3,0.0,0.0,0.0,0.0,27.5398,71.9153,Bhadla_Solar_Park
2023-08-23 03:00:00,27.6,70,980.7,99,31.4,0.0,0.0,0.0,0.0,27.5398,71.9153,Bhadla_Solar_Park
2023-08-23 04:00:00,26.8,72,980.8,87,29.4,0.0,0.0,0.0,0.0,27.5398,71.9153,Bhadla_Solar_Park
2023-08-23 05:00:00,26.8,75,980.7,89,27.2,0.0,0.0,0.0,0.0,27.5398,71.9153,Bhadla_Solar_Park
2023-08-23 06:00:00,26.3,77,981.0,96,25.7,1.0,0.0,1.0,0.0,27.5398,71.9153,Bhadla_Solar_Park
2023-08-23 07:00:00,26.5,76,981.9,100,26.9,66.0,71.4,55.0,11.0,27.5398,71.9153,Bhadla_Solar_Park
2023-08-23 08:00:00,27.2,72,981.8,100,28.7,208.0,169.7,145.0,63.0,27.5398,71.9153,Bhadla_Solar_Park
2023-08-23 09:00:00,28.7,66,982.0,99,30.2,378.0,256.1,231.0,147.0,27.5398,71.9153,Bhadla_Solar_Park
2023-08-23 10:00:00,30.5,59,981.6,94,31.4,530.0,344.1,274.0,256.0,27.5398,71.9153,Bhadla_Solar_Park
2023-08-23 11:00:00,32.6,51,981.0,87,32.4,752.0,570.5,256.0,496.0,27.5398,71.9153,Bhadla_Solar_Park
2023-08-23 12:00:00,34.4,45,980.3,18,33.2,844.0,626.3,254.0,590.0,27.5398,71.9153,Bhadla_Solar_Park
2023-08-23 13:00:00,35.7,41,979.6,30,34.8,868.0,649.1,247.0,621.0,27.5398,71.9153,Bhadla_Solar_Park
2023-08-23 14:00:00,36.5,39,978.7,84,35.8,811.0,621.5,244.0,567.0,27.5398,71.9153,Bhadla_Solar_Park
2023-08-23 15:00:00,36.9,38,977.9,26,35.5,681.0,533.2,248.0,433.0,27.5398,71.9153,Bhadla_Solar_Park
2023-08-23 16:00:00,36.7,38,977.8,93,35.4,523.0,478.4,206.0,317.0,27.5398,71.9153,Bhadla_Solar_Park
2023-08-23 17:00:00,33.7,47,979.2,95,33.7,328.0,356.3,159.0,169.0,27.5398,71.9153,Bhadla_Solar_Park
2023-08-23 18:00:00,33.0,49,979.8,81,32.8,138.0,165.5,95.0,43.0,27.5398,71.9153,Bhadla_Solar_Park
2023-08-23 19:00:00,32.2,52,979.9,100,31.2,18.0,20.7,16.0,2.0,27.5398,71.9153,Bhadla_Solar_Park
2023-08-23 20:00:00,31.8,53,980.1,100,27.6,0.0,0.0,0.0,0.0,27.5398,71.9153,Bhadla_Solar_Park
2023-08-23 21:00:00,30.4,58,980.7,100,33.6,0.0,0.0,0.0,0.0,27.5398,71.9153,Bhadla_Solar_Park
2023-08-23 22:00:00,29.7,60,980.7,100,31.9,0.0,0.0,0.0,0.0,27.5398,71.9153,Bhadla_Solar_Park
2023-08-23 23:00:00,29.0,62,980.6,95,30.6,0.0,0.0,0.0,0.0,27.5398,71.9153,Bhadla_Solar_Park
2023-08-24 00:00:00,28.4,64,980.5,79,28.0,0.0,0.0,0.0,0.0,27.5398,71.9153,Bhadla_Solar_Park
2023-08-24 01:00:00,27.7,66,979.8,92,28.1,0.0,0.0,0.0,0.0,27.5398,71.9153,Bhadla_Solar_Park
2023-08-24 02:00:00,27.1,69,979.5,34,27.8,0.0,0.0,0.0,0.0,27.5398,71.9153,Bhadla_Solar_Park
2023-08-24 03:00:00,26.4,72,979.4,19,28.0,0.0,0.0,0.0,0.0,27.5398,71.9153,Bhadla_Solar_Park
2023-08-24 04:00:00,25.8,76,979.6,17,26.7,0.0,0.0,0.0,0.0,27.5398,71.9153,Bhadla_Solar_Park
2023-08-24 05:00:00,26.1,77,979.9,37,23.0,0.0,0.0,0.0,0.0,27.5398,71.9153,Bhadla_Solar_Park
2023-08-24 06:00:00,25.9,79,979.9,55,24.2,1.0,0.0,1.0,0.0,27.5398,71.9153,Bhadla_Solar_Park
2023-08-24 07:00:00,26.3,78,980.3,95,28.1,65.0,91.3,51.0,14.0,27.5398,71.9153,Bhadla_Solar_Park
2023-08-24 08:00:00,27.4,72,980.4,79,28.4,213.0,213.6,134.0,79.0,27.5398,71.9153,Bhadla_Solar_Park
2023-08-24 09:00:00,29.4,61,980.5,76,29.8,431.0,424.3,188.0,243.0,27.5398,71.9153,Bhadla_Solar_Park
2023-08-24 10:00:00,31.1,54,980.4,46,28.0,598.0,483.4,239.0,359.0,27.5398,71.9153,Bhadla_Solar_Park
2023-08-24 11:00:00,32.9,48,979.8,36,27.5,755.0,577.1,254.0,501.0,27.5398,71.9153,Bhadla_Solar_Park
2023-08-24 12:00:00,34.4,44,979.2,2,25.9,853.0,634.7,256.0,597.0,27.5398,71.9153,Bhadla_Solar_Park
2023-08-24 13:00:00,35.8,41,978.6,1,25.5,873.0,651.3,251.0,622.0,27.5398,71.9153,Bhadla_Solar_Park
2023-08-24 14:00:00,36.8,38,977.9,0,24.8,822.0,640.4,239.0,583.0,27.5398,71.9153,Bhadla_Solar_Park
2023-08-24 15:00:00,37.5,36,977.1,0,26.4,706.0,599.0,221.0,485.0,27.5398,71.9153,Bhadla_Solar_Park
2023-08-24 16:00:00,37.5,35,976.8,0,27.6,537.0,522.8,192.0,345.0,27.5398,71.9153,Bhadla_Solar_Park
2023-08-24 17:00:00,35.8,41,978.5,0,24.1,337.0,394.7,151.0,186.0,27.5398,71.9153,Bhadla_Solar_Park
2023-08-24 18:00:00,35.4,41,978.4,33,23.5,132.0,152.1,93.0,39.0,27.5398,71.9153,Bhadla_Solar_Park
2023-08-24 19:00:00,34.6,43,978.7,13,23.2,15.0,10.6,14.0,1.0,27.5398,71.9153,Bhadla_Solar_Park
2023-08-24 20:00:00,34.3,44,979.4,22,21.9,0.0,0.0,0.0,0.0,27.5398,71.9153,Bhadla_Solar_Park
2023-08-24 21:00:00,33.3,48,979.6,92,24.5,0.0,0.0,0.0,0.0,27.5398,71.9153,Bhadla_Solar_Park
2023-08-24 22:00:00,32.2,53,979.9,14,30.6,0.0,0.0,0.0,0.0,27.5398,71.9153,Bhadla_Solar_Park
2023-08-24 23:00:00,30.8,58,980.0,31,30.6,0.0,0.0,0.0,0.0,27.5398,71.9153,Bhadla_Solar_Park
2023-08-25 00:00:00,30.1,60,979.7,21,29.6,0.0,0.0,0.0,0.0,27.5398,71.9153,Bhadla_Solar_Park
2023-08-25 01:00:00,29.4,63,979.7,0,28.9,0.0,0.0,0.0,0.0,27.5398,71.9153,Bhadla_Solar_Park
2023-08-25 02:00:00,28.6,65,979.5,1,26.5,0.0,0.0,0.0,0.0,27.5398,71.9153,Bhadla_Solar_Park
2023-08-25 03:00:00,27.9,68,979.5,2,23.7,0.0,0.0,0.0,0.0,27.5398,71.9153,Bhadla_Solar_Park
2023-08-25 04:00:00,27.2,71,979.8,17,20.2,0.0,0.0,0.0,0.0,27.5398,71.9153,Bhadla_Solar_Park
2023-08-25 05:00:00,26.9,74,980.3,46,13.6,0.0,0.0,0.0,0.0,27.5398,71.9153,Bhadla_Solar_Park
2023-08-25 06:00:00,26.6,76,980.7,65,17.2,1.0,0.0,1.0,0.0,27.5398,71.9153,Bhadla_Solar_Park
2023-08-25 07:00:00,26.8,75,981.1,99,22.2,65.0,91.7,51.0,14.0,27.5398,71.9153,Bhadla_Solar_Park
2023-08-25 08:00:00,27.7,69,980.9,96,24.8,232.0,279.6,129.0,103.0,27.5398,71.9153,Bhadla_Solar_Park
2023-08-25 09:00:00,28.9,61,980.9,97,25.8,432.0,425.3,189.0,243.0,27.5398,71.9153,Bhadla_Solar_Park
2023-08-25 10:00:00,30.7,53,980.9,100,26.0,618.0,527.4,227.0,391.0,27.5398,71.9153,Bhadla_Solar_Park
2023-08-25 11:00:00,32.6,47,980.5,65,25.9,763.0,590.7,251.0,512.0,27.5398,71.9153,Bhadla_Solar_Park
2023-08-25 12:00:00,34.1,42,979.9,13,26.2,854.0,641.1,252.0,602.0,27.5398,71.9153,Bhadla_Solar_Park
2023-08-25 13:00:00,35.6,38,979.3,51,26.1,874.0,655.7,249.0,625.0,27.5398,71.9153,Bhadla_Solar_Park
2023-08-25 14:00:00,36.7,35,978.8,64,25.7,820.0,638.6,240.0,580.0,27.5398,71.9153,Bhadla_Solar_Park
2023-08-25 15:00:00,37.2,33,978.7,84,24.6,702.0,597.0,220.0,482.0,27.5398,71.9153,Bhadla_Solar_Park
2023-08-25 16:00:00,37.4,33,978.7,70,23.5,526.0,502.1,196.0,330.0,27.5398,71.9153,Bhadla_Solar_Park
2023-08-25 17:00:00,35.0,42,980.0,51,23.7,329.0,378.1,152.0,177.0,27.5398,71.9153,Bhadla_Solar_Park
2023-08-25 18:00:00,34.9,41,980.3,88,19.9,76.0,23.7,70.0,6.0,27.5398,71.9153,Bhadla_Solar_Park
2023-08-25 19:00:00,34.6,41,980.5,60,27.7,9.0,0.0,9.0,0.0,27.5398,71.9153,Bhadla_Solar_Park
2023-08-25 20:00:00,34.0,42,980.8,4,25.4,0.0,0.0,0.0,0.0,27.5398,71.9153,Bhadla_Solar_Park
2023-08-25 21:00:00,32.8,48,981.6,3,26.1,0.0,0.0,0.0,0.0,27.5398,71.9153,Bhadla_Solar_Park
2023-08-25 22:00:00,32.0,52,981.8,1,24.9,0.0,0.0,0.0,0.0,27.5398,71.9153,Bhadla_Solar_Park
2023-08-25 23:00:00,31.2,56,981.7,0,24.7,0.0,0.0,0.0,0.0,27.5398,71.9153,Bhadla_Solar_Park
2023-08-26 00:00:00,30.5,59,981.6,0,24.5,0.0,0.0,0.0,0.0,27.5398,71.9153,Bhadla_Solar_Park
2023-08-26 01:00:00,29.9,60,981.3,0,28.1,0.0,0.0,0.0,0.0,27.5398,71.9153,Bhadla_Solar_Park
2023-08-26 02:00:00,28.9,65,981.3,3,24.3,0.0,0.0,0.0,0.0,27.5398,71.9153,Bhadla_Solar_Park
2023-08-26 03:00:00,28.3,66,981.5,6,23.1,0.0,0.0,0.0,0.0,27.5398,71.9153,Bhadla_Solar_Park
2023-08-26 04:00:00,27.6,69,981.8,2,21.9,0.0,0.0,0.0,0.0,27.5398,71.9153,Bhadla_Solar_Park
2023-08-26 05:00:00,27.8,71,981.9,2,17.7,0.0,0.0,0.0,0.0,27.5398,71.9153,Bhadla_Solar_Park
2023-08-26 06:00:00,27.2,74,982.5,1,17.8,1.0,0.0,1.0,0.0,27.5398,71.9153,Bhadla_Solar_Park
2023-08-26 07:00:00,27.2,74,983.2,5,22.1,65.0,98.7,50.0,15.0,27.5398,71.9153,Bhadla_Solar_Park
2023-08-26 08:00:00,28.0,69,983.2,3,23.9,233.0,288.9,127.0,106.0,27.5398,71.9153,Bhadla_Solar_Park
2023-08-26 09:00:00,29.3,62,983.6,10,25.3,435.0,447.3,180.0,255.0,27.5398,71.9153,Bhadla_Solar_Park
2023-08-26 10:00:00,31.0,53,983.6,27,24.2,611.0,522.9,224.0,387.0,27.5398,71.9153,Bhadla_Solar_Park
2023-08-26 11:00:00,32.5,47,983.3,16,25.5,740.0,552.3,262.0,478.0,27.5398,71.9153,Bhadla_Solar_Park
2023-08-26 12:00:00,34.2,41,982.6,1,24.8,832.0,594.1,275.0,557.0,27.5398,71.9153,Bhadla_Solar_Park
2023-08-26 13:00:00,35.3,38,982.0,4,23.8,867.0,643.3,255.0,612.0,27.5398,71.9153,Bhadla_Solar_Park
2023-08-26 14:00:00,36.2,36,981.4,50,23.1,821.0,641.2,240.0,581.0,27.5398,71.9153,Bhadla_Solar_Park
2023-08-26 15:00:00,36.9,34,980.8,35,21.4,695.0,582.7,226.0,469.0,27.5398,71.9153,Bhadla_Solar_Park
2023-08-26 16:00:00,36.9,33,980.4,7,22.7,493.0,453.9,196.0,297.0,27.5398,71.9153,Bhadla_Solar_Park
2023-08-26 17:00:00,36.1,36,981.1,1,21.1,322.0,367.8,151.0,171.0,27.5398,71.9153,Bhadla_Solar_Park
2023-08-26 18:00:00,35.6,36,981.6,20,19.7,124.0,160.3,84.0,40.0,27.5398,71.9153,Bhadla_Solar_Park
2023-08-26 19:00:00,35.0,37,982.0,21,18.7,14.0,22.0,12.0,2.0,27.5398,71.9153,Bhadla_Solar_Park
2023-08-26 20:00:00,34.3,39,982.7,27,20.1,0.0,0.0,0.0,0.0,27.5398,71.9153,Bhadla_Solar_Park
2023-08-26 21:00:00,33.8,41,983.7,63,21.4,0.0,0.0,0.0,0.0,27.5398,71.9153,Bhadla_Solar_Park
2023-08-26 22:00:00,33.0,45,984.0,41,22.7,0.0,0.0,0.0,0.0,27.5398,71.9153,Bhadla_Solar_Park
2023-08-26 23:00:00,32.4,47,984.0,18,21.7,0.0,0.0,0.0,0.0,27.5398,71.9153,Bhadla_Solar_Park
2023-08-27 00:00:00,31.6,49,983.6,7,20.7,0.0,0.0,0.0,0.0,27.5398,71.9153,Bhadla_Solar_Park
2023-08-27 01:00:00,30.8,52,983.0,3,20.4,0.0,0.0,0.0,0.0,27.5398,71.9153,Bhadla_Solar_Park
2023-08-27 02:00:00,30.3,53,982.7,17,20.4,0.0,0.0,0.0,0.0,27.5398,71.9153,Bhadla_Solar_Park
2023-08-27 03:00:00,29.4,59,982.9,17,26.9,0.0,0.0,0.0,0.0,27.5398,71.9153,Bhadla_Solar_Park
2023-08-27 04:00:00,28.3,63,983.6,11,25.1,0.0,0.0,0.0,0.0,27.5398,71.9153,Bhadla_Solar_Park
2023-08-27 05:00:00,28.0,66,983.8,1,19.8,0.0,0.0,0.0,0.0,27.5398,71.9153,Bhadla_Solar_Park
2023-08-27 06:00:00,27.5,69,984.2,71,18.2,1.0,0.0,1.0,0.0,27.5398,71.9153,Bhadla_Solar_Park
2023-08-27 07:00:00,27.6,68,984.6,0,19.6,64.0,92.6,50.0,14.0,27.5398,71.9153,Bhadla_Solar_Park
2023-08-27 08:00:00,28.5,63,984.9,0,21.3,231.0,290.0,125.0,106.0,27.5398,71.9153,Bhadla_Solar_Park
2023-08-27 09:00:00,29.7,58,985.0,2,23.5,430.0,446.6,176.0,254.0,27.5398,71.9153,Bhadla_Solar_Park
2023-08-27 10:00:00,31.0,53,984.9,3,23.5,611.0,537.4,214.0,397.0,27.5398,71.9153,Bhadla_Solar_Park
2023-08-27 11:00:00,32.8,46,984.3,1,21.9,753.0,594.9,239.0,514.0,27.5398,71.9153,Bhadla_Solar_Park
2023-08-27 12:00:00,34.6,40,983.3,0,20.9,842.0,634.7,248.0,594.0,27.5398,71.9153,Bhadla_Solar_Park
2023-08-27 13:00:00,36.0,36,982.5,0,20.1,860.0,643.5,249.0,611.0,27.5398,71.9153,Bhadla_Solar_Park
2023-08-27 14:00:00,37.1,34,981.4,0,19.9,808.0,629.4,239.0,569.0,27.5398,71.9153,Bhadla_Solar_Park
2023-08-27 15:00:00,37.6,33,980.5,0,19.6,692.0,588.3,220.0,472.0,27.5398,71.9153,Bhadla_Solar_Park
2023-08-27 16:00:00,37.9,33,980.1,2,20.6,523.0,511.2,190.0,333.0,27.5398,71.9153,Bhadla_Solar_Park
2023-08-27 17:00:00,35.9,37,981.3,7,18.6,322.0,379.1,147.0,175.0,27.5398,71.9153,Bhadla_Solar_Park
2023-08-27 18:00:00,35.8,37,981.4,72,20.4,122.0,154.5,84.0,38.0,27.5398,71.9153,Bhadla_Solar_Park
2023-08-27 19:00:00,35.2,39,981.6,7,19.5,13.0,11.2,12.0,1.0,27.5398,71.9153,Bhadla_Solar_Park
2023-08-27 20:00:00,34.7,40,981.9,5,16.4,0.0,0.0,0.0,0.0,27.5398,71.9153,Bhadla_Solar_Park
2023-08-27 21:00:00,34.2,41,982.4,7,16.1,0.0,0.0,0.0,0.0,27.5398,71.9153,Bhadla_Solar_Park
2023-08-27 22:00:00,33.5,43,982.7,2,21.2,0.0,0.0,0.0,0.0,27.5398,71.9153,Bhadla_Solar_Park
2023-08-27 23:00:00,32.5,47,982.5,0,24.2,0.0,0.0,0.0,0.0,27.5398,71.9153,Bhadla_Solar_Park
2023-08-28 00:00:00,31.4,53,982.6,0,27.1,0.0,0.0,0.0,0.0,27.5398,71.9153,Bhadla_Solar_Park
2023-08-28 01:00:00,30.4,59,982.1,0,28.2,0.0,0.0,0.0,0.0,27.5398,71.9153,Bhadla_Solar_Park
2023-08-28 02:00:00,29.3,61,981.8,0,30.3,0.0,0.0,0.0,0.0,27.5398,71.9153,Bhadla_Solar_Park
2023-08-28 03:00:00,28.1,64,981.8,0,29.4,0.0,0.0,0.0,0.0,27.5398,71.9153,Bhadla_Solar_Park
2023-08-28 04:00:00,27.0,68,981.9,0,27.5,0.0,0.0,0.0,0.0,27.5398,71.9153,Bhadla_Solar_Park
2023-08-28 05:00:00,26.7,71,981.9,0,23.8,0.0,0.0,0.0,0.0,27.5398,71.9153,Bhadla_Solar_Park
2023-08-28 06:00:00,26.3,74,982.8,0,23.2,0.0,0.0,0.0,0.0,27.5398,71.9153,Bhadla_Solar_Park
2023-08-28 07:00:00,26.4,75,983.3,0,27.7,64.0,99.7,49.0,15.0,27.5398,71.9153,Bhadla_Solar_Park
2023-08-28 08:00:00,27.4,70,983.5,0,30.9,232.0,291.2,126.0,106.0,27.5398,71.9153,Bhadla_Solar_Park
2023-08-28 09:00:00,29.4,60,983.7,0,30.9,434.0,451.2,178.0,256.0,27.5398,71.9153,Bhadla_Solar_Park
2023-08-28 10:00:00,31.3,53,983.5,1,30.0,625.0,561.4,211.0,414.0,27.5398,71.9153,Bhadla_Solar_Park
2023-08-28 11:00:00,33.2,46,983.2,1,28.7,769.0,621.4,233.0,536.0,27.5398,71.9153,Bhadla_Solar_Park
2023-08-28 12:00:00,35.0,41,982.4,0,27.8,854.0,654.0,243.0,611.0,27.5398,71.9153,Bhadla_Solar_Park
2023-08-28 13:00:00,36.4,36,981.5,0,26.5,872.0,661.7,245.0,627.0,27.5398,71.9153,Bhadla_Solar_Park
2023-08-28 14:00:00,37.5,33,980.2,0,26.1,818.0,645.4,236.0,582.0,27.5398,71.9153,Bhadla_Solar_Park
2023-08-28 15:00:00,38.2,31,979.5,0,25.8,700.0,604.0,217.0,483.0,27.5398,71.9153,Bhadla_Solar_Park
2023-08-28 16:00:00,38.3,30,979.3,0,27.0,529.0,525.8,188.0,341.0,27.5398,71.9153,Bhadla_Solar_Park
2023-08-28 17:00:00,35.9,36,980.7,0,23.8,328.0,394.9,147.0,181.0,27.5398,71.9153,Bhadla_Solar_Park
2023-08-28 18:00:00,35.4,37,981.0,0,23.2,133.0,194.0,86.0,47.0,27.5398,71.9153,Bhadla_Solar_Park
2023-08-28 19:00:00,34.6,39,981.3,0,20.6,14.0,11.4,13.0,1.0,27.5398,71.9153,Bhadla_Solar_Park
2023-08-28 20:00:00,34.0,41,981.8,0,21.4,0.0,0.0,0.0,0.0,27.5398,71.9153,Bhadla_Solar_Park
2023-08-28 21:00:00,33.4,44,982.5,0,21.3,0.0,0.0,0.0,0.0,27.5398,71.9153,Bhadla_Solar_Park
2023-08-28 22:00:00,32.8,47,982.6,0,21.1,0.0,0.0,0.0,0.0,27.5398,71.9153,Bhadla_Solar_Park
2023-08-28 23:00:00,32.0,51,982.4,0,22.9,0.0,0.0,0.0,0.0,27.5398,71.9153,Bhadla_Solar_Park
2023-08-29 00:00:00,31.0,55,982.6,1,28.5,0.0,0.0,0.0,0.0,27.5398,71.9153,Bhadla_Solar_Park
2023-08-29 01:00:00,29.7,60,982.7,0,30.3,0.0,0.0,0.0,0.0,27.5398,71.9153,Bhadla_Solar_Park
2023-08-29 02:00:00,28.4,64,983.1,0,27.7,0.0,0.0,0.0,0.0,27.5398,71.9153,Bhadla_Solar_Park
2023-08-29 03:00:00,27.4,67,983.5,0,23.7,0.0,0.0,0.0,0.0,27.5398,71.9153,Bhadla_Solar_Park
2023-08-29 04:00:00,26.5,72,983.8,0,22.5,0.0,0.0,0.0,0.0,27.5398,71.9153,Bhadla_Solar_Park
2023-08-29 05:00:00,26.8,75,984.4,0,18.5,0.0,0.0,0.0,0.0,27.5398,71.9153,Bhadla_Solar_Park
2023-08-29 06:00:00,26.4,77,985.0,1,17.7,0.0,0.0,0.0,0.0,27.5398,71.9153,Bhadla_Solar_Park
2023-08-29 07:00:00,26.8,75,985.6,71,21.3,61.0,86.8,48.0,13.0,27.5398,71.9153,Bhadla_Solar_Park
2023-08-29 08:00:00,27.8,70,986.0,18,23.9,218.0,234.4,133.0,85.0,27.5398,71.9153,Bhadla_Solar_Park
2023-08-29 09:00:00,29.2,62,986.0,0,24.4,426.0,427.6,184.0,242.0,27.5398,71.9153,Bhadla_Solar_Park
2023-08-29 10:00:00,31.1,54,985.9,0,23.7,617.0,550.3,212.0,405.0,27.5398,71.9153,Bhadla_Solar_Park
2023-08-29 11:00:00,32.9,48,985.9,2,20.6,763.0,615.5,233.0,530.0,27.5398,71.9153,Bhadla_Solar_Park
2023-08-29 12:00:00,34.4,43,985.2,0,17.5,846.0,643.4,246.0,600.0,27.5398,71.9153,Bhadla_Solar_Park
2023-08-29 13:00:00,35.7,39,984.4,0,18.2,863.0,652.5,246.0,617.0,27.5398,71.9153,Bhadla_Solar_Park
2023-08-29 14:00:00,36.8,36,983.5,0,19.4,808.0,634.8,237.0,571.0,27.5398,71.9153,Bhadla_Solar_Park
2023-08-29 15:00:00,37.6,34,982.4,0,21.1,691.0,592.2,219.0,472.0,27.5398,71.9153,Bhadla_Solar_Park
2023-08-29 16:00:00,37.8,33,982.1,0,20.4,522.0,516.0,189.0,333.0,27.5398,71.9153,Bhadla_Solar_Park
2023-08-29 17:00:00,37.2,36,983.3,0,16.0,321.0,384.7,146.0,175.0,27.5398,71.9153,Bhadla_Solar_Park
2023-08-29 18:00:00,36.4,38,983.6,18,15.9,127.0,176.1,85.0,42.0,27.5398,71.9153,Bhadla_Solar_Park
2023-08-29 19:00:00,35.9,39,984.3,12,13.5,12.0,11.7,11.0,1.0,27.5398,71.9153,Bhadla_Solar_Park
2023-08-29 20:00:00,35.0,42,984.9,28,19.3,0.0,0.0,0.0,0.0,27.5398,71.9153,Bhadla_Solar_Park
2023-08-29 21:00:00,34.5,43,985.6,0,18.3,0.0,0.0,0.0,0.0,27.5398,71.9153,Bhadla_Solar_Park
2023-08-29 22:00:00,33.7,45,985.9,2,15.7,0.0,0.0,0.0,0.0,27.5398,71.9153,Bhadla_Solar_Park
2023-08-29 23:00:00,32.8,48,986.1,4,15.1,0.0,0.0,0.0,0.0,27.5398,71.9153,Bhadla_Solar_Park
2023-08-30 00:00:00,32.2,49,986.1,1,19.3,0.0,0.0,0.0,0.0,27.5398,71.9153,Bhadla_Solar_Park
2023-08-30 01:00:00,31.6,53,986.0,3,17.3,0.0,0.0,0.0,0.0,27.5398,71.9153,Bhadla_Solar_Park
2023-08-30 02:00:00,31.0,55,985.5,0,16.5,0.0,0.0,0.0,0.0,27.5398,71.9153,Bhadla_Solar_Park
2023-08-30 03:00:00,30.6,57,985.6,0,19.2,0.0,0.0,0.0,0.0,27.5398,71.9153,Bhadla_Solar_Park
2023-08-30 04:00:00,30.0,59,985.9,0,20.7,0.0,0.0,0.0,0.0,27.5398,71.9153,Bhadla_Solar_Park
2023-08-30 05:00:00,30.0,62,986.1,0,18.1,0.0,0.0,0.0,0.0,27.5398,71.9153,Bhadla_Solar_Park
2023-08-30 06:00:00,29.1,67,986.7,0,18.9,0.0,0.0,0.0,0.0,27.5398,71.9153,Bhadla_Solar_Park
2023-08-30 07:00:00,29.0,67,987.6,0,21.0,62.0,93.9,48.0,14.0,27.5398,71.9153,Bhadla_Solar_Park
2023-08-30 08:00:00,30.2,62,988.0,0,20.9,230.0,290.8,125.0,105.0,27.5398,71.9153,Bhadla_Solar_Park
2023-08-30 09:00:00,32.0,54,988.5,0,21.1,432.0,453.4,176.0,256.0,27.5398,71.9153,Bhadla_Solar_Park
2023-08-30 10:00:00,33.7,46,988.4,0,20.3,620.0,556.8,211.0,409.0,27.5398,71.9153,Bhadla_Solar_Park
2023-08-30 11:00:00,35.1,40,988.1,0,18.6,766.0,620.1,233.0,533.0,27.5398,71.9153,Bhadla_Solar_Park
2023-08-30 12:00:00,36.4,36,987.3,0,17.7,852.0,652.1,245.0,607.0,27.5398,71.9153,Bhadla_Solar_Park
2023-08-30 13:00:00,37.4,32,986.6,0,17.7,870.0,660.2,247.0,623.0,27.5398,71.9153,Bhadla_Solar_Park
2023-08-30 14:00:00,38.1,30,985.9,4,17.5,815.0,644.3,237.0,578.0,27.5398,71.9153,Bhadla_Solar_Park
2023-08-30 15:00:00,38.3,29,985.1,5,17.3,682.0,581.7,220.0,462.0,27.5398,71.9153,Bhadla_Solar_Park
2023-08-30 16:00:00,38.2,29,984.7,6,16.3,504.0,493.6,187.0,317.0,27.5398,71.9153,Bhadla_Solar_Park
2023-08-30 17:00:00,36.2,34,985.7,6,13.6,311.0,367.7,145.0,166.0,27.5398,71.9153,Bhadla_Solar_Park
2023-08-30 18:00:00,35.6,35,985.8,1,13.6,128.0,187.5,84.0,44.0,27.5398,71.9153,Bhadla_Solar_Park
2023-08-30 19:00:00,35.1,36,986.1,0,13.8,12.0,12.0,11.0,1.0,27.5398,71.9153,Bhadla_Solar_Park
2023-08-30 20:00:00,34.5,38,986.5,2,13.0,0.0,0.0,0.0,0.0,27.5398,71.9153,Bhadla_Solar_Park
2023-08-30 21:00:00,33.6,40,987.0,4,10.0,0.0,0.0,0.0,0.0,27.5398,71.9153,Bhadla_Solar_Park
2023-08-30 22:00:00,32.5,43,986.8,0,8.7,0.0,0.0,0.0,0.0,27.5398,71.9153,Bhadla_Solar_Park
2023-08-30 23:00:00,31.7,45,986.9,0,11.9,0.0,0.0,0.0,0.0,27.5398,71.9153,Bhadla_Solar_Park
2023-08-31 00:00:00,31.2,46,986.7,0,16.5,0.0,0.0,0.0,0.0,27.5398,71.9153,Bhadla_Solar_Park
2023-08-31 01:00:00,30.7,49,986.4,0,21.6,0.0,0.0,0.0,0.0,27.5398,71.9153,Bhadla_Solar_Park
2023-08-31 02:00:00,30.1,52,986.3,0,22.4,0.0,0.0,0.0,0.0,27.5398,71.9153,Bhadla_Solar_Park
2023-08-31 03:00:00,29.6,55,986.5,0,18.9,0.0,0.0,0.0,0.0,27.5398,71.9153,Bhadla_Solar_Park
2023-08-31 04:00:00,29.0,59,986.9,0,15.8,0.0,0.0,0.0,0.0,27.5398,71.9153,Bhadla_Solar_Park
2023-08-31 05:00:00,29.2,66,987.2,0,19.5,0.0,0.0,0.0,0.0,27.5398,71.9153,Bhadla_Solar_Park
2023-08-31 06:00:00,28.2,70,987.9,0,19.1,0.0,0.0,0.0,0.0,27.5398,71.9153,Bhadla_Solar_Park
2023-08-31 07:00:00,28.3,70,988.6,0,18.9,62.0,101.1,47.0,15.0,27.5398,71.9153,Bhadla_Solar_Park
2023-08-31 08:00:00,29.5,65,989.2,0,19.2,231.0,297.5,124.0,107.0,27.5398,71.9153,Bhadla_Solar_Park
2023-08-31 09:00:00,31.5,54,989.5,0,20.2,435.0,463.4,174.0,261.0,27.5398,71.9153,Bhadla_Solar_Park
2023-08-31 10:00:00,33.3,45,989.4,0,20.0,623.0,564.7,209.0,414.0,27.5398,71.9153,Bhadla_Solar_Park
2023-08-31 11:00:00,34.8,39,988.8,0,19.3,768.0,624.8,232.0,536.0,27.5398,71.9153,Bhadla_Solar_Park
2023-08-31 12:00:00,36.2,35,988.3,0,18.4,853.0,655.5,244.0,609.0,27.5398,71.9153,Bhadla_Solar_Park
2023-08-31 13:00:00,37.4,30,987.4,0,18.1,868.0,661.7,245.0,623.0,27.5398,71.9153,Bhadla_Solar_Park
2023-08-31 14:00:00,38.1,29,986.5,0,17.9,813.0,645.0,236.0,577.0,27.5398,71.9153,Bhadla_Solar_Park
2023-08-31 15:00:00,38.6,27,986.0,0,17.3,693.0,601.4,217.0,476.0,27.5398,71.9153,Bhadla_Solar_Park
2023-08-31 16:00:00,38.7,26,985.6,2,17.8,520.0,521.1,187.0,333.0,27.5398,71.9153,Bhadla_Solar_Park
2023-08-31 17:00:00,38.1,27,985.9,5,16.1,312.0,372.9,145.0,167.0,27.5398,71.9153,Bhadla_Solar_Park
2023-08-31 18:00:00,37.5,28,986.1,6,17.3,120.0,173.3,80.0,40.0,27.5398,71.9153,Bhadla_Solar_Park
2023-08-31 19:00:00,36.4,30,986.6,6,18.8,11.0,12.3,10.0,1.0,27.5398,71.9153,Bhadla_Solar_Park
2023-08-31 20:00:00,35.3,33,987.0,1,21.6,0.0,0.0,0.0,0.0,27.5398,71.9153,Bhadla_Solar_Park
2023-08-31 21:00:00,34.3,36,987.6,1,22.4,0.0,0.0,0.0,0.0,27.5398,71.9153,Bhadla_Solar_Park
2023-08-31 22:00:00,33.4,39,987.7,0,21.4,0.0,0.0,0.0,0.0,27.5398,71.9153,Bhadla_Solar_Park
2023-08-31 23:00:00,32.6,41,987.6,0,20.4,0.0,0.0,0.0,0.0,27.5398,71.9153,Bhadla_Solar_Park
2023-09-01 00:00:00,31.8,43,987.2,0,19.9,0.0,0.0,0.0,0.0,27.5398,71.9153,Bhadla_Solar_Park
2023-09-01 01:00:00,31.0,45,986.7,0,20.1,0.0,0.0,0.0,0.0,27.5398,71.9153,Bhadla_Solar_Park
2023-09-01 02:00:00,30.4,46,986.6,0,20.4,0.0,0.0,0.0,0.0,27.5398,71.9153,Bhadla_Solar_Park
2023-09-01 03:00:00,29.9,48,986.6,0,20.4,0.0,0.0,0.0,0.0,27.5398,71.9153,Bhadla_Solar_Park
2023-09-01 04:00:00,29.4,49,987.0,0,21.3,0.0,0.0,0.0,0.0,27.5398,71.9153,Bhadla_Solar_Park
2023-09-01 05:00:00,29.2,55,987.1,0,17.3,0.0,0.0,0.0,0.0,27.5398,71.9153,Bhadla_Solar_Park
2023-09-01 06:00:00,28.7,58,987.7,0,16.3,0.0,0.0,0.0,0.0,27.5398,71.9153,Bhadla_Solar_Park
2023-09-01 07:00:00,29.3,58,988.7,0,18.6,61.0,101.6,46.0,15.0,27.5398,71.9153,Bhadla_Solar_Park
2023-09-01 08:00:00,30.0,61,989.3,0,23.1,228.0,295.9,122.0,106.0,27.5398,71.9153,Bhadla_Solar_Park
2023-09-01 09:00:00,31.7,54,989.7,0,21.9,430.0,455.7,174.0,256.0,27.5398,71.9153,Bhadla_Solar_Park
2023-09-01 10:00:00,33.5,47,989.8,0,20.6,617.0,559.0,208.0,409.0,27.5398,71.9153,Bhadla_Solar_Park
2023-09-01 11:00:00,35.1,39,989.2,0,21.6,762.0,620.1,231.0,531.0,27.5398,71.9153,Bhadla_Solar_Park
2023-09-01 12:00:00,36.6,33,988.5,0,23.2,848.0,652.5,243.0,605.0,27.5398,71.9153,Bhadla_Solar_Park
2023-09-01 13:00:00,37.7,28,987.4,0,23.3,865.0,661.1,244.0,621.0,27.5398,71.9153,Bhadla_Solar_Park
2023-09-01 14:00:00,38.6,25,986.3,1,23.2,812.0,649.0,233.0,579.0,27.5398,71.9153,Bhadla_Solar_Park
2023-09-01 15:00:00,39.0,24,985.5,3,22.4,684.0,592.2,217.0,467.0,27.5398,71.9153,Bhadla_Solar_Park
2023-09-01 16:00:00,39.0,23,984.9,1,22.2,515.0,515.9,187.0,328.0,27.5398,71.9153,Bhadla_Solar_Park
2023-09-01 17:00:00,37.5,27,986.0,1,20.6,315.0,382.7,145.0,170.0,27.5398,71.9153,Bhadla_Solar_Park
2023-09-01 18:00:00,36.8,27,986.1,0,20.2,122.0,180.7,81.0,41.0,27.5398,71.9153,Bhadla_Solar_Park
2023-09-01 19:00:00,35.7,29,986.3,0,17.9,10.0,12.6,9.0,1.0,27.5398,71.9153,Bhadla_Solar_Park
2023-09-01 20:00:00,34.9,31,986.8,0,16.6,0.0,0.0,0.0,0.0,27.5398,71.9153,Bhadla_Solar_Park
2023-09-01 21:00:00,33.9,33,987.0,0,16.6,0.0,0.0,0.0,0.0,27.5398,71.9153,Bhadla_Solar_Park
2023-09-01 22:00:00,33.1,36,986.9,0,16.1,0.0,0.0,0.0,0.0,27.5398,71.9153,Bhadla_Solar_Park
2023-09-01 23:00:00,32.3,40,987.0,0,16.8,0.0,0.0,0.0,0.0,27.5398,71.9153,Bhadla_Solar_Park
2023-09-02 00:00:00,31.6,44,986.7,0,18.8,0.0,0.0,0.0,0.0,27.5398,71.9153,Bhadla_Solar_Park
2023-09-02 01:00:00,30.9,47,986.4,0,19.3,0.0,0.0,0.0,0.0,27.5398,71.9153,Bhadla_Solar_Park
2023-09-02 02:00:00,30.0,51,986.4,0,20.6,0.0,0.0,0.0,0.0,27.5398,71.9153,Bhadla_Solar_Park
2023-09-02 03:00:00,29.2,56,986.4,0,20.5,0.0,0.0,0.0,0.0,27.5398,71.9153,Bhadla_Solar_Park
2023-09-02 04:00:00,28.7,58,986.6,0,19.8,0.0,0.0,0.0,0.0,27.5398,71.9153,Bhadla_Solar_Park
2023-09-02 05:00:00,28.8,61,987.0,0,20.2,0.0,0.0,0.0,0.0,27.5398,71.9153,Bhadla_Solar_Park
2023-09-02 06:00:00,27.9,64,987.8,0,21.3,0.0,0.0,0.0,0.0,27.5398,71.9153,Bhadla_Solar_Park
2023-09-02 07:00:00,28.0,64,988.5,0,19.8,61.0,102.1,46.0,15.0,27.5398,71.9153,Bhadla_Solar_Park
2023-09-02 08:00:00,29.0,61,988.8,0,22.2,231.0,302.7,123.0,108.0,27.5398,71.9153,Bhadla_Solar_Park
2023-09-02 09:00:00,30.8,52,989.1,0,24.5,437.0,471.1,173.0,264.0,27.5398,71.9153,Bhadla_Solar_Park
2023-09-02 10:00:00,32.9,42,988.9,0,27.6,630.0,577.9,208.0,422.0,27.5398,71.9153,Bhadla_Solar_Park
2023-09-02 11:00:00,35.0,33,988.2,0,29.8,778.0,641.2,230.0,548.0,27.5398,71.9153,Bhadla_Solar_Park
2023-09-02 12:00:00,37.0,26,987.3,0,30.6,865.0,673.3,242.0,623.0,27.5398,71.9153,Bhadla_Solar_Park
2023-09-02 13:00:00,38.4,21,986.3,0,29.8,882.0,681.9,243.0,639.0,27.5398,71.9153,Bhadla_Solar_Park
2023-09-02 14:00:00,39.1,19,985.0,0,29.4,826.0,665.5,234.0,592.0,27.5398,71.9153,Bhadla_Solar_Park
2023-09-02 15:00:00,39.5,17,984.2,0,28.4,703.0,621.2,215.0,488.0,27.5398,71.9153,Bhadla_Solar_Park
2023-09-02 16:00:00,39.2,18,983.4,0,27.6,527.0,539.2,186.0,341.0,27.5398,71.9153,Bhadla_Solar_Park
2023-09-02 17:00:00,37.8,22,984.2,0,24.6,321.0,399.6,145.0,176.0,27.5398,71.9153,Bhadla_Solar_Park
2023-09-02 18:00:00,37.0,23,984.2,0,24.1,122.0,188.5,80.0,42.0,27.5398,71.9153,Bhadla_Solar_Park
2023-09-02 19:00:00,35.7,26,984.7,0,20.7,10.0,12.9,9.0,1.0,27.5398,71.9153,Bhadla_Solar_Park
2023-09-02 20:00:00,34.6,30,985.1,0,20.9,0.0,0.0,0.0,0.0,27.5398,71.9153,Bhadla_Solar_Park
2023-09-02 21:00:00,33.7,35,985.8,0,20.6,0.0,0.0,0.0,0.0,27.5398,71.9153,Bhadla_Solar_Park
2023-09-02 22:00:00,32.7,41,985.8,0,23.1,0.0,0.0,0.0,0.0,27.5398,71.9153,Bhadla_Solar_Park
2023-09-02 23:00:00,31.5,47,985.7,0,24.2,0.0,0.0,0.0,0.0,27.5398,71.9153,Bhadla_Solar_Park
2023-09-03 00:00:00,30.5,51,985.6,0,23.3,0.0,0.0,0.0,0.0,27.5398,71.9153,Bhadla_Solar_Park
2023-09-03 01:00:00,29.7,55,985.6,0,22.2,0.0,0.0,0.0,0.0,27.5398,71.9153,Bhadla_Solar_Park
2023-09-03 02:00:00,29.1,57,985.4,0,20.8,0.0,0.0,0.0,0.0,27.5398,71.9153,Bhadla_Solar_Park
2023-09-03 03:00:00,28.6,58,985.0,0,21.2,0.0,0.0,0.0,0.0,27.5398,71.9153,Bhadla_Solar_Park
2023-09-03 04:00:00,27.9,60,985.1,0,20.2,0.0,0.0,0.0,0.0,27.5398,71.9153,Bhadla_Solar_Park
2023-09-03 05:00:00,27.1,66,985.7,0,18.4,0.0,0.0,0.0,0.0,27.5398,71.9153,Bhadla_Solar_Park
2023-09-03 06:00:00,26.4,68,985.9,0,18.1,0.0,0.0,0.0,0.0,27.5398,71.9153,Bhadla_Solar_Park
2023-09-03 07:00:00,26.8,66,986.5,0,19.5,60.0,102.7,45.0,15.0,27.5398,71.9153,Bhadla_Solar_Park
2023-09-03 08:00:00,28.0,58,986.7,0,22.8,232.0,309.6,122.0,110.0,27.5398,71.9153,Bhadla_Solar_Park
2023-09-03 09:00:00,30.1,48,987.2,0,24.4,438.0,475.9,172.0,266.0,27.5398,71.9153,Bhadla_Solar_Park
2023-09-03 10:00:00,32.5,39,987.3,0,26.9,628.0,579.1,206.0,422.0,27.5398,71.9153,Bhadla_Solar_Park
2023-09-03 11:00:00,34.5,34,986.8,0,29.1,773.0,638.9,228.0,545.0,27.5398,71.9153,Bhadla_Solar_Park
2023-09-03 12:00:00,36.2,29,985.9,0,30.1,856.0,668.3,239.0,617.0,27.5398,71.9153,Bhadla_Solar_Park
2023-09-03 13:00:00,37.5,26,985.1,0,29.6,871.0,675.0,240.0,631.0,27.5398,71.9153,Bhadla_Solar_Park
2023-09-03 14:00:00,38.3,24,984.1,0,28.6,814.0,657.4,231.0,583.0,27.5398,71.9153,Bhadla_Solar_Park
2023-09-03 15:00:00,38.7,23,983.4,0,27.7,692.0,613.4,212.0,480.0,27.5398,71.9153,Bhadla_Solar_Park
2023-09-03 16:00:00,38.5,23,982.9,0,27.0,517.0,531.0,183.0,334.0,27.5398,71.9153,Bhadla_Solar_Park
2023-09-03 17:00:00,37.4,26,983.1,0,23.1,312.0,391.6,141.0,171.0,27.5398,71.9153,Bhadla_Solar_Park
2023-09-03 18:00:00,36.3,29,983.0,0,22.8,118.0,182.8,78.0,40.0,27.5398,71.9153,Bhadla_Solar_Park
2023-09-03 19:00:00,35.3,31,983.5,0,19.1,9.0,13.3,8.0,1.0,27.5398,71.9153,Bhadla_Solar_Park
2023-09-03 20:00:00,34.4,35,984.2,0,19.5,0.0,0.0,0.0,0.0,27.5398,71.9153,Bhadla_Solar_Park
2023-09-03 21:00:00,33.5,38,984.9,0,19.7,0.0,0.0,0.0,0.0,27.5398,71.9153,Bhadla_Solar_Park
2023-09-03 22:00:00,32.6,42,984.8,0,20.7,0.0,0.0,0.0,0.0,27.5398,71.9153,Bhadla_Solar_Park
2023-09-03 23:00:00,31.7,46,984.9,0,20.3,0.0,0.0,0.0,0.0,27.5398,71.9153,Bhadla_Solar_Park
2023-09-04 00:00:00,30.9,49,984.7,0,19.1,0.0,0.0,0.0,0.0,27.5398,71.9153,Bhadla_Solar_Park
2023-09-04 01:00:00,30.2,51,984.6,0,18.8,0.0,0.0,0.0,0.0,27.5398,71.9153,Bhadla_Solar_Park
2023-09-04 02:00:00,29.6,52,984.4,0,18.2,0.0,0.0,0.0,0.0,27.5398,71.9153,Bhadla_Solar_Park
2023-09-04 03:00:00,29.1,53,984.4,0,19.7,0.0,0.0,0.0,0.0,27.5398,71.9153,Bhadla_Solar_Park
2023-09-04 04:00:00,28.4,55,984.6,0,20.0,0.0,0.0,0.0,0.0,27.5398,71.9153,Bhadla_Solar_Park
2023-09-04 05:00:00,27.9,61,984.7,0,20.1,0.0,0.0,0.0,0.0,27.5398,71.9153,Bhadla_Solar_Park
2023-09-04 06:00:00,27.0,65,985.2,0,18.0,0.0,0.0,0.0,0.0,27.5398,71.9153,Bhadla_Solar_Park
2023-09-04 07:00:00,27.3,64,986.0,0,16.0,59.0,96.3,45.0,14.0,27.5398,71.9153,Bhadla_Solar_Park
2023-09-04 08:00:00,28.3,60,986.3,0,16.8,228.0,305.3,120.0,108.0,27.5398,71.9153,Bhadla_Solar_Park
2023-09-04 09:00:00,30.2,51,986.6,0,16.5,434.0,473.6,170.0,264.0,27.5398,71.9153,Bhadla_Solar_Park
2023-09-04 10:00:00,32.3,41,986.3,0,18.5,625.0,579.0,204.0,421.0,27.5398,71.9153,Bhadla_Solar_Park
2023-09-04 11:00:00,34.2,35,985.8,0,20.6,770.0,640.2,225.0,545.0,27.5398,71.9153,Bhadla_Solar_Park
2023-09-04 12:00:00,35.8,30,985.0,0,21.7,854.0,670.8,236.0,618.0,27.5398,71.9153,Bhadla_Solar_Park
2023-09-04 13:00:00,37.0,26,984.2,0,22.5,868.0,675.6,238.0,630.0,27.5398,71.9153,Bhadla_Solar_Park
2023-09-04 14:00:00,37.7,24,983.3,0,22.2,811.0,658.3,229.0,582.0,27.5398,71.9153,Bhadla_Solar_Park
2023-09-04 15:00:00,38.0,23,982.4,0,22.2,689.0,614.5,210.0,479.0,27.5398,71.9153,Bhadla_Solar_Park
2023-09-04 16:00:00,37.9,23,981.8,0,21.3,515.0,532.4,182.0,333.0,27.5398,71.9153,Bhadla_Solar_Park
2023-09-04 17:00:00,37.0,26,982.8,0,18.6,311.0,395.0,140.0,171.0,27.5398,71.9153,Bhadla_Solar_Park
2023-09-04 18:00:00,36.1,29,983.1,0,17.7,116.0,186.3,76.0,40.0,27.5398,71.9153,Bhadla_Solar_Park
2023-09-04 19:00:00,35.1,32,983.2,0,15.1,8.0,13.6,7.0,1.0,27.5398,71.9153,Bhadla_Solar_Park
2023-09-04 20:00:00,34.2,34,983.8,0,14.5,0.0,0.0,0.0,0.0,27.5398,71.9153,Bhadla_Solar_Park
2023-09-04 21:00:00,33.3,37,984.4,0,14.0,0.0,0.0,0.0,0.0,27.5398,71.9153,Bhadla_Solar_Park
2023-09-04 22:00:00,32.5,39,984.6,0,13.3,0.0,0.0,0.0,0.0,27.5398,71.9153,Bhadla_Solar_Park
2023-09-04 23:00:00,31.6,41,984.6,0,12.4,0.0,0.0,0.0,0.0,27.5398,71.9153,Bhadla_Solar_Park
2023-09-05 00:00:00,30.9,43,984.6,0,13.1,0.0,0.0,0.0,0.0,27.5398,71.9153,Bhadla_Solar_Park
2023-09-05 01:00:00,30.2,45,984.3,0,14.2,0.0,0.0,0.0,0.0,27.5398,71.9153,Bhadla_Solar_Park
2023-09-05 02:00:00,29.6,46,984.3,0,14.8,0.0,0.0,0.0,0.0,27.5398,71.9153,Bhadla_Solar_Park
2023-09-05 03:00:00,28.9,48,984.2,0,14.3,0.0,0.0,0.0,0.0,27.5398,71.9153,Bhadla_Solar_Park
2023-09-05 04:00:00,28.3,50,984.5,0,14.0,0.0,0.0,0.0,0.0,27.5398,71.9153,Bhadla_Solar_Park
2023-09-05 05:00:00,28.2,53,985.2,0,15.6,0.0,0.0,0.0,0.0,27.5398,71.9153,Bhadla_Solar_Park
2023-09-05 06:00:00,27.7,60,985.9,0,16.2,0.0,0.0,0.0,0.0,27.5398,71.9153,Bhadla_Solar_Park
2023-09-05 07:00:00,28.1,63,986.6,0,14.2,58.0,96.8,44.0,14.0,27.5398,71.9153,Bhadla_Solar_Park
2023-09-05 08:00:00,29.4,60,987.2,0,15.2,227.0,303.8,120.0,107.0,27.5398,71.9153,Bhadla_Solar_Park
2023-09-05 09:00:00,31.3,54,987.4,0,15.5,431.0,469.5,170.0,261.0,27.5398,71.9153,Bhadla_Solar_Park
2023-09-05 10:00:00,33.1,46,987.2,0,14.5,619.0,573.4,203.0,416.0,27.5398,71.9153,Bhadla_Solar_Park
2023-09-05 11:00:00,34.7,38,986.6,0,12.7,763.0,633.3,225.0,538.0,27.5398,71.9153,Bhadla_Solar_Park
2023-09-05 12:00:00,36.0,34,986.0,0,11.5,846.0,663.6,236.0,610.0,27.5398,71.9153,Bhadla_Solar_Park
2023-09-05 13:00:00,37.1,30,985.3,0,11.1,859.0,668.7,237.0,622.0,27.5398,71.9153,Bhadla_Solar_Park
2023-09-05 14:00:00,38.0,28,984.2,0,11.5,802.0,651.2,228.0,574.0,27.5398,71.9153,Bhadla_Solar_Park
2023-09-05 15:00:00,38.5,26,983.3,0,11.5,681.0,606.7,210.0,471.0,27.5398,71.9153,Bhadla_Solar_Park
2023-09-05 16:00:00,38.6,25,982.7,0,11.1,509.0,527.3,181.0,328.0,27.5398,71.9153,Bhadla_Solar_Park
2023-09-05 17:00:00,38.1,28,983.3,2,9.8,302.0,384.6,137.0,165.0,27.5398,71.9153,Bhadla_Solar_Park
2023-09-05 18:00:00,37.6,28,983.6,2,10.4,110.0,171.0,74.0,36.0,27.5398,71.9153,Bhadla_Solar_Park
2023-09-05 19:00:00,36.9,30,983.8,3,10.0,7.0,14.0,6.0,1.0,27.5398,71.9153,Bhadla_Solar_Park
2023-09-05 20:00:00,36.1,31,984.4,3,13.0,0.0,0.0,0.0,0.0,27.5398,71.9153,Bhadla_Solar_Park
2023-09-05 21:00:00,35.1,33,984.9,1,14.1,0.0,0.0,0.0,0.0,27.5398,71.9153,Bhadla_Solar_Park
2023-09-05 22:00:00,34.1,35,984.9,0,12.3,0.0,0.0,0.0,0.0,27.5398,71.9153,Bhadla_Solar_Park
2023-09-05 23:00:00,33.0,38,985.1,0,9.7,0.0,0.0,0.0,0.0,27.5398,71.9153,Bhadla_Solar_Park
2023-09-06 00:00:00,32.3,40,985.2,0,9.8,0.0,0.0,0.0,0.0,27.5398,71.9153,Bhadla_Solar_Park
2023-09-06 01:00:00,31.8,42,984.9,0,12.6,0.0,0.0,0.0,0.0,27.5398,71.9153,Bhadla_Solar_Park
2023-09-06 02:00:00,31.1,44,984.6,0,14.6,0.0,0.0,0.0,0.0,27.5398,71.9153,Bhadla_Solar_Park
2023-09-06 03:00:00,30.5,46,984.4,0,14.8,0.0,0.0,0.0,0.0,27.5398,71.9153,Bhadla_Solar_Park
2023-09-06 04:00:00,29.8,49,984.6,0,16.3,0.0,0.0,0.0,0.0,27.5398,71.9153,Bhadla_Solar_Park
2023-09-06 05:00:00,29.5,53,985.3,0,14.1,0.0,0.0,0.0,0.0,27.5398,71.9153,Bhadla_Solar_Park
2023-09-06 06:00:00,28.9,56,985.7,0,14.1,0.0,0.0,0.0,0.0,27.5398,71.9153,Bhadla_Solar_Park
2023-09-06 07:00:00,29.8,54,986.3,0,12.8,58.0,97.3,44.0,14.0,27.5398,71.9153,Bhadla_Solar_Park
2023-09-06 08:00:00,31.9,50,986.9,0,13.6,227.0,307.9,119.0,108.0,27.5398,71.9153,Bhadla_Solar_Park
2023-09-06 09:00:00,34.4,44,987.3,0,14.3,430.0,472.6,168.0,262.0,27.5398,71.9153,Bhadla_Solar_Park
2023-09-06 10:00:00,36.6,35,987.4,0,15.3,617.0,574.7,201.0,416.0,27.5398,71.9153,Bhadla_Solar_Park
2023-09-06 11:00:00,38.2,29,986.9,0,12.4,760.0,633.5,223.0,537.0,27.5398,71.9153,Bhadla_Solar_Park
2023-09-06 12:00:00,39.4,26,986.0,9,10.8,835.0,654.2,235.0,600.0,27.5398,71.9153,Bhadla_Solar_Park
2023-09-06 13:00:00,40.4,22,985.1,29,11.8,824.0,627.4,242.0,582.0,27.5398,71.9153,Bhadla_Solar_Park
2023-09-06 14:00:00,40.8,20,984.0,48,13.1,636.0,433.7,255.0,381.0,27.5398,71.9153,Bhadla_Solar_Park
2023-09-06 15:00:00,41.1,18,983.0,28,14.2,565.0,404.9,252.0,313.0,27.5398,71.9153,Bhadla_Solar_Park
2023-09-06 16:00:00,41.2,18,982.3,1,14.8,460.0,431.8,193.0,267.0,27.5398,71.9153,Bhadla_Solar_Park
2023-09-06 17:00:00,40.3,20,983.0,1,18.5,295.0,364.6,140.0,155.0,27.5398,71.9153,Bhadla_Solar_Park
2023-09-06 18:00:00,39.8,20,983.3,2,15.2,108.0,174.5,72.0,36.0,27.5398,71.9153,Bhadla_Solar_Park
2023-09-06 19:00:00,38.6,22,983.6,2,11.9,7.0,0.0,7.0,0.0,27.5398,71.9153,Bhadla_Solar_Park
2023-09-06 20:00:00,37.1,23,984.2,2,10.2,0.0,0.0,0.0,0.0,27.5398,71.9153,Bhadla_Solar_Park
2023-09-06 21:00:00,35.8,25,984.7,11,8.5,0.0,0.0,0.0,0.0,27.5398,71.9153,Bhadla_Solar_Park
2023-09-06 22:00:00,34.7,28,984.7,3,9.3,0.0,0.0,0.0,0.0,27.5398,71.9153,Bhadla_Solar_Park
2023-09-06 23:00:00,33.6,30,984.5,6,8.9,0.0,0.0,0.0,0.0,27.5398,71.9153,Bhadla_Solar_Park
2023-09-07 00:00:00,32.9,32,984.5,2,9.0,0.0,0.0,0.0,0.0,27.5398,71.9153,Bhadla_Solar_Park
2023-09-07 01:00:00,31.9,34,984.1,0,8.4,0.0,0.0,0.0,0.0,27.5398,71.9153,Bhadla_Solar_Park
2023-09-07 02:00:00,31.6,38,983.8,0,9.7,0.0,0.0,0.0,0.0,27.5398,71.9153,Bhadla_Solar_Park
2023-09-07 03:00:00,31.2,39,984.1,0,16.1,0.0,0.0,0.0,0.0,27.5398,71.9153,Bhadla_Solar_Park
2023-09-07 04:00:00,30.6,51,984.3,0,16.1,0.0,0.0,0.0,0.0,27.5398,71.9153,Bhadla_Solar_Park
2023-09-07 05:00:00,29.8,53,984.3,0,12.9,0.0,0.0,0.0,0.0,27.5398,71.9153,Bhadla_Solar_Park
2023-09-07 06:00:00,29.6,59,985.0,0,12.8,0.0,0.0,0.0,0.0,27.5398,71.9153,Bhadla_Solar_Park
2023-09-07 07:00:00,30.6,57,985.8,0,11.6,57.0,97.8,43.0,14.0,27.5398,71.9153,Bhadla_Solar_Park
2023-09-07 08:00:00,32.3,52,986.4,0,12.4,225.0,306.4,118.0,107.0,27.5398,71.9153,Bhadla_Solar_Park
2023-09-07 09:00:00,34.3,45,986.6,0,11.7,429.0,472.1,168.0,261.0,27.5398,71.9153,Bhadla_Solar_Park
2023-09-07 10:00:00,36.4,40,986.6,0,11.1,616.0,574.6,201.0,415.0,27.5398,71.9153,Bhadla_Solar_Park
2023-09-07 11:00:00,38.1,32,986.1,5,9.0,748.0,620.7,223.0,525.0,27.5398,71.9153,Bhadla_Solar_Park
2023-09-07 12:00:00,39.3,28,985.4,5,10.4,775.0,577.0,247.0,528.0,27.5398,71.9153,Bhadla_Solar_Park
2023-09-07 13:00:00,40.3,24,984.4,2,12.8,800.0,599.9,245.0,555.0,27.5398,71.9153,Bhadla_Solar_Park
2023-09-07 14:00:00,41.1,20,983.1,38,16.3,759.0,604.1,230.0,529.0,27.5398,71.9153,Bhadla_Solar_Park
2023-09-07 15:00:00,41.2,20,982.4,14,16.1,599.0,507.9,208.0,391.0,27.5398,71.9153,Bhadla_Solar_Park
2023-09-07 16:00:00,40.9,19,982.1,8,17.4,432.0,403.4,184.0,248.0,27.5398,71.9153,Bhadla_Solar_Park
2023-09-07 17:00:00,40.7,18,982.0,13,20.7,267.0,315.8,134.0,133.0,27.5398,71.9153,Bhadla_Solar_Park
2023-09-07 18:00:00,39.7,17,982.3,2,23.8,108.0,178.1,72.0,36.0,27.5398,71.9153,Bhadla_Solar_Park
2023-09-07 19:00:00,38.4,18,982.8,1,18.4,6.0,0.0,6.0,0.0,27.5398,71.9153,Bhadla_Solar_Park
2023-09-07 20:00:00,37.2,21,983.4,2,13.7,0.0,0.0,0.0,0.0,27.5398,71.9153,Bhadla_Solar_Park
2023-09-07 21:00:00,35.3,25,983.8,3,7.7,0.0,0.0,0.0,0.0,27.5398,71.9153,Bhadla_Solar_Park
2023-09-07 22:00:00,34.7,24,984.1,1,12.9,0.0,0.0,0.0,0.0,27.5398,71.9153,Bhadla_Solar_Park
2023-09-07 23:00:00,34.0,25,983.9,6,13.7,0.0,0.0,0.0,0.0,27.5398,71.9153,Bhadla_Solar_Park
2023-09-08 00:00:00,33.0,29,983.7,0,11.5,0.0,0.0,0.0,0.0,27.5398,71.9153,Bhadla_Solar_Park
2023-09-08 01:00:00,31.4,35,983.4,0,6.1,0.0,0.0,0.0,0.0,27.5398,71.9153,Bhadla_Solar_Park
2023-09-08 02:00:00,30.3,38,983.2,0,6.9,0.0,0.0,0.0,0.0,27.5398,71.9153,Bhadla_Solar_Park
2023-09-08 03:00:00,30.1,37,983.2,0,10.8,0.0,0.0,0.0,0.0,27.5398,71.9153,Bhadla_Solar_Park
2023-09-08 04:00:00,29.4,40,983.5,0,11.2,0.0,0.0,0.0,0.0,27.5398,71.9153,Bhadla_Solar_Park
2023-09-08 05:00:00,29.3,43,983.6,0,8.9,0.0,0.0,0.0,0.0,27.5398,71.9153,Bhadla_Solar_Park
2023-09-08 06:00:00,29.1,46,984.2,0,10.2,0.0,0.0,0.0,0.0,27.5398,71.9153,Bhadla_Solar_Park
2023-09-08 07:00:00,30.2,45,984.6,0,9.3,57.0,105.4,42.0,15.0,27.5398,71.9153,Bhadla_Solar_Park
2023-09-08 08:00:00,32.9,39,985.1,0,8.7,228.0,316.4,118.0,110.0,27.5398,71.9153,Bhadla_Solar_Park
2023-09-08 09:00:00,35.8,33,985.5,0,8.6,434.0,486.1,166.0,268.0,27.5398,71.9153,Bhadla_Solar_Park
2023-09-08 10:00:00,38.0,29,985.5,0,6.0,622.0,588.4,198.0,424.0,27.5398,71.9153,Bhadla_Solar_Park
2023-09-08 11:00:00,39.3,25,985.3,13,5.2,764.0,644.7,220.0,544.0,27.5398,71.9153,Bhadla_Solar_Park
2023-09-08 12:00:00,40.4,21,984.6,20,7.8,807.0,620.1,241.0,566.0,27.5398,71.9153,Bhadla_Solar_Park
2023-09-08 13:00:00,41.3,19,983.7,10,10.3,809.0,600.4,255.0,554.0,27.5398,71.9153,Bhadla_Solar_Park
2023-09-08 14:00:00,41.8,18,982.4,18,10.0,764.0,610.7,231.0,533.0,27.5398,71.9153,Bhadla_Solar_Park
2023-09-08 15:00:00,42.1,17,981.3,12,11.5,621.0,516.6,225.0,396.0,27.5398,71.9153,Bhadla_Solar_Park
2023-09-08 16:00:00,42.2,17,981.0,7,14.7,473.0,474.5,183.0,290.0,27.5398,71.9153,Bhadla_Solar_Park
2023-09-08 17:00:00,42.0,14,980.9,4,18.0,292.0,378.8,134.0,158.0,27.5398,71.9153,Bhadla_Solar_Park
2023-09-08 18:00:00,41.1,13,981.4,1,19.1,107.0,182.0,71.0,36.0,27.5398,71.9153,Bhadla_Solar_Park
2023-09-08 19:00:00,39.3,14,982.0,0,16.5,6.0,0.0,6.0,0.0,27.5398,71.9153,Bhadla_Solar_Park
2023-09-08 20:00:00,37.9,16,982.8,0,13.9,0.0,0.0,0.0,0.0,27.5398,71.9153,Bhadla_Solar_Park
2023-09-08 21:00:00,36.5,17,983.4,0,11.8,0.0,0.0,0.0,0.0,27.5398,71.9153,Bhadla_Solar_Park
2023-09-08 22:00:00,35.2,18,983.6,0,12.4,0.0,0.0,0.0,0.0,27.5398,71.9153,Bhadla_Solar_Park
2023-09-08 23:00:00,34.3,19,983.3,0,14.4,0.0,0.0,0.0,0.0,27.5398,71.9153,Bhadla_Solar_Park
2023-09-09 00:00:00,33.2,22,982.8,0,13.4,0.0,0.0,0.0,0.0,27.5398,71.9153,Bhadla_Solar_Park
2023-09-09 01:00:00,32.3,30,982.8,16,14.0,0.0,0.0,0.0,0.0,27.5398,71.9153,Bhadla_Solar_Park
2023-09-09 02:00:00,31.5,42,982.5,99,13.1,0.0,0.0,0.0,0.0,27.5398,71.9153,Bhadla_Solar_Park
2023-09-09 03:00:00,30.9,46,982.4,71,13.1,0.0,0.0,0.0,0.0,27.5398,71.9153,Bhadla_Solar_Park
2023-09-09 04:00:00,30.4,49,982.5,5,12.5,0.0,0.0,0.0,0.0,27.5398,71.9153,Bhadla_Solar_Park
2023-09-09 05:00:00,29.8,55,982.5,0,7.6,0.0,0.0,0.0,0.0,27.5398,71.9153,Bhadla_Solar_Park
2023-09-09 06:00:00,29.6,57,983.0,9,8.6,0.0,0.0,0.0,0.0,27.5398,71.9153,Bhadla_Solar_Park
2023-09-09 07:00:00,30.7,54,983.6,2,8.3,56.0,98.9,42.0,14.0,27.5398,71.9153,Bhadla_Solar_Park
2023-09-09 08:00:00,32.9,48,984.0,2,9.7,226.0,315.0,117.0,109.0,27.5398,71.9153,Bhadla_Solar_Park
2023-09-09 09:00:00,35.3,40,984.3,0,13.3,431.0,485.7,164.0,267.0,27.5398,71.9153,Bhadla_Solar_Park
2023-09-09 10:00:00,37.5,34,984.2,0,12.7,620.0,588.5,197.0,423.0,27.5398,71.9153,Bhadla_Solar_Park
2023-09-09 11:00:00,39.0,28,983.9,0,7.2,764.0,648.5,218.0,546.0,27.5398,71.9153,Bhadla_Solar_Park
2023-09-09 12:00:00,40.2,23,983.1,2,5.5,849.0,683.1,227.0,622.0,27.5398,71.9153,Bhadla_Solar_Park
2023-09-09 13:00:00,41.2,20,982.2,10,8.4,840.0,661.9,231.0,609.0,27.5398,71.9153,Bhadla_Solar_Park
2023-09-09 14:00:00,41.6,19,981.2,11,9.7,740.0,579.4,236.0,504.0,27.5398,71.9153,Bhadla_Solar_Park
2023-09-09 15:00:00,42.0,18,980.5,1,10.7,643.0,564.8,212.0,431.0,27.5398,71.9153,Bhadla_Solar_Park
2023-09-09 16:00:00,42.1,16,979.9,2,11.6,497.0,530.1,175.0,322.0,27.5398,71.9153,Bhadla_Solar_Park
2023-09-09 17:00:00,41.4,15,980.3,6,17.1,295.0,389.7,134.0,161.0,27.5398,71.9153,Bhadla_Solar_Park
2023-09-09 18:00:00,40.9,15,980.5,1,12.3,103.0,180.8,68.0,35.0,27.5398,71.9153,Bhadla_Solar_Park
2023-09-09 19:00:00,39.1,17,980.9,2,7.9,5.0,0.0,5.0,0.0,27.5398,71.9153,Bhadla_Solar_Park
2023-09-09 20:00:00,37.9,18,981.4,2,12.3,0.0,0.0,0.0,0.0,27.5398,71.9153,Bhadla_Solar_Park
2023-09-09 21:00:00,36.6,20,982.0,0,13.5,0.0,0.0,0.0,0.0,27.5398,71.9153,Bhadla_Solar_Park
2023-09-09 22:00:00,35.6,24,982.1,0,15.2,0.0,0.0,0.0,0.0,27.5398,71.9153,Bhadla_Solar_Park
2023-09-09 23:00:00,34.6,28,981.7,0,15.0,0.0,0.0,0.0,0.0,27.5398,71.9153,Bhadla_Solar_Park
2023-09-10 00:00:00,33.6,31,981.5,0,16.4,0.0,0.0,0.0,0.0,27.5398,71.9153,Bhadla_Solar_Park
2023-09-10 01:00:00,32.5,39,981.0,0,19.7,0.0,0.0,0.0,0.0,27.5398,71.9153,Bhadla_Solar_Park
2023-09-10 02:00:00,31.5,49,980.8,0,20.0,0.0,0.0,0.0,0.0,27.5398,71.9153,Bhadla_Solar_Park
2023-09-10 03:00:00,30.9,52,980.7,0,17.9,0.0,0.0,0.0,0.0,27.5398,71.9153,Bhadla_Solar_Park
2023-09-10 04:00:00,30.3,55,981.2,0,16.5,0.0,0.0,0.0,0.0,27.5398,71.9153,Bhadla_Solar_Park
2023-09-10 05:00:00,29.9,62,981.3,0,12.9,0.0,0.0,0.0,0.0,27.5398,71.9153,Bhadla_Solar_Park
2023-09-10 06:00:00,29.7,64,981.5,0,13.2,0.0,0.0,0.0,0.0,27.5398,71.9153,Bhadla_Solar_Park
2023-09-10 07:00:00,30.3,62,982.0,0,12.6,55.0,99.4,41.0,14.0,27.5398,71.9153,Bhadla_Solar_Park
2023-09-10 08:00:00,32.0,57,982.4,0,15.8,225.0,319.3,115.0,110.0,27.5398,71.9153,Bhadla_Solar_Park
2023-09-10 09:00:00,34.1,50,982.6,0,14.0,431.0,489.0,163.0,268.0,27.5398,71.9153,Bhadla_Solar_Park
2023-09-10 10:00:00,36.3,42,982.5,0,10.5,620.0,594.1,194.0,426.0,27.5398,71.9153,Bhadla_Solar_Park
2023-09-10 11:00:00,38.4,33,982.1,0,7.9,763.0,652.4,215.0,548.0,27.5398,71.9153,Bhadla_Solar_Park
2023-09-10 12:00:00,40.0,26,981.3,0,5.2,845.0,682.6,225.0,620.0,27.5398,71.9153,Bhadla_Solar_Park
2023-09-10 13:00:00,41.0,22,980.4,17,2.6,857.0,686.7,227.0,630.0,27.5398,71.9153,Bhadla_Solar_Park
2023-09-10 14:00:00,41.7,19,979.3,10,4.1,732.0,571.1,237.0,495.0,27.5398,71.9153,Bhadla_Solar_Park
2023-09-10 15:00:00,42.3,18,978.5,8,5.4,641.0,575.2,204.0,437.0,27.5398,71.9153,Bhadla_Solar_Park
2023-09-10 16:00:00,42.5,18,978.0,10,10.4,478.0,503.6,174.0,304.0,27.5398,71.9153,Bhadla_Solar_Park
2023-09-10 17:00:00,41.2,19,979.0,2,14.7,279.0,361.8,131.0,148.0,27.5398,71.9153,Bhadla_Solar_Park
2023-09-10 18:00:00,40.6,19,979.5,5,10.4,96.0,158.5,66.0,30.0,27.5398,71.9153,Bhadla_Solar_Park
2023-09-10 19:00:00,40.1,20,979.8,0,1.0,4.0,0.0,4.0,0.0,27.5398,71.9153,Bhadla_Solar_Park
2023-09-10 20:00:00,37.9,24,980.4,0,6.2,0.0,0.0,0.0,0.0,27.5398,71.9153,Bhadla_Solar_Park
2023-09-10 21:00:00,37.1,24,981.2,1,12.9,0.0,0.0,0.0,0.0,27.5398,71.9153,Bhadla_Solar_Park
2023-09-10 22:00:00,36.5,26,981.1,0,14.3,0.0,0.0,0.0,0.0,27.5398,71.9153,Bhadla_Solar_Park
2023-09-10 23:00:00,35.4,29,980.9,0,14.6,0.0,0.0,0.0,0.0,27.5398,71.9153,Bhadla_Solar_Park
2023-09-11 00:00:00,34.4,34,980.6,0,20.6,0.0,0.0,0.0,0.0,27.5398,71.9153,Bhadla_Solar_Park
2023-09-11 01:00:00,33.6,40,980.6,0,18.1,0.0,0.0,0.0,0.0,27.5398,71.9153,Bhadla_Solar_Park
2023-09-11 02:00:00,32.8,41,980.4,0,14.8,0.0,0.0,0.0,0.0,27.5398,71.9153,Bhadla_Solar_Park
2023-09-11 03:00:00,32.2,43,980.6,0,13.8,0.0,0.0,0.0,0.0,27.5398,71.9153,Bhadla_Solar_Park
2023-09-11 04:00:00,31.3,59,981.3,0,20.1,0.0,0.0,0.0,0.0,27.5398,71.9153,Bhadla_Solar_Park
2023-09-11 05:00:00,30.8,63,981.7,0,18.6,0.0,0.0,0.0,0.0,27.5398,71.9153,Bhadla_Solar_Park
2023-09-11 06:00:00,30.1,65,982.2,0,17.0,0.0,0.0,0.0,0.0,27.5398,71.9153,Bhadla_Solar_Park
2023-09-11 07:00:00,30.2,63,982.8,0,16.2,54.0,100.0,40.0,14.0,27.5398,71.9153,Bhadla_Solar_Park
2023-09-11 08:00:00,31.5,58,983.3,0,15.2,224.0,317.9,115.0,109.0,27.5398,71.9153,Bhadla_Solar_Park
2023-09-11 09:00:00,33.4,51,983.6,0,14.5,428.0,485.0,163.0,265.0,27.5398,71.9153,Bhadla_Solar_Park
2023-09-11 10:00:00,35.5,45,983.7,0,14.0,615.0,587.2,195.0,420.0,27.5398,71.9153,Bhadla_Solar_Park
2023-09-11 11:00:00,37.3,39,983.2,0,11.1,758.0,648.1,215.0,543.0,27.5398,71.9153,Bhadla_Solar_Park
2023-09-11 12:00:00,38.8,35,982.4,0,7.8,839.0,676.6,226.0,613.0,27.5398,71.9153,Bhadla_Solar_Park
2023-09-11 13:00:00,40.0,29,981.7,21,2.6,852.0,684.3,226.0,626.0,27.5398,71.9153,Bhadla_Solar_Park
2023-09-11 14:00:00,41.0,24,980.5,18,1.3,738.0,582.3,235.0,503.0,27.5398,71.9153,Bhadla_Solar_Park
2023-09-11 15:00:00,41.6,21,979.8,9,2.9,611.0,527.5,212.0,399.0,27.5398,71.9153,Bhadla_Solar_Park
2023-09-11 16:00:00,41.9,20,979.3,18,6.6,451.0,465.1,172.0,279.0,27.5398,71.9153,Bhadla_Solar_Park
2023-09-11 17:00:00,41.3,20,980.0,12,7.3,267.0,343.2,128.0,139.0,27.5398,71.9153,Bhadla_Solar_Park
2023-09-11 18:00:00,40.7,20,980.2,41,12.7,94.0,162.1,64.0,30.0,27.5398,71.9153,Bhadla_Solar_Park
2023-09-11 19:00:00,39.5,22,980.5,2,12.8,4.0,0.0,4.0,0.0,27.5398,71.9153,Bhadla_Solar_Park
2023-09-11 20:00:00,38.4,23,981.0,2,9.4,0.0,0.0,0.0,0.0,27.5398,71.9153,Bhadla_Solar_Park
2023-09-11 21:00:00,36.9,25,981.4,0,6.8,0.0,0.0,0.0,0.0,27.5398,71.9153,Bhadla_Solar_Park
2023-09-11 22:00:00,36.3,25,981.8,0,13.9,0.0,0.0,0.0,0.0,27.5398,71.9153,Bhadla_Solar_Park
2023-09-11 23:00:00,35.1,42,981.8,0,25.6,0.0,0.0,0.0,0.0,27.5398,71.9153,Bhadla_Solar_Park
2023-09-12 00:00:00,34.5,46,981.6,0,27.7,0.0,0.0,0.0,0.0,27.5398,71.9153,Bhadla_Solar_Park
2023-09-12 01:00:00,33.4,51,981.4,0,23.7,0.0,0.0,0.0,0.0,27.5398,71.9153,Bhadla_Solar_Park
2023-09-12 02:00:00,32.3,55,981.3,0,21.4,0.0,0.0,0.0,0.0,27.5398,71.9153,Bhadla_Solar_Park
2023-09-12 03:00:00,31.4,57,981.6,0,20.7,0.0,0.0,0.0,0.0,27.5398,71.9153,Bhadla_Solar_Park
2023-09-12 04:00:00,30.4,59,982.6,0,22.2,0.0,0.0,0.0,0.0,27.5398,71.9153,Bhadla_Solar_Park
2023-09-12 05:00:00,29.4,63,982.9,0,18.8,0.0,0.0,0.0,0.0,27.5398,71.9153,Bhadla_Solar_Park
2023-09-12 06:00:00,28.6,64,983.5,0,18.5,0.0,0.0,0.0,0.0,27.5398,71.9153,Bhadla_Solar_Park
2023-09-12 07:00:00,28.4,64,983.9,0,18.4,53.0,100.6,39.0,14.0,27.5398,71.9153,Bhadla_Solar_Park
2023-09-12 08:00:00,29.4,60,984.6,0,20.0,221.0,310.6,115.0,106.0,27.5398,71.9153,Bhadla_Solar_Park
2023-09-12 09:00:00,31.2,54,984.7,0,20.4,424.0,479.2,163.0,261.0,27.5398,71.9153,Bhadla_Solar_Park
2023-09-12 10:00:00,33.5,46,984.4,0,19.7,612.0,584.5,195.0,417.0,27.5398,71.9153,Bhadla_Solar_Park
2023-09-12 11:00:00,35.8,39,984.1,0,18.4,754.0,644.9,215.0,539.0,27.5398,71.9153,Bhadla_Solar_Park
2023-09-12 12:00:00,37.6,34,983.4,0,15.8,835.0,674.0,226.0,609.0,27.5398,71.9153,Bhadla_Solar_Park
2023-09-12 13:00:00,39.1,31,982.5,0,12.9,845.0,678.7,226.0,619.0,27.5398,71.9153,Bhadla_Solar_Park
2023-09-12 14:00:00,40.0,27,981.6,14,10.2,784.0,658.8,217.0,567.0,27.5398,71.9153,Bhadla_Solar_Park
2023-09-12 15:00:00,40.4,25,980.9,6,9.5,628.0,560.5,206.0,422.0,27.5398,71.9153,Bhadla_Solar_Park
2023-09-12 16:00:00,40.4,25,980.5,7,10.1,474.0,508.3,171.0,303.0,27.5398,71.9153,Bhadla_Solar_Park
2023-09-12 17:00:00,39.6,28,981.1,15,4.1,277.0,366.6,130.0,147.0,27.5398,71.9153,Bhadla_Solar_Park
2023-09-12 18:00:00,39.3,28,981.4,18,4.2,89.0,149.4,62.0,27.0,27.5398,71.9153,Bhadla_Solar_Park
2023-09-12 19:00:00,38.9,28,981.7,28,5.5,3.0,0.0,3.0,0.0,27.5398,71.9153,Bhadla_Solar_Park
2023-09-12 20:00:00,38.0,30,982.3,95,8.0,0.0,0.0,0.0,0.0,27.5398,71.9153,Bhadla_Solar_Park
2023-09-12 21:00:00,37.2,32,982.7,19,13.4,0.0,0.0,0.0,0.0,27.5398,71.9153,Bhadla_Solar_Park
2023-09-12 22:00:00,36.3,34,982.8,1,13.0,0.0,0.0,0.0,0.0,27.5398,71.9153,Bhadla_Solar_Park
2023-09-12 23:00:00,35.1,42,982.7,1,19.9,0.0,0.0,0.0,0.0,27.5398,71.9153,Bhadla_Solar_Park
2023-09-13 00:00:00,34.2,47,982.5,0,21.4,0.0,0.0,0.0,0.0,27.5398,71.9153,Bhadla_Solar_Park
2023-09-13 01:00:00,33.4,51,982.3,0,21.6,0.0,0.0,0.0,0.0,27.5398,71.9153,Bhadla_Solar_Park
2023-09-13 02:00:00,32.6,56,981.9,0,24.8,0.0,0.0,0.0,0.0,27.5398,71.9153,Bhadla_Solar_Park
2023-09-13 03:00:00,31.4,60,982.0,0,30.0,0.0,0.0,0.0,0.0,27.5398,71.9153,Bhadla_Solar_Park
2023-09-13 04:00:00,29.8,64,982.5,0,26.4,0.0,0.0,0.0,0.0,27.5398,71.9153,Bhadla_Solar_Park
2023-09-13 05:00:00,29.4,64,982.7,0,25.8,0.0,0.0,0.0,0.0,27.5398,71.9153,Bhadla_Solar_Park
2023-09-13 06:00:00,28.4,64,983.5,0,22.8,0.0,0.0,0.0,0.0,27.5398,71.9153,Bhadla_Solar_Park
2023-09-13 07:00:00,28.2,65,984.3,0,21.7,51.0,93.9,38.0,13.0,27.5398,71.9153,Bhadla_Solar_Park
2023-09-13 08:00:00,29.1,61,984.8,1,19.4,214.0,297.4,113.0,101.0,27.5398,71.9153,Bhadla_Solar_Park
2023-09-13 09:00:00,30.8,54,984.9,0,18.6,415.0,462.3,164.0,251.0,27.5398,71.9153,Bhadla_Solar_Park
2023-09-13 10:00:00,33.4,44,984.9,0,18.1,599.0,566.4,196.0,403.0,27.5398,71.9153,Bhadla_Solar_Park
2023-09-13 11:00:00,35.7,38,984.4,0,18.3,739.0,627.3,216.0,523.0,27.5398,71.9153,Bhadla_Solar_Park
2023-09-13 12:00:00,37.4,34,983.6,0,17.1,817.0,655.8,226.0,591.0,27.5398,71.9153,Bhadla_Solar_Park
2023-09-13 13:00:00,38.7,31,982.6,5,14.0,826.0,659.9,226.0,600.0,27.5398,71.9153,Bhadla_Solar_Park
2023-09-13 14:00:00,39.2,29,981.5,11,8.2,763.0,636.7,217.0,546.0,27.5398,71.9153,Bhadla_Solar_Park
2023-09-13 15:00:00,39.3,29,980.7,6,5.9,600.0,535.1,199.0,401.0,27.5398,71.9153,Bhadla_Solar_Park
2023-09-13 16:00:00,39.5,29,980.5,4,5.0,448.0,469.4,170.0,278.0,27.5398,71.9153,Bhadla_Solar_Park
2023-09-13 17:00:00,38.8,31,981.2,29,8.7,259.0,330.1,128.0,131.0,27.5398,71.9153,Bhadla_Solar_Park
2023-09-13 18:00:00,38.0,32,981.9,25,9.4,83.0,136.0,59.0,24.0,27.5398,71.9153,Bhadla_Solar_Park
2023-09-13 19:00:00,37.3,34,982.1,17,9.0,3.0,0.0,3.0,0.0,27.5398,71.9153,Bhadla_Solar_Park
2023-09-13 20:00:00,36.9,35,982.7,4,8.2,0.0,0.0,0.0,0.0,27.5398,71.9153,Bhadla_Solar_Park
2023-09-13 21:00:00,36.1,37,983.2,2,10.2,0.0,0.0,0.0,0.0,27.5398,71.9153,Bhadla_Solar_Park
2023-09-13 22:00:00,35.4,39,983.2,5,14.0,0.0,0.0,0.0,0.0,27.5398,71.9153,Bhadla_Solar_Park
2023-09-13 23:00:00,34.5,42,983.0,1,21.5,0.0,0.0,0.0,0.0,27.5398,71.9153,Bhadla_Solar_Park
2023-09-14 00:00:00,33.5,46,982.9,1,24.2,0.0,0.0,0.0,0.0,27.5398,71.9153,Bhadla_Solar_Park
2023-09-14 01:00:00,32.8,48,982.7,0,23.3,0.0,0.0,0.0,0.0,27.5398,71.9153,Bhadla_Solar_Park
2023-09-14 02:00:00,32.3,51,982.8,2,19.5,0.0,0.0,0.0,0.0,27.5398,71.9153,Bhadla_Solar_Park
2023-09-14 03:00:00,31.8,52,983.2,3,15.5,0.0,0.0,0.0,0.0,27.5398,71.9153,Bhadla_Solar_Park
2023-09-14 04:00:00,31.4,54,983.8,6,13.3,0.0,0.0,0.0,0.0,27.5398,71.9153,Bhadla_Solar_Park
2023-09-14 05:00:00,31.1,58,983.9,14,17.0,0.0,0.0,0.0,0.0,27.5398,71.9153,Bhadla_Solar_Park
2023-09-14 06:00:00,30.2,63,985.1,27,18.1,0.0,0.0,0.0,0.0,27.5398,71.9153,Bhadla_Solar_Park
2023-09-14 07:00:00,29.9,65,986.1,20,18.7,46.0,72.7,36.0,10.0,27.5398,71.9153,Bhadla_Solar_Park
2023-09-14 08:00:00,30.6,62,986.4,53,16.5,191.0,224.9,115.0,76.0,27.5398,71.9153,Bhadla_Solar_Park
2023-09-14 09:00:00,32.2,55,986.6,29,16.7,346.0,319.7,173.0,173.0,27.5398,71.9153,Bhadla_Solar_Park
2023-09-14 10:00:00,34.0,49,986.7,35,14.7,531.0,435.5,222.0,309.0,27.5398,71.9153,Bhadla_Solar_Park
2023-09-14 11:00:00,35.7,43,986.3,30,15.2,642.0,478.6,244.0,398.0,27.5398,71.9153,Bhadla_Solar_Park
2023-09-14 12:00:00,37.1,38,985.3,8,13.4,712.0,497.4,265.0,447.0,27.5398,71.9153,Bhadla_Solar_Park
2023-09-14 13:00:00,38.1,35,984.2,18,8.9,795.0,613.4,239.0,556.0,27.5398,71.9153,Bhadla_Solar_Park
2023-09-14 14:00:00,38.5,34,983.1,18,8.8,722.0,571.2,234.0,488.0,27.5398,71.9153,Bhadla_Solar_Park
2023-09-14 15:00:00,38.9,33,982.4,17,8.4,595.0,513.5,212.0,383.0,27.5398,71.9153,Bhadla_Solar_Park
2023-09-14 16:00:00,38.9,33,981.7,18,9.0,443.0,455.4,175.0,268.0,27.5398,71.9153,Bhadla_Solar_Park
2023-09-14 17:00:00,37.7,37,982.4,37,14.3,247.0,310.6,125.0,122.0,27.5398,71.9153,Bhadla_Solar_Park
2023-09-14 18:00:00,31.4,62,983.5,74,7.9,60.0,69.7,48.0,12.0,27.5398,71.9153,Bhadla_Solar_Park
2023-09-14 19:00:00,31.3,64,983.7,55,2.6,2.0,0.0,2.0,0.0,27.5398,71.9153,Bhadla_Solar_Park
2023-09-14 20:00:00,32.6,62,983.9,68,2.8,0.0,0.0,0.0,0.0,27.5398,71.9153,Bhadla_Solar_Park
2023-09-14 21:00:00,33.0,60,984.4,88,15.1,0.0,0.0,0.0,0.0,27.5398,71.9153,Bhadla_Solar_Park
2023-09-14 22:00:00,29.8,66,984.7,80,23.7,0.0,0.0,0.0,0.0,27.5398,71.9153,Bhadla_Solar_Park
2023-09-14 23:00:00,29.8,65,984.9,80,22.1,0.0,0.0,0.0,0.0,27.5398,71.9153,Bhadla_Solar_Park
2023-09-15 00:00:00,29.5,66,984.5,94,20.6,0.0,0.0,0.0,0.0,27.5398,71.9153,Bhadla_Solar_Park
2023-09-15 01:00:00,29.2,67,983.8,76,17.7,0.0,0.0,0.0,0.0,27.5398,71.9153,Bhadla_Solar_Park
2023-09-15 02:00:00,29.1,67,983.4,93,16.1,0.0,0.0,0.0,0.0,27.5398,71.9153,Bhadla_Solar_Park
2023-09-15 03:00:00,28.9,68,983.5,91,15.3,0.0,0.0,0.0,0.0,27.5398,71.9153,Bhadla_Solar_Park
2023-09-15 04:00:00,28.7,69,983.9,18,16.3,0.0,0.0,0.0,0.0,27.5398,71.9153,Bhadla_Solar_Park
2023-09-15 05:00:00,27.9,78,985.3,7,16.9,0.0,0.0,0.0,0.0,27.5398,71.9153,Bhadla_Solar_Park
2023-09-15 06:00:00,28.1,75,985.5,97,14.9,0.0,0.0,0.0,0.0,27.5398,71.9153,Bhadla_Solar_Park
2023-09-15 07:00:00,28.1,73,985.9,97,15.4,31.0,29.3,27.0,4.0,27.5398,71.9153,Bhadla_Solar_Park
2023-09-15 08:00:00,29.2,69,986.8,88,15.8,188.0,184.4,126.0,62.0,27.5398,71.9153,Bhadla_Solar_Park
2023-09-15 09:00:00,31.1,62,987.4,88,15.0,369.0,367.1,171.0,198.0,27.5398,71.9153,Bhadla_Solar_Park
2023-09-15 10:00:00,31.4,63,987.9,84,10.3,491.0,394.3,212.0,279.0,27.5398,71.9153,Bhadla_Solar_Park
2023-09-15 11:00:00,31.1,64,987.8,58,13.6,509.0,285.8,272.0,237.0,27.5398,71.9153,Bhadla_Solar_Park
2023-09-15 12:00:00,32.3,61,986.9,60,10.8,673.0,459.7,261.0,412.0,27.5398,71.9153,Bhadla_Solar_Park
2023-09-15 13:00:00,32.2,61,985.9,85,4.7,595.0,363.0,267.0,328.0,27.5398,71.9153,Bhadla_Solar_Park
2023-09-15 14:00:00,33.5,55,984.5,14,4.0,669.0,478.2,262.0,407.0,27.5398,71.9153,Bhadla_Solar_Park
2023-09-15 15:00:00,34.5,51,983.4,31,4.8,618.0,553.6,207.0,411.0,27.5398,71.9153,Bhadla_Solar_Park
2023-09-15 16:00:00,34.9,49,982.9,68,3.1,451.0,473.8,174.0,277.0,27.5398,71.9153,Bhadla_Solar_Park
2023-09-15 17:00:00,35.6,46,983.1,50,8.4,256.0,329.3,128.0,128.0,27.5398,71.9153,Bhadla_Solar_Park
2023-09-15 18:00:00,34.6,50,984.1,68,3.3,75.0,101.3,58.0,17.0,27.5398,71.9153,Bhadla_Solar_Park
2023-09-15 19:00:00,33.9,52,985.1,68,10.4,2.0,0.0,2.0,0.0,27.5398,71.9153,Bhadla_Solar_Park
2023-09-15 20:00:00,28.7,78,985.7,100,10.6,0.0,0.0,0.0,0.0,27.5398,71.9153,Bhadla_Solar_Park
2023-09-15 21:00:00,29.4,76,986.0,39,6.3,0.0,0.0,0.0,0.0,27.5398,71.9153,Bhadla_Solar_Park
2023-09-15 22:00:00,29.5,77,986.0,22,8.2,0.0,0.0,0.0,0.0,27.5398,71.9153,Bhadla_Solar_Park
2023-09-15 23:00:00,29.4,78,985.5,17,7.7,0.0,0.0,0.0,0.0,27.5398,71.9153,Bhadla_Solar_Park
2023-09-16 00:00:00,29.3,79,985.1,20,4.9,0.0,0.0,0.0,0.0,27.5398,71.9153,Bhadla_Solar_Park
2023-09-16 01:00:00,29.1,81,984.3,12,5.4,0.0,0.0,0.0,0.0,27.5398,71.9153,Bhadla_Solar_Park
2023-09-16 02:00:00,28.8,82,984.2,38,8.4,0.0,0.0,0.0,0.0,27.5398,71.9153,Bhadla_Solar_Park
2023-09-16 03:00:00,28.4,82,984.3,71,10.0,0.0,0.0,0.0,0.0,27.5398,71.9153,Bhadla_Solar_Park
2023-09-16 04:00:00,27.8,84,984.1,84,11.7,0.0,0.0,0.0,0.0,27.5398,71.9153,Bhadla_Solar_Park
2023-09-16 05:00:00,27.5,82,984.4,19,9.5,0.0,0.0,0.0,0.0,27.5398,71.9153,Bhadla_Solar_Park
2023-09-16 06:00:00,27.3,83,984.9,99,7.4,0.0,0.0,0.0,0.0,27.5398,71.9153,Bhadla_Solar_Park
2023-09-16 07:00:00,27.6,83,985.5,19,3.0,24.0,0.0,24.0,0.0,27.5398,71.9153,Bhadla_Solar_Park
2023-09-16 08:00:00,29.1,77,985.8,6,4.7,178.0,182.4,117.0,61.0,27.5398,71.9153,Bhadla_Solar_Park
2023-09-16 09:00:00,31.2,67,986.1,6,9.7,399.0,433.4,166.0,233.0,27.5398,71.9153,Bhadla_Solar_Park
2023-09-16 10:00:00,32.7,59,986.1,6,11.1,584.0,545.6,199.0,385.0,27.5398,71.9153,Bhadla_Solar_Park
2023-09-16 11:00:00,33.9,54,985.8,18,13.0,715.0,592.5,225.0,490.0,27.5398,71.9153,Bhadla_Solar_Park
2023-09-16 12:00:00,34.8,50,985.1,13,13.9,758.0,569.6,249.0,509.0,27.5398,71.9153,Bhadla_Solar_Park
2023-09-16 13:00:00,35.6,48,983.9,15,15.4,775.0,592.9,241.0,534.0,27.5398,71.9153,Bhadla_Solar_Park
2023-09-16 14:00:00,35.9,46,983.0,15,17.9,721.0,575.5,233.0,488.0,27.5398,71.9153,Bhadla_Solar_Park
2023-09-16 15:00:00,35.9,45,982.2,10,17.7,592.0,529.3,201.0,391.0,27.5398,71.9153,Bhadla_Solar_Park
2023-09-16 16:00:00,36.0,44,981.6,15,16.9,436.0,449.4,175.0,261.0,27.5398,71.9153,Bhadla_Solar_Park
2023-09-16 17:00:00,34.3,59,981.7,89,10.1,243.0,306.9,125.0,118.0,27.5398,71.9153,Bhadla_Solar_Park
2023-09-16 18:00:00,29.6,76,982.3,14,19.1,70.0,116.2,51.0,19.0,27.5398,71.9153,Bhadla_Solar_Park
2023-09-16 19:00:00,29.2,74,982.7,3,13.4,2.0,0.0,2.0,0.0,27.5398,71.9153,Bhadla_Solar_Park
2023-09-16 20:00:00,29.3,75,983.2,5,11.7,0.0,0.0,0.0,0.0,27.5398,71.9153,Bhadla_Solar_Park
2023-09-16 21:00:00,29.1,79,983.7,7,13.3,0.0,0.0,0.0,0.0,27.5398,71.9153,Bhadla_Solar_Park
2023-09-16 22:00:00,29.0,81,983.8,2,18.0,0.0,0.0,0.0,0.0,27.5398,71.9153,Bhadla_Solar_Park
2023-09-16 23:00:00,28.4,84,983.1,1,14.0,0.0,0.0,0.0,0.0,27.5398,71.9153,Bhadla_Solar_Park
2023-09-17 00:00:00,27.7,86,982.7,0,10.1,0.0,0.0,0.0,0.0,27.5398,71.9153,Bhadla_Solar_Park
2023-09-17 01:00:00,27.2,88,982.6,0,12.8,0.0,0.0,0.0,0.0,27.5398,71.9153,Bhadla_Solar_Park
2023-09-17 02:00:00,26.9,90,982.2,2,10.2,0.0,0.0,0.0,0.0,27.5398,71.9153,Bhadla_Solar_Park
2023-09-17 03:00:00,26.7,91,981.8,2,7.8,0.0,0.0,0.0,0.0,27.5398,71.9153,Bhadla_Solar_Park
2023-09-17 04:00:00,26.5,92,982.2,1,10.0,0.0,0.0,0.0,0.0,27.5398,71.9153,Bhadla_Solar_Park
2023-09-17 05:00:00,27.0,92,982.8,8,13.3,0.0,0.0,0.0,0.0,27.5398,71.9153,Bhadla_Solar_Park
2023-09-17 06:00:00,27.0,92,982.9,58,15.3,0.0,0.0,0.0,0.0,27.5398,71.9153,Bhadla_Solar_Park
2023-09-17 07:00:00,27.3,91,982.9,18,14.0,37.0,51.8,30.0,7.0,27.5398,71.9153,Bhadla_Solar_Park
2023-09-17 08:00:00,28.1,89,983.0,4,16.4,196.0,246.5,114.0,82.0,27.5398,71.9153,Bhadla_Solar_Park
2023-09-17 09:00:00,29.4,83,983.5,41,23.2,393.0,423.7,166.0,227.0,27.5398,71.9153,Bhadla_Solar_Park
2023-09-17 10:00:00,30.1,80,983.5,16,25.4,524.0,407.9,237.0,287.0,27.5398,71.9153,Bhadla_Solar_Park
2023-09-17 11:00:00,30.8,78,983.1,68,25.6,669.0,499.5,257.0,412.0,27.5398,71.9153,Bhadla_Solar_Park
2023-09-17 12:00:00,29.5,79,982.5,100,18.0,588.0,313.1,309.0,279.0,27.5398,71.9153,Bhadla_Solar_Park
2023-09-17 13:00:00,30.6,76,981.2,96,20.1,417.0,85.8,340.0,77.0,27.5398,71.9153,Bhadla_Solar_Park
2023-09-17 14:00:00,31.8,70,980.2,98,26.4,621.0,367.0,311.0,310.0,27.5398,71.9153,Bhadla_Solar_Park
2023-09-17 15:00:00,32.2,67,979.5,100,26.0,552.0,427.1,238.0,314.0,27.5398,71.9153,Bhadla_Solar_Park
2023-09-17 16:00:00,31.7,69,979.5,99,21.9,430.0,430.0,182.0,248.0,27.5398,71.9153,Bhadla_Solar_Park
2023-09-17 17:00:00,30.9,76,979.6,99,15.0,206.0,210.3,126.0,80.0,27.5398,71.9153,Bhadla_Solar_Park
2023-09-17 18:00:00,29.4,80,979.8,55,22.0,72.0,118.5,53.0,19.0,27.5398,71.9153,Bhadla_Solar_Park
2023-09-17 19:00:00,28.7,83,980.0,71,18.7,1.0,0.0,1.0,0.0,27.5398,71.9153,Bhadla_Solar_Park
2023-09-17 20:00:00,28.4,85,980.9,48,18.5,0.0,0.0,0.0,0.0,27.5398,71.9153,Bhadla_Solar_Park
2023-09-17 21:00:00,27.8,86,981.6,11,19.3,0.0,0.0,0.0,0.0,27.5398,71.9153,Bhadla_Solar_Park
2023-09-17 22:00:00,27.5,87,981.5,17,19.9,0.0,0.0,0.0,0.0,27.5398,71.9153,Bhadla_Solar_Park
2023-09-17 23:00:00,27.1,88,981.5,5,18.7,0.0,0.0,0.0,0.0,27.5398,71.9153,Bhadla_Solar_Park
2023-09-18 00:00:00,26.6,90,981.2,38,17.7,0.0,0.0,0.0,0.0,27.5398,71.9153,Bhadla_Solar_Park
2023-09-18 01:00:00,26.4,90,981.1,71,16.1,0.0,0.0,0.0,0.0,27.5398,71.9153,Bhadla_Solar_Park
2023-09-18 02:00:00,26.1,91,980.5,78,14.7,0.0,0.0,0.0,0.0,27.5398,71.9153,Bhadla_Solar_Park
2023-09-18 03:00:00,26.0,93,980.4,95,14.0,0.0,0.0,0.0,0.0,27.5398,71.9153,Bhadla_Solar_Park
2023-09-18 04:00:00,26.0,93,980.6,100,14.5,0.0,0.0,0.0,0.0,27.5398,71.9153,Bhadla_Solar_Park
2023-09-18 05:00:00,26.5,95,980.4,79,13.6,0.0,0.0,0.0,0.0,27.5398,71.9153,Bhadla_Solar_Park
2023-09-18 06:00:00,26.3,95,980.7,100,14.6,0.0,0.0,0.0,0.0,27.5398,71.9153,Bhadla_Solar_Park
2023-09-18 07:00:00,26.7,90,981.3,46,17.6,28.0,29.8,24.0,4.0,27.5398,71.9153,Bhadla_Solar_Park
2023-09-18 08:00:00,27.4,87,981.9,44,20.9,189.0,220.6,116.0,73.0,27.5398,71.9153,Bhadla_Solar_Park
2023-09-18 09:00:00,27.8,80,982.4,49,22.4,283.0,230.4,160.0,123.0,27.5398,71.9153,Bhadla_Solar_Park
2023-09-18 10:00:00,28.4,81,982.7,23,21.2,451.0,272.3,260.0,191.0,27.5398,71.9153,Bhadla_Solar_Park
2023-09-18 11:00:00,29.1,77,982.6,29,20.9,596.0,425.6,246.0,350.0,27.5398,71.9153,Bhadla_Solar_Park
2023-09-18 12:00:00,29.8,73,981.8,40,22.7,719.0,500.9,274.0,445.0,27.5398,71.9153,Bhadla_Solar_Park
2023-09-18 13:00:00,30.2,70,981.1,7,20.8,680.0,462.7,266.0,414.0,27.5398,71.9153,Bhadla_Solar_Park
2023-09-18 14:00:00,30.6,68,980.1,26,21.2,684.0,523.0,244.0,440.0,27.5398,71.9153,Bhadla_Solar_Park
2023-09-18 15:00:00,30.8,66,979.5,13,22.4,566.0,475.8,218.0,348.0,27.5398,71.9153,Bhadla_Solar_Park
2023-09-18 16:00:00,31.0,64,979.3,14,20.7,425.0,429.5,179.0,246.0,27.5398,71.9153,Bhadla_Solar_Park
2023-09-18 17:00:00,29.8,70,980.7,49,16.5,240.0,308.5,124.0,116.0,27.5398,71.9153,Bhadla_Solar_Park
2023-09-18 18:00:00,28.7,75,981.0,83,12.3,72.0,126.5,52.0,20.0,27.5398,71.9153,Bhadla_Solar_Park
2023-09-18 19:00:00,27.8,79,981.1,100,12.2,1.0,0.0,1.0,0.0,27.5398,71.9153,Bhadla_Solar_Park
2023-09-18 20:00:00,27.2,81,981.8,40,17.1,0.0,0.0,0.0,0.0,27.5398,71.9153,Bhadla_Solar_Park
2023-09-18 21:00:00,26.7,83,982.5,0,15.9,0.0,0.0,0.0,0.0,27.5398,71.9153,Bhadla_Solar_Park
2023-09-18 22:00:00,26.4,85,983.0,3,16.4,0.0,0.0,0.0,0.0,27.5398,71.9153,Bhadla_Solar_Park
2023-09-18 23:00:00,26.1,87,982.8,3,16.1,0.0,0.0,0.0,0.0,27.5398,71.9153,Bhadla_Solar_Park
2023-09-19 00:00:00,26.0,89,982.7,33,15.4,0.0,0.0,0.0,0.0,27.5398,71.9153,Bhadla_Solar_Park
2023-09-19 01:00:00,25.9,91,982.6,56,12.5,0.0,0.0,0.0,0.0,27.5398,71.9153,Bhadla_Solar_Park
2023-09-19 02:00:00,25.8,92,982.5,90,12.0,0.0,0.0,0.0,0.0,27.5398,71.9153,Bhadla_Solar_Park
2023-09-19 03:00:00,25.7,92,982.4,24,13.3,0.0,0.0,0.0,0.0,27.5398,71.9153,Bhadla_Solar_Park
2023-09-19 04:00:00,25.5,93,982.6,22,12.7,0.0,0.0,0.0,0.0,27.5398,71.9153,Bhadla_Solar_Park
2023-09-19 05:00:00,25.8,94,982.3,91,11.7,0.0,0.0,0.0,0.0,27.5398,71.9153,Bhadla_Solar_Park
2023-09-19 06:00:00,25.6,94,983.1,6,11.9,0.0,0.0,0.0,0.0,27.5398,71.9153,Bhadla_Solar_Park
2023-09-19 07:00:00,25.9,91,984.0,85,14.1,42.0,67.5,33.0,9.0,27.5398,71.9153,Bhadla_Solar_Park
2023-09-19 08:00:00,26.8,88,984.2,42,10.2,149.0,124.6,108.0,41.0,27.5398,71.9153,Bhadla_Solar_Park
2023-09-19 09:00:00,27.9,84,984.8,31,10.4,358.0,332.7,181.0,177.0,27.5398,71.9153,Bhadla_Solar_Park
2023-09-19 10:00:00,28.8,80,985.1,27,14.5,492.0,396.0,215.0,277.0,27.5398,71.9153,Bhadla_Solar_Park
2023-09-19 11:00:00,29.6,76,985.0,9,16.6,635.0,470.7,249.0,386.0,27.5398,71.9153,Bhadla_Solar_Park
2023-09-19 12:00:00,30.7,72,984.4,21,15.2,761.0,582.6,245.0,516.0,27.5398,71.9153,Bhadla_Solar_Park
2023-09-19 13:00:00,31.3,69,983.6,17,16.5,761.0,577.6,246.0,515.0,27.5398,71.9153,Bhadla_Solar_Park
2023-09-19 14:00:00,31.4,69,982.9,34,16.5,690.0,539.5,238.0,452.0,27.5398,71.9153,Bhadla_Solar_Park
2023-09-19 15:00:00,30.5,71,982.6,76,18.4,459.0,329.8,219.0,240.0,27.5398,71.9153,Bhadla_Solar_Park
2023-09-19 16:00:00,30.7,72,982.3,66,16.3,310.0,221.6,184.0,126.0,27.5398,71.9153,Bhadla_Solar_Park
2023-09-19 17:00:00,30.1,72,983.4,77,14.3,206.0,217.9,125.0,81.0,27.5398,71.9153,Bhadla_Solar_Park
2023-09-19 18:00:00,28.6,82,983.4,87,10.2,61.0,77.0,49.0,12.0,27.5398,71.9153,Bhadla_Solar_Park
2023-09-19 19:00:00,27.9,86,984.5,100,9.7,1.0,0.0,1.0,0.0,27.5398,71.9153,Bhadla_Solar_Park
2023-09-19 20:00:00,27.6,87,985.2,98,11.6,0.0,0.0,0.0,0.0,27.5398,71.9153,Bhadla_Solar_Park
2023-09-19 21:00:00,27.5,88,985.9,89,11.5,0.0,0.0,0.0,0.0,27.5398,71.9153,Bhadla_Solar_Park
2023-09-19 22:00:00,27.4,88,986.0,69,11.5,0.0,0.0,0.0,0.0,27.5398,71.9153,Bhadla_Solar_Park
2023-09-19 23:00:00,27.3,89,986.2,22,10.9,0.0,0.0,0.0,0.0,27.5398,71.9153,Bhadla_Solar_Park
2023-09-20 00:00:00,27.1,91,986.2,93,9.2,0.0,0.0,0.0,0.0,27.5398,71.9153,Bhadla_Solar_Park
2023-09-20 01:00:00,26.9,92,986.0,75,8.7,0.0,0.0,0.0,0.0,27.5398,71.9153,Bhadla_Solar_Park
2023-09-20 02:00:00,26.7,93,985.8,13,7.0,0.0,0.0,0.0,0.0,27.5398,71.9153,Bhadla_Solar_Park
2023-09-20 03:00:00,26.5,94,985.7,10,7.5,0.0,0.0,0.0,0.0,27.5398,71.9153,Bhadla_Solar_Park
2023-09-20 04:00:00,26.2,95,985.7,7,8.7,0.0,0.0,0.0,0.0,27.5398,71.9153,Bhadla_Solar_Park
2023-09-20 05:00:00,26.6,97,986.2,29,7.5,0.0,0.0,0.0,0.0,27.5398,71.9153,Bhadla_Solar_Park
2023-09-20 06:00:00,26.5,96,986.3,1,7.6,0.0,0.0,0.0,0.0,27.5398,71.9153,Bhadla_Solar_Park
2023-09-20 07:00:00,27.0,94,986.9,12,7.3,44.0,75.5,34.0,10.0,27.5398,71.9153,Bhadla_Solar_Park
2023-09-20 08:00:00,28.1,88,987.3,1,10.2,201.0,274.9,111.0,90.0,27.5398,71.9153,Bhadla_Solar_Park
2023-09-20 09:00:00,29.3,83,987.8,8,10.2,385.0,418.8,163.0,222.0,27.5398,71.9153,Bhadla_Solar_Park
2023-09-20 10:00:00,30.4,79,988.1,13,10.9,564.0,522.0,200.0,364.0,27.5398,71.9153,Bhadla_Solar_Park
2023-09-20 11:00:00,30.9,76,987.8,14,9.9,676.0,562.6,216.0,460.0,27.5398,71.9153,Bhadla_Solar_Park
2023-09-20 12:00:00,31.6,71,987.0,16,8.0,737.0,570.9,233.0,504.0,27.5398,71.9153,Bhadla_Solar_Park
2023-09-20 13:00:00,31.9,69,986.0,12,8.6,725.0,539.1,246.0,479.0,27.5398,71.9153,Bhadla_Solar_Park
2023-09-20 14:00:00,32.2,67,985.0,15,10.3,687.0,532.2,243.0,444.0,27.5398,71.9153,Bhadla_Solar_Park
2023-09-20 15:00:00,32.4,66,984.3,12,11.3,568.0,493.3,211.0,357.0,27.5398,71.9153,Bhadla_Solar_Park
2023-09-20 16:00:00,32.1,66,983.8,18,9.4,405.0,425.1,165.0,240.0,27.5398,71.9153,Bhadla_Solar_Park
2023-09-20 17:00:00,32.4,64,984.4,33,7.8,226.0,294.0,118.0,108.0,27.5398,71.9153,Bhadla_Solar_Park
2023-09-20 18:00:00,30.8,77,984.6,21,7.4,63.0,110.7,46.0,17.0,27.5398,71.9153,Bhadla_Solar_Park
2023-09-20 19:00:00,30.0,82,985.2,15,7.0,1.0,0.0,1.0,0.0,27.5398,71.9153,Bhadla_Solar_Park
2023-09-20 20:00:00,29.1,84,986.0,6,9.8,0.0,0.0,0.0,0.0,27.5398,71.9153,Bhadla_Solar_Park
2023-09-20 21:00:00,28.2,86,986.5,4,9.5,0.0,0.0,0.0,0.0,27.5398,71.9153,Bhadla_Solar_Park
2023-09-20 22:00:00,27.9,87,986.7,2,9.0,0.0,0.0,0.0,0.0,27.5398,71.9153,Bhadla_Solar_Park
2023-09-20 23:00:00,27.9,87,986.7,2,11.3,0.0,0.0,0.0,0.0,27.5398,71.9153,Bhadla_Solar_Park
2023-09-21 00:00:00,27.7,87,986.6,2,12.6,0.0,0.0,0.0,0.0,27.5398,71.9153,Bhadla_Solar_Park
2023-09-21 01:00:00,27.3,89,986.2,78,11.8,0.0,0.0,0.0,0.0,27.5398,71.9153,Bhadla_Solar_Park
2023-09-21 02:00:00,27.1,89,986.0,77,11.7,0.0,0.0,0.0,0.0,27.5398,71.9153,Bhadla_Solar_Park
2023-09-21 03:00:00,26.8,89,986.1,13,11.6,0.0,0.0,0.0,0.0,27.5398,71.9153,Bhadla_Solar_Park
2023-09-21 04:00:00,26.5,90,986.3,3,10.8,0.0,0.0,0.0,0.0,27.5398,71.9153,Bhadla_Solar_Park
2023-09-21 05:00:00,26.8,89,986.6,6,10.3,0.0,0.0,0.0,0.0,27.5398,71.9153,Bhadla_Solar_Park
2023-09-21 06:00:00,26.7,90,987.0,1,9.3,0.0,0.0,0.0,0.0,27.5398,71.9153,Bhadla_Solar_Park
2023-09-21 07:00:00,27.1,89,987.5,0,8.9,43.0,76.0,33.0,10.0,27.5398,71.9153,Bhadla_Solar_Park
2023-09-21 08:00:00,28.4,84,988.3,22,10.3,201.0,282.6,109.0,92.0,27.5398,71.9153,Bhadla_Solar_Park
2023-09-21 09:00:00,29.7,77,988.6,62,12.5,397.0,448.8,160.0,237.0,27.5398,71.9153,Bhadla_Solar_Park
2023-09-21 10:00:00,30.7,70,988.5,89,10.6,578.0,553.9,193.0,385.0,27.5398,71.9153,Bhadla_Solar_Park
2023-09-21 11:00:00,31.6,65,988.0,83,7.8,707.0,604.8,214.0,493.0,27.5398,71.9153,Bhadla_Solar_Park
2023-09-21 12:00:00,32.3,62,987.1,63,7.2,780.0,629.5,226.0,554.0,27.5398,71.9153,Bhadla_Solar_Park
2023-09-21 13:00:00,32.8,60,986.2,5,7.8,784.0,625.7,230.0,554.0,27.5398,71.9153,Bhadla_Solar_Park
2023-09-21 14:00:00,33.2,58,985.2,2,7.9,717.0,601.9,217.0,500.0,27.5398,71.9153,Bhadla_Solar_Park
2023-09-21 15:00:00,33.6,56,984.7,2,8.7,599.0,564.0,193.0,406.0,27.5398,71.9153,Bhadla_Solar_Park
2023-09-21 16:00:00,33.4,57,984.4,2,10.5,432.0,478.3,164.0,268.0,27.5398,71.9153,Bhadla_Solar_Park
2023-09-21 17:00:00,33.2,61,984.5,2,10.4,234.0,319.5,118.0,116.0,27.5398,71.9153,Bhadla_Solar_Park
2023-09-21 18:00:00,31.7,71,984.8,3,6.5,64.0,112.3,47.0,17.0,27.5398,71.9153,Bhadla_Solar_Park
2023-09-21 19:00:00,31.2,71,985.3,5,9.4,0.0,0.0,0.0,0.0,27.5398,71.9153,Bhadla_Solar_Park
2023-09-21 20:00:00,29.9,74,986.0,4,16.5,0.0,0.0,0.0,0.0,27.5398,71.9153,Bhadla_Solar_Park
2023-09-21 21:00:00,29.4,74,986.5,3,19.1,0.0,0.0,0.0,0.0,27.5398,71.9153,Bhadla_Solar_Park
2023-09-21 22:00:00,28.8,74,986.8,6,19.4,0.0,0.0,0.0,0.0,27.5398,71.9153,Bhadla_Solar_Park
2023-09-21 23:00:00,28.2,78,986.7,16,17.9,0.0,0.0,0.0,0.0,27.5398,71.9153,Bhadla_Solar_Park
2023-09-22 00:00:00,27.7,82,986.5,23,16.6,0.0,0.0,0.0,0.0,27.5398,71.9153,Bhadla_Solar_Park
2023-09-22 01:00:00,27.4,83,986.3,1,16.4,0.0,0.0,0.0,0.0,27.5398,71.9153,Bhadla_Solar_Park
2023-09-22 02:00:00,27.1,85,985.9,1,16.1,0.0,0.0,0.0,0.0,27.5398,71.9153,Bhadla_Solar_Park
2023-09-22 03:00:00,26.9,85,985.8,51,15.5,0.0,0.0,0.0,0.0,27.5398,71.9153,Bhadla_Solar_Park
2023-09-22 04:00:00,26.7,85,986.3,86,15.8,0.0,0.0,0.0,0.0,27.5398,71.9153,Bhadla_Solar_Park
2023-09-22 05:00:00,26.9,84,986.7,98,14.3,0.0,0.0,0.0,0.0,27.5398,71.9153,Bhadla_Solar_Park
2023-09-22 06:00:00,26.7,85,987.3,87,12.2,0.0,0.0,0.0,0.0,27.5398,71.9153,Bhadla_Solar_Park
2023-09-22 07:00:00,27.2,84,988.0,85,11.5,44.0,76.5,34.0,10.0,27.5398,71.9153,Bhadla_Solar_Park
2023-09-22 08:00:00,28.4,80,988.4,91,13.1,204.0,290.3,110.0,94.0,27.5398,71.9153,Bhadla_Solar_Park
2023-09-22 09:00:00,29.6,75,988.8,10,15.0,402.0,461.9,159.0,243.0,27.5398,71.9153,Bhadla_Solar_Park
2023-09-22 10:00:00,30.9,69,988.6,0,16.0,586.0,570.1,191.0,395.0,27.5398,71.9153,Bhadla_Solar_Park
2023-09-22 11:00:00,32.2,63,988.3,0,15.0,724.0,631.3,211.0,513.0,27.5398,71.9153,Bhadla_Solar_Park
2023-09-22 12:00:00,33.2,57,987.3,0,12.8,800.0,660.1,221.0,579.0,27.5398,71.9153,Bhadla_Solar_Park
2023-09-22 13:00:00,34.1,53,986.5,4,10.2,802.0,658.7,221.0,581.0,27.5398,71.9153,Bhadla_Solar_Park
2023-09-22 14:00:00,34.7,50,985.5,5,10.3,738.0,638.4,210.0,528.0,27.5398,71.9153,Bhadla_Solar_Park
2023-09-22 15:00:00,34.8,49,984.7,6,11.0,593.0,558.7,193.0,400.0,27.5398,71.9153,Bhadla_Solar_Park
2023-09-22 16:00:00,34.7,48,984.2,8,10.5,422.0,465.7,163.0,259.0,27.5398,71.9153,Bhadla_Solar_Park
2023-09-22 17:00:00,34.5,54,984.3,5,9.3,232.0,323.5,116.0,116.0,27.5398,71.9153,Bhadla_Solar_Park
2023-09-22 18:00:00,32.4,63,984.5,12,9.8,63.0,114.0,46.0,17.0,27.5398,71.9153,Bhadla_Solar_Park
2023-09-22 19:00:00,31.6,64,985.1,22,13.1,0.0,0.0,0.0,0.0,27.5398,71.9153,Bhadla_Solar_Park
2023-09-22 20:00:00,30.9,64,985.7,33,18.0,0.0,0.0,0.0,0.0,27.5398,71.9153,Bhadla_Solar_Park
2023-09-22 21:00:00,30.4,63,986.4,7,24.1,0.0,0.0,0.0,0.0,27.5398,71.9153,Bhadla_Solar_Park
2023-09-22 22:00:00,29.8,66,986.7,3,23.3,0.0,0.0,0.0,0.0,27.5398,71.9153,Bhadla_Solar_Park
2023-09-22 23:00:00,29.3,70,986.4,5,21.4,0.0,0.0,0.0,0.0,27.5398,71.9153,Bhadla_Solar_Park
2023-09-23 00:00:00,28.7,72,986.4,5,19.5,0.0,0.0,0.0,0.0,27.5398,71.9153,Bhadla_Solar_Park
2023-09-23 01:00:00,28.2,74,986.2,5,17.1,0.0,0.0,0.0,0.0,27.5398,71.9153,Bhadla_Solar_Park
2023-09-23 02:00:00,27.7,77,986.0,4,15.8,0.0,0.0,0.0,0.0,27.5398,71.9153,Bhadla_Solar_Park
2023-09-23 03:00:00,27.3,78,985.8,0,15.5,0.0,0.0,0.0,0.0,27.5398,71.9153,Bhadla_Solar_Park
2023-09-23 04:00:00,27.0,79,985.8,0,16.5,0.0,0.0,0.0,0.0,27.5398,71.9153,Bhadla_Solar_Park
2023-09-23 05:00:00,27.4,81,986.5,0,12.5,0.0,0.0,0.0,0.0,27.5398,71.9153,Bhadla_Solar_Park
2023-09-23 06:00:00,27.2,82,987.2,0,12.2,0.0,0.0,0.0,0.0,27.5398,71.9153,Bhadla_Solar_Park
2023-09-23 07:00:00,27.7,82,987.7,0,10.7,44.0,77.1,34.0,10.0,27.5398,71.9153,Bhadla_Solar_Park
2023-09-23 08:00:00,29.3,76,988.5,0,10.5,204.0,298.2,108.0,96.0,27.5398,71.9153,Bhadla_Solar_Park
2023-09-23 09:00:00,30.6,71,988.9,0,14.3,403.0,467.5,158.0,245.0,27.5398,71.9153,Bhadla_Solar_Park
2023-09-23 10:00:00,32.0,65,988.9,0,13.1,586.0,573.4,190.0,396.0,27.5398,71.9153,Bhadla_Solar_Park
2023-09-23 11:00:00,33.2,59,988.4,94,12.5,721.0,630.9,210.0,511.0,27.5398,71.9153,Bhadla_Solar_Park
2023-09-23 12:00:00,34.3,53,987.7,70,12.2,760.0,615.4,222.0,538.0,27.5398,71.9153,Bhadla_Solar_Park
2023-09-23 13:00:00,35.5,47,986.9,17,13.0,796.0,648.6,226.0,570.0,27.5398,71.9153,Bhadla_Solar_Park
2023-09-23 14:00:00,36.0,43,985.8,9,13.9,707.0,589.0,222.0,485.0,27.5398,71.9153,Bhadla_Solar_Park
2023-09-23 15:00:00,36.3,41,984.9,15,12.8,584.0,540.8,199.0,385.0,27.5398,71.9153,Bhadla_Solar_Park
2023-09-23 16:00:00,36.5,40,984.4,5,9.8,393.0,420.4,161.0,232.0,27.5398,71.9153,Bhadla_Solar_Park
2023-09-23 17:00:00,35.7,44,985.0,23,10.5,207.0,259.8,115.0,92.0,27.5398,71.9153,Bhadla_Solar_Park
2023-09-23 18:00:00,33.6,52,985.3,28,12.1,55.0,102.2,40.0,15.0,27.5398,71.9153,Bhadla_Solar_Park
2023-09-23 19:00:00,32.2,55,985.6,19,12.7,0.0,0.0,0.0,0.0,27.5398,71.9153,Bhadla_Solar_Park
2023-09-23 20:00:00,31.7,57,985.9,16,12.2,0.0,0.0,0.0,0.0,27.5398,71.9153,Bhadla_Solar_Park
2023-09-23 21:00:00,31.2,56,986.4,11,16.6,0.0,0.0,0.0,0.0,27.5398,71.9153,Bhadla_Solar_Park
2023-09-23 22:00:00,30.9,58,986.8,3,21.6,0.0,0.0,0.0,0.0,27.5398,71.9153,Bhadla_Solar_Park
2023-09-23 23:00:00,30.5,62,986.8,4,22.0,0.0,0.0,0.0,0.0,27.5398,71.9153,Bhadla_Solar_Park
2023-09-24 00:00:00,29.9,67,986.6,12,21.0,0.0,0.0,0.0,0.0,27.5398,71.9153,Bhadla_Solar_Park
2023-09-24 01:00:00,29.4,71,986.3,0,20.5,0.0,0.0,0.0,0.0,27.5398,71.9153,Bhadla_Solar_Park
2023-09-24 02:00:00,29.0,74,986.0,2,19.2,0.0,0.0,0.0,0.0,27.5398,71.9153,Bhadla_Solar_Park
2023-09-24 03:00:00,28.6,77,986.1,0,18.2,0.0,0.0,0.0,0.0,27.5398,71.9153,Bhadla_Solar_Park
2023-09-24 04:00:00,28.2,80,986.3,0,18.2,0.0,0.0,0.0,0.0,27.5398,71.9153,Bhadla_Solar_Park
2023-09-24 05:00:00,28.6,78,986.9,0,17.3,0.0,0.0,0.0,0.0,27.5398,71.9153,Bhadla_Solar_Park
2023-09-24 06:00:00,28.3,80,987.4,1,15.5,0.0,0.0,0.0,0.0,27.5398,71.9153,Bhadla_Solar_Park
2023-09-24 07:00:00,28.6,79,987.7,0,13.8,43.0,77.6,33.0,10.0,27.5398,71.9153,Bhadla_Solar_Park
2023-09-24 08:00:00,29.9,75,988.1,0,16.8,204.0,299.9,108.0,96.0,27.5398,71.9153,Bhadla_Solar_Park
2023-09-24 09:00:00,31.4,67,988.5,0,15.1,403.0,471.2,157.0,246.0,27.5398,71.9153,Bhadla_Solar_Park
2023-09-24 10:00:00,32.9,59,988.3,1,12.2,585.0,575.3,189.0,396.0,27.5398,71.9153,Bhadla_Solar_Park
2023-09-24 11:00:00,34.1,52,988.0,8,10.2,718.0,631.7,208.0,510.0,27.5398,71.9153,Bhadla_Solar_Park
2023-09-24 12:00:00,35.1,48,987.3,11,9.4,768.0,624.4,224.0,544.0,27.5398,71.9153,Bhadla_Solar_Park
2023-09-24 13:00:00,35.8,45,986.0,13,8.2,765.0,602.0,238.0,527.0,27.5398,71.9153,Bhadla_Solar_Park
2023-09-24 14:00:00,36.5,40,985.1,29,8.8,696.0,570.9,228.0,468.0,27.5398,71.9153,Bhadla_Solar_Park
2023-09-24 15:00:00,36.8,35,984.3,23,7.9,550.0,485.9,206.0,344.0,27.5398,71.9153,Bhadla_Solar_Park
2023-09-24 16:00:00,36.9,33,983.5,28,4.3,404.0,441.9,162.0,242.0,27.5398,71.9153,Bhadla_Solar_Park
2023-09-24 17:00:00,37.0,32,983.6,22,6.8,217.0,306.0,110.0,107.0,27.5398,71.9153,Bhadla_Solar_Park
2023-09-24 18:00:00,34.8,45,983.8,2,7.9,58.0,103.8,43.0,15.0,27.5398,71.9153,Bhadla_Solar_Park
2023-09-24 19:00:00,33.2,49,984.0,9,10.7,0.0,0.0,0.0,0.0,27.5398,71.9153,Bhadla_Solar_Park
2023-09-24 20:00:00,32.3,47,984.6,8,15.0,0.0,0.0,0.0,0.0,27.5398,71.9153,Bhadla_Solar_Park
2023-09-24 21:00:00,32.4,45,985.2,9,18.1,0.0,0.0,0.0,0.0,27.5398,71.9153,Bhadla_Solar_Park
2023-09-24 22:00:00,31.9,49,985.3,2,26.3,0.0,0.0,0.0,0.0,27.5398,71.9153,Bhadla_Solar_Park
2023-09-24 23:00:00,31.2,58,985.3,18,22.7,0.0,0.0,0.0,0.0,27.5398,71.9153,Bhadla_Solar_Park
2023-09-25 00:00:00,30.9,53,985.1,3,19.5,0.0,0.0,0.0,0.0,27.5398,71.9153,Bhadla_Solar_Park
2023-09-25 01:00:00,30.2,56,984.9,2,17.4,0.0,0.0,0.0,0.0,27.5398,71.9153,Bhadla_Solar_Park
2023-09-25 02:00:00,29.8,62,984.9,3,18.1,0.0,0.0,0.0,0.0,27.5398,71.9153,Bhadla_Solar_Park
2023-09-25 03:00:00,29.4,68,985.0,4,19.3,0.0,0.0,0.0,0.0,27.5398,71.9153,Bhadla_Solar_Park
2023-09-25 04:00:00,28.8,72,985.0,2,18.5,0.0,0.0,0.0,0.0,27.5398,71.9153,Bhadla_Solar_Park
2023-09-25 05:00:00,28.5,74,985.4,2,18.1,0.0,0.0,0.0,0.0,27.5398,71.9153,Bhadla_Solar_Park
2023-09-25 06:00:00,28.0,78,986.2,1,18.0,0.0,0.0,0.0,0.0,27.5398,71.9153,Bhadla_Solar_Park
2023-09-25 07:00:00,28.2,75,986.8,0,16.3,42.0,78.2,32.0,10.0,27.5398,71.9153,Bhadla_Solar_Park
2023-09-25 08:00:00,29.5,68,987.5,0,17.1,204.0,304.9,107.0,97.0,27.5398,71.9153,Bhadla_Solar_Park
2023-09-25 09:00:00,31.3,59,987.9,0,16.6,405.0,480.8,155.0,250.0,27.5398,71.9153,Bhadla_Solar_Park
2023-09-25 10:00:00,33.1,50,987.9,0,15.4,589.0,586.1,187.0,402.0,27.5398,71.9153,Bhadla_Solar_Park
2023-09-25 11:00:00,34.5,43,987.4,6,12.6,727.0,647.4,206.0,521.0,27.5398,71.9153,Bhadla_Solar_Park
2023-09-25 12:00:00,35.6,37,986.9,19,9.6,752.0,602.4,229.0,523.0,27.5398,71.9153,Bhadla_Solar_Park
2023-09-25 13:00:00,36.3,33,986.2,13,7.5,748.0,572.2,249.0,499.0,27.5398,71.9153,Bhadla_Solar_Park
2023-09-25 14:00:00,36.8,31,985.3,9,6.2,692.0,572.3,225.0,467.0,27.5398,71.9153,Bhadla_Solar_Park
2023-09-25 15:00:00,37.0,29,984.6,30,6.3,569.0,527.1,198.0,371.0,27.5398,71.9153,Bhadla_Solar_Park
2023-09-25 16:00:00,36.6,29,984.4,17,4.8,400.0,439.9,161.0,239.0,27.5398,71.9153,Bhadla_Solar_Park
2023-09-25 17:00:00,36.9,25,984.9,7,1.1,226.0,324.4,114.0,112.0,27.5398,71.9153,Bhadla_Solar_Park
2023-09-25 18:00:00,35.5,31,985.1,3,6.6,58.0,112.5,42.0,16.0,27.5398,71.9153,Bhadla_Solar_Park
2023-09-25 19:00:00,34.1,33,985.4,3,9.5,0.0,0.0,0.0,0.0,27.5398,71.9153,Bhadla_Solar_Park
2023-09-25 20:00:00,32.7,38,986.0,9,8.7,0.0,0.0,0.0,0.0,27.5398,71.9153,Bhadla_Solar_Park
2023-09-25 21:00:00,31.6,41,986.9,49,8.8,0.0,0.0,0.0,0.0,27.5398,71.9153,Bhadla_Solar_Park
2023-09-25 22:00:00,31.7,39,987.5,27,17.8,0.0,0.0,0.0,0.0,27.5398,71.9153,Bhadla_Solar_Park
2023-09-25 23:00:00,31.2,45,987.2,15,17.3,0.0,0.0,0.0,0.0,27.5398,71.9153,Bhadla_Solar_Park
2023-09-26 00:00:00,30.2,52,987.1,13,14.8,0.0,0.0,0.0,0.0,27.5398,71.9153,Bhadla_Solar_Park
2023-09-26 01:00:00,28.9,59,986.7,0,9.7,0.0,0.0,0.0,0.0,27.5398,71.9153,Bhadla_Solar_Park
2023-09-26 02:00:00,28.3,53,986.2,0,9.8,0.0,0.0,0.0,0.0,27.5398,71.9153,Bhadla_Solar_Park
2023-09-26 03:00:00,28.4,51,986.3,0,15.3,0.0,0.0,0.0,0.0,27.5398,71.9153,Bhadla_Solar_Park
2023-09-26 04:00:00,28.1,59,986.6,0,17.3,0.0,0.0,0.0,0.0,27.5398,71.9153,Bhadla_Solar_Park
2023-09-26 05:00:00,26.7,60,986.7,0,9.2,0.0,0.0,0.0,0.0,27.5398,71.9153,Bhadla_Solar_Park
2023-09-26 06:00:00,26.7,60,987.4,0,10.5,0.0,0.0,0.0,0.0,27.5398,71.9153,Bhadla_Solar_Park
2023-09-26 07:00:00,27.3,64,988.6,0,7.7,42.0,78.7,32.0,10.0,27.5398,71.9153,Bhadla_Solar_Park
2023-09-26 08:00:00,29.0,61,989.3,0,4.8,205.0,309.9,107.0,98.0,27.5398,71.9153,Bhadla_Solar_Park
2023-09-26 09:00:00,31.1,53,989.7,0,4.2,408.0,488.5,155.0,253.0,27.5398,71.9153,Bhadla_Solar_Park
2023-09-26 10:00:00,33.5,45,989.8,0,8.1,592.0,594.0,186.0,406.0,27.5398,71.9153,Bhadla_Solar_Park
2023-09-26 11:00:00,35.6,36,989.4,20,10.7,730.0,654.6,205.0,525.0,27.5398,71.9153,Bhadla_Solar_Park
2023-09-26 12:00:00,36.8,28,988.5,12,9.2,726.0,560.6,241.0,485.0,27.5398,71.9153,Bhadla_Solar_Park
2023-09-26 13:00:00,37.7,25,987.6,12,7.1,777.0,632.0,228.0,549.0,27.5398,71.9153,Bhadla_Solar_Park
2023-09-26 14:00:00,38.0,24,986.8,30,9.1,684.0,581.1,212.0,472.0,27.5398,71.9153,Bhadla_Solar_Park
2023-09-26 15:00:00,38.3,23,986.1,17,13.0,578.0,561.6,185.0,393.0,27.5398,71.9153,Bhadla_Solar_Park
2023-09-26 16:00:00,38.1,23,985.9,29,18.2,386.0,408.1,166.0,220.0,27.5398,71.9153,Bhadla_Solar_Park
2023-09-26 17:00:00,37.1,27,986.3,19,19.8,177.0,176.1,117.0,60.0,27.5398,71.9153,Bhadla_Solar_Park
2023-09-26 18:00:00,35.8,30,986.9,10,18.4,50.0,92.9,37.0,13.0,27.5398,71.9153,Bhadla_Solar_Park
2023-09-26 19:00:00,34.7,32,987.4,11,16.7,0.0,0.0,0.0,0.0,27.5398,71.9153,Bhadla_Solar_Park
2023-09-26 20:00:00,33.6,33,988.1,3,16.1,0.0,0.0,0.0,0.0,27.5398,71.9153,Bhadla_Solar_Park
2023-09-26 21:00:00,32.7,36,988.5,5,12.8,0.0,0.0,0.0,0.0,27.5398,71.9153,Bhadla_Solar_Park
2023-09-26 22:00:00,31.6,39,988.7,1,12.6,0.0,0.0,0.0,0.0,27.5398,71.9153,Bhadla_Solar_Park
2023-09-26 23:00:00,30.8,42,988.6,2,10.7,0.0,0.0,0.0,0.0,27.5398,71.9153,Bhadla_Solar_Park
2023-09-27 00:00:00,29.8,49,988.3,1,8.1,0.0,0.0,0.0,0.0,27.5398,71.9153,Bhadla_Solar_Park
2023-09-27 01:00:00,28.9,56,988.1,1,7.1,0.0,0.0,0.0,0.0,27.5398,71.9153,Bhadla_Solar_Park
2023-09-27 02:00:00,28.4,58,987.8,1,7.6,0.0,0.0,0.0,0.0,27.5398,71.9153,Bhadla_Solar_Park
2023-09-27 03:00:00,27.9,60,987.9,1,8.4,0.0,0.0,0.0,0.0,27.5398,71.9153,Bhadla_Solar_Park
2023-09-27 04:00:00,27.6,61,987.9,0,9.9,0.0,0.0,0.0,0.0,27.5398,71.9153,Bhadla_Solar_Park
2023-09-27 05:00:00,27.5,66,988.6,0,8.6,0.0,0.0,0.0,0.0,27.5398,71.9153,Bhadla_Solar_Park
2023-09-27 06:00:00,27.3,68,989.0,0,8.3,0.0,0.0,0.0,0.0,27.5398,71.9153,Bhadla_Solar_Park
2023-09-27 07:00:00,28.0,65,989.6,0,7.0,41.0,79.3,31.0,10.0,27.5398,71.9153,Bhadla_Solar_Park
2023-09-27 08:00:00,30.4,56,990.2,0,8.0,201.0,302.3,106.0,95.0,27.5398,71.9153,Bhadla_Solar_Park
2023-09-27 09:00:00,32.9,46,990.5,0,10.2,402.0,480.9,154.0,248.0,27.5398,71.9153,Bhadla_Solar_Park
2023-09-27 10:00:00,34.7,39,990.1,0,9.6,586.0,588.7,185.0,401.0,27.5398,71.9153,Bhadla_Solar_Park
2023-09-27 11:00:00,36.0,33,989.6,9,7.7,724.0,650.6,204.0,520.0,27.5398,71.9153,Bhadla_Solar_Park
2023-09-27 12:00:00,37.0,28,988.5,15,8.2,793.0,669.3,216.0,577.0,27.5398,71.9153,Bhadla_Solar_Park
2023-09-27 13:00:00,37.6,25,987.6,19,9.8,732.0,590.6,221.0,511.0,27.5398,71.9153,Bhadla_Solar_Park
2023-09-27 14:00:00,38.0,23,986.9,27,10.2,680.0,576.4,214.0,466.0,27.5398,71.9153,Bhadla_Solar_Park
2023-09-27 15:00:00,38.1,22,986.2,9,10.0,553.0,514.6,195.0,358.0,27.5398,71.9153,Bhadla_Solar_Park
2023-09-27 16:00:00,38.0,22,985.9,7,10.8,406.0,460.1,160.0,246.0,27.5398,71.9153,Bhadla_Solar_Park
2023-09-27 17:00:00,37.5,23,986.3,8,13.8,214.0,315.2,108.0,106.0,27.5398,71.9153,Bhadla_Solar_Park
2023-09-27 18:00:00,36.6,24,986.4,9,9.4,48.0,87.2,36.0,12.0,27.5398,71.9153,Bhadla_Solar_Park
2023-09-27 19:00:00,34.9,30,986.6,14,6.4,0.0,0.0,0.0,0.0,27.5398,71.9153,Bhadla_Solar_Park
2023-09-27 20:00:00,33.7,31,987.3,20,8.2,0.0,0.0,0.0,0.0,27.5398,71.9153,Bhadla_Solar_Park
2023-09-27 21:00:00,32.3,35,987.8,11,8.3,0.0,0.0,0.0,0.0,27.5398,71.9153,Bhadla_Solar_Park
2023-09-27 22:00:00,30.9,44,987.9,1,5.8,0.0,0.0,0.0,0.0,27.5398,71.9153,Bhadla_Solar_Park
2023-09-27 23:00:00,30.2,42,987.7,0,8.5,0.0,0.0,0.0,0.0,27.5398,71.9153,Bhadla_Solar_Park
2023-09-28 00:00:00,29.6,41,987.4,1,13.5,0.0,0.0,0.0,0.0,27.5398,71.9153,Bhadla_Solar_Park
2023-09-28 01:00:00,29.4,40,987.0,0,13.8,0.0,0.0,0.0,0.0,27.5398,71.9153,Bhadla_Solar_Park
2023-09-28 02:00:00,28.6,41,986.4,0,12.5,0.0,0.0,0.0,0.0,27.5398,71.9153,Bhadla_Solar_Park
2023-09-28 03:00:00,27.9,43,986.0,0,11.2,0.0,0.0,0.0,0.0,27.5398,71.9153,Bhadla_Solar_Park
2023-09-28 04:00:00,26.8,47,986.2,0,9.0,0.0,0.0,0.0,0.0,27.5398,71.9153,Bhadla_Solar_Park
2023-09-28 05:00:00,27.3,42,987.4,0,12.5,0.0,0.0,0.0,0.0,27.5398,71.9153,Bhadla_Solar_Park
2023-09-28 06:00:00,26.5,47,987.7,0,10.2,0.0,0.0,0.0,0.0,27.5398,71.9153,Bhadla_Solar_Park
2023-09-28 07:00:00,27.0,47,988.2,0,6.6,41.0,79.9,31.0,10.0,27.5398,71.9153,Bhadla_Solar_Park
2023-09-28 08:00:00,29.7,40,989.0,0,5.8,206.0,323.4,105.0,101.0,27.5398,71.9153,Bhadla_Solar_Park
2023-09-28 09:00:00,33.0,34,989.6,0,6.1,410.0,502.4,152.0,258.0,27.5398,71.9153,Bhadla_Solar_Park
2023-09-28 10:00:00,35.3,32,989.7,0,5.2,596.0,608.6,183.0,413.0,27.5398,71.9153,Bhadla_Solar_Park
2023-09-28 11:00:00,36.8,24,989.2,5,3.3,734.0,666.7,203.0,531.0,27.5398,71.9153,Bhadla_Solar_Park
2023-09-28 12:00:00,37.5,22,988.3,14,1.8,802.0,686.9,212.0,590.0,27.5398,71.9153,Bhadla_Solar_Park
2023-09-28 13:00:00,37.9,21,987.3,10,1.1,783.0,656.9,217.0,566.0,27.5398,71.9153,Bhadla_Solar_Park
2023-09-28 14:00:00,38.2,20,986.4,12,0.7,713.0,628.9,207.0,506.0,27.5398,71.9153,Bhadla_Solar_Park
2023-09-28 15:00:00,38.2,19,985.5,15,1.5,564.0,537.8,192.0,372.0,27.5398,71.9153,Bhadla_Solar_Park
2023-09-28 16:00:00,37.9,18,985.1,12,3.3,397.0,452.5,157.0,240.0,27.5398,71.9153,Bhadla_Solar_Park
2023-09-28 17:00:00,38.8,17,984.7,18,7.1,206.0,301.3,106.0,100.0,27.5398,71.9153,Bhadla_Solar_Park
2023-09-28 18:00:00,37.5,20,985.1,31,6.0,46.0,88.6,34.0,12.0,27.5398,71.9153,Bhadla_Solar_Park
2023-09-28 19:00:00,35.5,23,985.7,54,7.4,0.0,0.0,0.0,0.0,27.5398,71.9153,Bhadla_Solar_Park
2023-09-28 20:00:00,33.9,27,986.2,19,5.7,0.0,0.0,0.0,0.0,27.5398,71.9153,Bhadla_Solar_Park
2023-09-28 21:00:00,33.4,27,986.7,24,14.3,0.0,0.0,0.0,0.0,27.5398,71.9153,Bhadla_Solar_Park
2023-09-28 22:00:00,33.3,30,987.0,7,21.3,0.0,0.0,0.0,0.0,27.5398,71.9153,Bhadla_Solar_Park
2023-09-28 23:00:00,31.9,40,986.8,10,21.0,0.0,0.0,0.0,0.0,27.5398,71.9153,Bhadla_Solar_Park
2023-09-29 00:00:00,31.1,43,986.4,0,18.2,0.0,0.0,0.0,0.0,27.5398,71.9153,Bhadla_Solar_Park
2023-09-29 01:00:00,30.2,47,986.0,0,14.8,0.0,0.0,0.0,0.0,27.5398,71.9153,Bhadla_Solar_Park
2023-09-29 02:00:00,29.5,49,985.6,0,13.5,0.0,0.0,0.0,0.0,27.5398,71.9153,Bhadla_Solar_Park
2023-09-29 03:00:00,28.8,51,985.6,0,13.2,0.0,0.0,0.0,0.0,27.5398,71.9153,Bhadla_Solar_Park
2023-09-29 04:00:00,28.0,53,985.9,0,13.8,0.0,0.0,0.0,0.0,27.5398,71.9153,Bhadla_Solar_Park
2023-09-29 05:00:00,28.9,58,986.3,0,12.0,0.0,0.0,0.0,0.0,27.5398,71.9153,Bhadla_Solar_Park
2023-09-29 06:00:00,28.0,62,986.9,14,8.5,0.0,0.0,0.0,0.0,27.5398,71.9153,Bhadla_Solar_Park
2023-09-29 07:00:00,29.0,58,987.8,4,9.7,40.0,80.6,30.0,10.0,27.5398,71.9153,Bhadla_Solar_Park
2023-09-29 08:00:00,31.0,52,988.3,0,11.5,201.0,309.4,105.0,96.0,27.5398,71.9153,Bhadla_Solar_Park
2023-09-29 09:00:00,33.5,44,988.6,0,13.8,412.0,510.5,151.0,261.0,27.5398,71.9153,Bhadla_Solar_Park
2023-09-29 10:00:00,36.6,30,988.7,1,15.9,599.0,618.2,181.0,418.0,27.5398,71.9153,Bhadla_Solar_Park
2023-09-29 11:00:00,38.6,18,988.0,0,15.6,737.0,675.4,201.0,536.0,27.5398,71.9153,Bhadla_Solar_Park
2023-09-29 12:00:00,39.3,15,987.1,6,13.4,775.0,650.9,218.0,557.0,27.5398,71.9153,Bhadla_Solar_Park
2023-09-29 13:00:00,39.8,14,986.1,3,11.6,795.0,675.9,215.0,580.0,27.5398,71.9153,Bhadla_Solar_Park
2023-09-29 14:00:00,40.1,12,985.0,2,9.7,740.0,669.3,204.0,536.0,27.5398,71.9153,Bhadla_Solar_Park
2023-09-29 15:00:00,40.2,11,984.4,2,8.0,616.0,626.9,185.0,431.0,27.5398,71.9153,Bhadla_Solar_Park
2023-09-29 16:00:00,40.2,10,983.7,29,7.4,437.0,538.0,154.0,283.0,27.5398,71.9153,Bhadla_Solar_Park
2023-09-29 17:00:00,38.7,11,984.7,49,16.6,194.0,259.6,109.0,85.0,27.5398,71.9153,Bhadla_Solar_Park
2023-09-29 18:00:00,37.3,11,984.7,1,20.0,50.0,105.2,36.0,14.0,27.5398,71.9153,Bhadla_Solar_Park
2023-09-29 19:00:00,36.6,10,985.3,0,20.9,0.0,0.0,0.0,0.0,27.5398,71.9153,Bhadla_Solar_Park
2023-09-29 20:00:00,34.3,14,986.3,0,20.3,0.0,0.0,0.0,0.0,27.5398,71.9153,Bhadla_Solar_Park
2023-09-29 21:00:00,32.2,18,987.1,0,12.6,0.0,0.0,0.0,0.0,27.5398,71.9153,Bhadla_Solar_Park
2023-09-29 22:00:00,30.2,22,987.5,0,10.7,0.0,0.0,0.0,0.0,27.5398,71.9153,Bhadla_Solar_Park
2023-09-29 23:00:00,28.8,27,987.2,0,10.5,0.0,0.0,0.0,0.0,27.5398,71.9153,Bhadla_Solar_Park
2023-09-30 00:00:00,28.6,21,987.5,0,14.3,0.0,0.0,0.0,0.0,27.5398,71.9153,Bhadla_Solar_Park
2023-09-30 01:00:00,28.1,25,987.1,0,13.4,0.0,0.0,0.0,0.0,27.5398,71.9153,Bhadla_Solar_Park
2023-09-30 02:00:00,26.0,36,986.9,0,7.7,0.0,0.0,0.0,0.0,27.5398,71.9153,Bhadla_Solar_Park
2023-09-30 03:00:00,25.7,37,986.9,0,6.2,0.0,0.0,0.0,0.0,27.5398,71.9153,Bhadla_Solar_Park
2023-09-30 04:00:00,25.2,37,986.9,0,9.0,0.0,0.0,0.0,0.0,27.5398,71.9153,Bhadla_Solar_Park
2023-09-30 05:00:00,24.8,43,987.6,0,10.9,0.0,0.0,0.0,0.0,27.5398,71.9153,Bhadla_Solar_Park
2023-09-30 06:00:00,24.5,50,988.2,0,12.1,0.0,0.0,0.0,0.0,27.5398,71.9153,Bhadla_Solar_Park
2023-09-30 07:00:00,25.6,53,988.8,0,12.6,41.0,81.2,31.0,10.0,27.5398,71.9153,Bhadla_Solar_Park
2023-09-30 08:00:00,27.9,52,989.5,0,8.6,206.0,327.6,105.0,101.0,27.5398,71.9153,Bhadla_Solar_Park
2023-09-30 09:00:00,30.7,49,989.9,0,12.4,411.0,508.8,152.0,259.0,27.5398,71.9153,Bhadla_Solar_Park
2023-09-30 10:00:00,33.4,40,990.1,0,14.8,597.0,616.1,182.0,415.0,27.5398,71.9153,Bhadla_Solar_Park
2023-09-30 11:00:00,35.4,31,989.7,0,13.0,734.0,675.3,200.0,534.0,27.5398,71.9153,Bhadla_Solar_Park
2023-09-30 12:00:00,36.8,24,988.8,14,8.7,809.0,703.8,209.0,600.0,27.5398,71.9153,Bhadla_Solar_Park
2023-09-30 13:00:00,37.8,19,988.0,12,4.8,767.0,643.6,217.0,550.0,27.5398,71.9153,Bhadla_Solar_Park
2023-09-30 14:00:00,38.2,16,987.0,15,3.6,683.0,588.5,214.0,469.0,27.5398,71.9153,Bhadla_Solar_Park
2023-09-30 15:00:00,38.4,15,986.1,30,1.1,572.0,554.6,193.0,379.0,27.5398,71.9153,Bhadla_Solar_Park
2023-09-30 16:00:00,38.4,14,985.7,39,0.7,380.0,417.8,162.0,218.0,27.5398,71.9153,Bhadla_Solar_Park
2023-09-30 17:00:00,38.0,15,986.2,96,11.8,208.0,306.5,109.0,99.0,27.5398,71.9153,Bhadla_Solar_Park
2023-09-30 18:00:00,36.2,17,986.1,7,16.2,47.0,91.7,35.0,12.0,27.5398,71.9153,Bhadla_Solar_Park
2023-09-30 19:00:00,34.6,19,986.2,4,17.3,0.0,0.0,0.0,0.0,27.5398,71.9153,Bhadla_Solar_Park
2023-09-30 20:00:00,33.4,21,986.6,0,17.5,0.0,0.0,0.0,0.0,27.5398,71.9153,Bhadla_Solar_Park
2023-09-30 21:00:00,32.5,23,987.1,0,19.2,0.0,0.0,0.0,0.0,27.5398,71.9153,Bhadla_Solar_Park
2023-09-30 22:00:00,31.3,26,987.6,0,18.0,0.0,0.0,0.0,0.0,27.5398,71.9153,Bhadla_Solar_Park
2023-09-30 23:00:00,30.1,30,987.5,1,14.2,0.0,0.0,0.0,0.0,27.5398,71.9153,Bhadla_Solar_Park
2023-10-01 00:00:00,28.6,35,987.5,18,10.2,0.0,0.0,0.0,0.0,27.5398,71.9153,Bhadla_Solar_Park
2023-10-01 01:00:00,27.8,39,987.4,97,10.3,0.0,0.0,0.0,0.0,27.5398,71.9153,Bhadla_Solar_Park
2023-10-01 02:00:00,27.5,40,986.8,96,8.2,0.0,0.0,0.0,0.0,27.5398,71.9153,Bhadla_Solar_Park
2023-10-01 03:00:00,27.5,39,986.6,71,10.1,0.0,0.0,0.0,0.0,27.5398,71.9153,Bhadla_Solar_Park
2023-10-01 04:00:00,27.0,42,986.6,64,10.6,0.0,0.0,0.0,0.0,27.5398,71.9153,Bhadla_Solar_Park
2023-10-01 05:00:00,26.9,50,987.0,60,10.4,0.0,0.0,0.0,0.0,27.5398,71.9153,Bhadla_Solar_Park
2023-10-01 06:00:00,27.3,52,987.3,1,13.9,0.0,0.0,0.0,0.0,27.5398,71.9153,Bhadla_Solar_Park
2023-10-01 07:00:00,28.0,54,987.6,45,13.5,33.0,49.1,27.0,6.0,27.5398,71.9153,Bhadla_Solar_Park
2023-10-01 08:00:00,29.5,53,988.1,86,15.1,159.0,153.5,112.0,47.0,27.5398,71.9153,Bhadla_Solar_Park
2023-10-01 09:00:00,30.9,50,988.7,41,9.9,257.0,108.5,202.0,55.0,27.5398,71.9153,Bhadla_Solar_Park
2023-10-01 10:00:00,33.1,39,989.0,83,11.7,492.0,396.4,226.0,266.0,27.5398,71.9153,Bhadla_Solar_Park
2023-10-01 11:00:00,34.7,28,988.6,71,13.4,492.0,170.1,358.0,134.0,27.5398,71.9153,Bhadla_Solar_Park
2023-10-01 12:00:00,36.6,18,987.7,22,9.5,723.0,505.2,294.0,429.0,27.5398,71.9153,Bhadla_Solar_Park
2023-10-01 13:00:00,37.3,17,986.7,25,7.9,768.0,627.5,234.0,534.0,27.5398,71.9153,Bhadla_Solar_Park
2023-10-01 14:00:00,37.6,17,985.5,20,3.9,688.0,583.8,225.0,463.0,27.5398,71.9153,Bhadla_Solar_Park
2023-10-01 15:00:00,37.8,16,984.7,9,1.3,566.0,543.2,197.0,369.0,27.5398,71.9153,Bhadla_Solar_Park
2023-10-01 16:00:00,37.6,16,984.1,10,3.7,380.0,407.8,169.0,211.0,27.5398,71.9153,Bhadla_Solar_Park
2023-10-01 17:00:00,37.6,15,984.7,5,7.4,210.0,310.7,111.0,99.0,27.5398,71.9153,Bhadla_Solar_Park
2023-10-01 18:00:00,36.1,16,984.9,5,12.8,45.0,93.3,33.0,12.0,27.5398,71.9153,Bhadla_Solar_Park
2023-10-01 19:00:00,34.7,19,985.2,3,16.1,0.0,0.0,0.0,0.0,27.5398,71.9153,Bhadla_Solar_Park
2023-10-01 20:00:00,33.4,21,985.8,0,14.1,0.0,0.0,0.0,0.0,27.5398,71.9153,Bhadla_Solar_Park
2023-10-01 21:00:00,31.1,26,986.2,1,8.7,0.0,0.0,0.0,0.0,27.5398,71.9153,Bhadla_Solar_Park
2023-10-01 22:00:00,30.1,27,986.5,3,10.7,0.0,0.0,0.0,0.0,27.5398,71.9153,Bhadla_Solar_Park
2023-10-01 23:00:00,28.7,33,986.2,1,7.6,0.0,0.0,0.0,0.0,27.5398,71.9153,Bhadla_Solar_Park
2023-10-02 00:00:00,27.9,32,986.7,3,10.3,0.0,0.0,0.0,0.0,27.5398,71.9153,Bhadla_Solar_Park
2023-10-02 01:00:00,26.6,36,986.7,0,8.4,0.0,0.0,0.0,0.0,27.5398,71.9153,Bhadla_Solar_Park
2023-10-02 02:00:00,26.1,36,986.4,0,9.9,0.0,0.0,0.0,0.0,27.5398,71.9153,Bhadla_Solar_Park
2023-10-02 03:00:00,25.0,43,986.3,0,7.1,0.0,0.0,0.0,0.0,27.5398,71.9153,Bhadla_Solar_Park
2023-10-02 04:00:00,25.6,40,986.4,0,5.2,0.0,0.0,0.0,0.0,27.5398,71.9153,Bhadla_Solar_Park
2023-10-02 05:00:00,25.7,40,986.7,0,10.8,0.0,0.0,0.0,0.0,27.5398,71.9153,Bhadla_Solar_Park
2023-10-02 06:00:00,25.0,41,987.2,5,11.6,0.0,0.0,0.0,0.0,27.5398,71.9153,Bhadla_Solar_Park
2023-10-02 07:00:00,25.9,39,987.8,0,9.7,39.0,82.6,29.0,10.0,27.5398,71.9153,Bhadla_Solar_Park
2023-10-02 08:00:00,29.3,33,988.6,0,8.6,203.0,325.5,104.0,99.0,27.5398,71.9153,Bhadla_Solar_Park
2023-10-02 09:00:00,32.7,26,989.2,0,9.2,408.0,511.5,150.0,258.0,27.5398,71.9153,Bhadla_Solar_Park
2023-10-02 10:00:00,35.3,21,989.2,0,5.3,596.0,622.4,180.0,416.0,27.5398,71.9153,Bhadla_Solar_Park
2023-10-02 11:00:00,37.1,15,988.8,0,6.6,738.0,685.4,200.0,538.0,27.5398,71.9153,Bhadla_Solar_Park
2023-10-02 12:00:00,37.7,14,988.1,0,7.4,816.0,717.5,209.0,607.0,27.5398,71.9153,Bhadla_Solar_Park
2023-10-02 13:00:00,38.2,13,987.3,0,8.4,818.0,719.8,208.0,610.0,27.5398,71.9153,Bhadla_Solar_Park
2023-10-02 14:00:00,38.5,13,986.4,0,9.3,747.0,694.4,199.0,548.0,27.5398,71.9153,Bhadla_Solar_Park
2023-10-02 15:00:00,38.7,12,985.8,0,9.2,611.0,636.9,181.0,430.0,27.5398,71.9153,Bhadla_Solar_Park
2023-10-02 16:00:00,38.6,12,985.5,0,9.7,425.0,533.9,151.0,274.0,27.5398,71.9153,Bhadla_Solar_Park
2023-10-02 17:00:00,37.7,12,986.1,0,11.6,217.0,353.2,106.0,111.0,27.5398,71.9153,Bhadla_Solar_Park
2023-10-02 18:00:00,35.9,13,986.4,0,11.3,46.0,102.9,33.0,13.0,27.5398,71.9153,Bhadla_Solar_Park
2023-10-02 19:00:00,34.4,14,986.8,0,13.9,0.0,0.0,0.0,0.0,27.5398,71.9153,Bhadla_Solar_Park
2023-10-02 20:00:00,32.6,16,987.2,0,10.8,0.0,0.0,0.0,0.0,27.5398,71.9153,Bhadla_Solar_Park
2023-10-02 21:00:00,30.5,22,987.7,0,7.4,0.0,0.0,0.0,0.0,27.5398,71.9153,Bhadla_Solar_Park
2023-10-02 22:00:00,29.3,22,987.9,0,9.7,0.0,0.0,0.0,0.0,27.5398,71.9153,Bhadla_Solar_Park
2023-10-02 23:00:00,29.6,17,988.0,0,17.4,0.0,0.0,0.0,0.0,27.5398,71.9153,Bhadla_Solar_Park
2023-10-03 00:00:00,27.8,30,987.9,0,6.8,0.0,0.0,0.0,0.0,27.5398,71.9153,Bhadla_Solar_Park
2023-10-03 01:00:00,26.7,25,988.0,0,13.2,0.0,0.0,0.0,0.0,27.5398,71.9153,Bhadla_Solar_Park
2023-10-03 02:00:00,25.9,25,987.5,0,13.3,0.0,0.0,0.0,0.0,27.5398,71.9153,Bhadla_Solar_Park
2023-10-03 03:00:00,24.4,27,987.4,0,10.9,0.0,0.0,0.0,0.0,27.5398,71.9153,Bhadla_Solar_Park
2023-10-03 04:00:00,24.3,28,987.4,0,13.0,0.0,0.0,0.0,0.0,27.5398,71.9153,Bhadla_Solar_Park
2023-10-03 05:00:00,23.2,38,988.0,0,10.5,0.0,0.0,0.0,0.0,27.5398,71.9153,Bhadla_Solar_Park
2023-10-03 06:00:00,23.3,32,988.8,0,15.5,0.0,0.0,0.0,0.0,27.5398,71.9153,Bhadla_Solar_Park
2023-10-03 07:00:00,24.7,26,989.6,0,13.7,40.0,83.3,30.0,10.0,27.5398,71.9153,Bhadla_Solar_Park
2023-10-03 08:00:00,28.4,22,990.4,0,11.8,209.0,344.4,105.0,104.0,27.5398,71.9153,Bhadla_Solar_Park
2023-10-03 09:00:00,32.6,19,991.1,0,8.9,420.0,533.8,152.0,268.0,27.5398,71.9153,Bhadla_Solar_Park
2023-10-03 10:00:00,35.9,15,991.3,0,13.2,610.0,642.9,182.0,428.0,27.5398,71.9153,Bhadla_Solar_Park
2023-10-03 11:00:00,37.4,10,990.6,0,11.5,751.0,703.4,201.0,550.0,27.5398,71.9153,Bhadla_Solar_Park
2023-10-03 12:00:00,38.1,9,989.7,0,10.5,826.0,731.0,210.0,616.0,27.5398,71.9153,Bhadla_Solar_Park
2023-10-03 13:00:00,38.5,9,988.5,0,10.1,828.0,732.4,210.0,618.0,27.5398,71.9153,Bhadla_Solar_Park
2023-10-03 14:00:00,38.8,9,987.8,0,9.8,756.0,708.0,200.0,556.0,27.5398,71.9153,Bhadla_Solar_Park
2023-10-03 15:00:00,39.0,9,987.1,0,9.8,617.0,649.7,181.0,436.0,27.5398,71.9153,Bhadla_Solar_Park
2023-10-03 16:00:00,39.0,10,986.9,0,10.4,428.0,542.3,152.0,276.0,27.5398,71.9153,Bhadla_Solar_Park
2023-10-03 17:00:00,38.0,7,987.3,0,16.6,217.0,358.2,106.0,111.0,27.5398,71.9153,Bhadla_Solar_Park
2023-10-03 18:00:00,35.7,8,987.5,0,15.0,44.0,96.6,32.0,12.0,27.5398,71.9153,Bhadla_Solar_Park
2023-10-03 19:00:00,33.4,10,988.0,0,10.5,0.0,0.0,0.0,0.0,27.5398,71.9153,Bhadla_Solar_Park
2023-10-03 20:00:00,31.6,15,988.4,0,7.1,0.0,0.0,0.0,0.0,27.5398,71.9153,Bhadla_Solar_Park
2023-10-03 21:00:00,29.9,16,988.8,0,9.9,0.0,0.0,0.0,0.0,27.5398,71.9153,Bhadla_Solar_Park
2023-10-03 22:00:00,28.8,19,989.0,0,8.4,0.0,0.0,0.0,0.0,27.5398,71.9153,Bhadla_Solar_Park
2023-10-03 23:00:00,32.4,12,989.1,0,4.0,0.0,0.0,0.0,0.0,27.5398,71.9153,Bhadla_Solar_Park
2023-10-04 00:00:00,28.3,20,988.7,0,6.9,0.0,0.0,0.0,0.0,27.5398,71.9153,Bhadla_Solar_Park
2023-10-04 01:00:00,27.9,20,988.4,0,5.4,0.0,0.0,0.0,0.0,27.5398,71.9153,Bhadla_Solar_Park
2023-10-04 02:00:00,24.8,22,987.9,0,13.0,0.0,0.0,0.0,0.0,27.5398,71.9153,Bhadla_Solar_Park
2023-10-04 03:00:00,23.9,23,987.9,0,12.7,0.0,0.0,0.0,0.0,27.5398,71.9153,Bhadla_Solar_Park
2023-10-04 04:00:00,24.1,25,987.7,0,13.0,0.0,0.0,0.0,0.0,27.5398,71.9153,Bhadla_Solar_Park
2023-10-04 05:00:00,25.2,44,988.7,0,16.1,0.0,0.0,0.0,0.0,27.5398,71.9153,Bhadla_Solar_Park
2023-10-04 06:00:00,24.8,47,989.6,0,16.6,0.0,0.0,0.0,0.0,27.5398,71.9153,Bhadla_Solar_Park
2023-10-04 07:00:00,25.2,47,990.3,0,15.0,38.0,84.0,28.0,10.0,27.5398,71.9153,Bhadla_Solar_Park
2023-10-04 08:00:00,27.6,43,990.8,0,11.5,204.0,336.9,103.0,101.0,27.5398,71.9153,Bhadla_Solar_Park
2023-10-04 09:00:00,30.6,38,991.1,0,16.3,412.0,524.4,150.0,262.0,27.5398,71.9153,Bhadla_Solar_Park
2023-10-04 10:00:00,33.7,31,991.3,0,18.0,600.0,633.4,180.0,420.0,27.5398,71.9153,Bhadla_Solar_Park
2023-10-04 11:00:00,36.5,21,990.8,0,18.7,740.0,694.6,199.0,541.0,27.5398,71.9153,Bhadla_Solar_Park
2023-10-04 12:00:00,38.1,15,990.0,0,16.3,815.0,723.2,208.0,607.0,27.5398,71.9153,Bhadla_Solar_Park
2023-10-04 13:00:00,38.9,13,989.0,0,14.5,816.0,724.9,207.0,609.0,27.5398,71.9153,Bhadla_Solar_Park
2023-10-04 14:00:00,39.3,12,988.0,0,13.6,745.0,700.1,198.0,547.0,27.5398,71.9153,Bhadla_Solar_Park
2023-10-04 15:00:00,39.5,11,987.5,0,12.1,609.0,644.7,179.0,430.0,27.5398,71.9153,Bhadla_Solar_Park
2023-10-04 16:00:00,39.4,10,987.5,0,11.3,422.0,539.0,150.0,272.0,27.5398,71.9153,Bhadla_Solar_Park
2023-10-04 17:00:00,38.6,11,987.9,0,11.7,212.0,353.4,104.0,108.0,27.5398,71.9153,Bhadla_Solar_Park
2023-10-04 18:00:00,35.7,14,988.0,0,9.9,42.0,90.2,31.0,11.0,27.5398,71.9153,Bhadla_Solar_Park
2023-10-04 19:00:00,33.8,16,988.6,0,11.3,0.0,0.0,0.0,0.0,27.5398,71.9153,Bhadla_Solar_Park
2023-10-04 20:00:00,32.6,16,988.9,0,14.3,0.0,0.0,0.0,0.0,27.5398,71.9153,Bhadla_Solar_Park
2023-10-04 21:00:00,32.0,17,989.2,0,17.3,0.0,0.0,0.0,0.0,27.5398,71.9153,Bhadla_Solar_Park
2023-10-04 22:00:00,31.4,18,989.1,0,18.2,0.0,0.0,0.0,0.0,27.5398,71.9153,Bhadla_Solar_Park
2023-10-04 23:00:00,30.5,20,989.0,0,18.4,0.0,0.0,0.0,0.0,27.5398,71.9153,Bhadla_Solar_Park
2023-10-05 00:00:00,29.6,23,988.7,0,18.9,0.0,0.0,0.0,0.0,27.5398,71.9153,Bhadla_Solar_Park
2023-10-05 01:00:00,28.9,26,988.5,0,19.6,0.0,0.0,0.0,0.0,27.5398,71.9153,Bhadla_Solar_Park
2023-10-05 02:00:00,28.2,30,988.0,0,19.1,0.0,0.0,0.0,0.0,27.5398,71.9153,Bhadla_Solar_Park
2023-10-05 03:00:00,27.4,34,987.9,0,19.0,0.0,0.0,0.0,0.0,27.5398,71.9153,Bhadla_Solar_Park
2023-10-05 04:00:00,26.7,41,988.0,0,21.2,0.0,0.0,0.0,0.0,27.5398,71.9153,Bhadla_Solar_Park
2023-10-05 05:00:00,26.3,55,988.8,0,20.2,0.0,0.0,0.0,0.0,27.5398,71.9153,Bhadla_Solar_Park
2023-10-05 06:00:00,25.8,63,989.4,0,19.5,0.0,0.0,0.0,0.0,27.5398,71.9153,Bhadla_Solar_Park
2023-10-05 07:00:00,25.9,70,990.0,0,18.9,37.0,76.3,28.0,9.0,27.5398,71.9153,Bhadla_Solar_Park
2023-10-05 08:00:00,27.7,68,990.6,0,18.6,201.0,332.6,102.0,99.0,27.5398,71.9153,Bhadla_Solar_Park
2023-10-05 09:00:00,30.3,60,991.0,0,21.0,407.0,518.9,149.0,258.0,27.5398,71.9153,Bhadla_Solar_Park
2023-10-05 10:00:00,33.7,40,991.0,0,24.2,595.0,630.0,179.0,416.0,27.5398,71.9153,Bhadla_Solar_Park
2023-10-05 11:00:00,36.4,23,990.4,0,24.2,734.0,692.1,197.0,537.0,27.5398,71.9153,Bhadla_Solar_Park
2023-10-05 12:00:00,38.1,15,989.2,0,21.9,811.0,723.7,206.0,605.0,27.5398,71.9153,Bhadla_Solar_Park
2023-10-05 13:00:00,39.0,13,988.2,0,19.9,814.0,726.8,206.0,608.0,27.5398,71.9153,Bhadla_Solar_Park
2023-10-05 14:00:00,39.4,12,987.1,0,19.6,743.0,702.3,197.0,546.0,27.5398,71.9153,Bhadla_Solar_Park
2023-10-05 15:00:00,39.5,11,986.4,0,19.4,605.0,645.7,177.0,428.0,27.5398,71.9153,Bhadla_Solar_Park
2023-10-05 16:00:00,39.1,12,986.3,0,19.4,417.0,537.5,148.0,269.0,27.5398,71.9153,Bhadla_Solar_Park
2023-10-05 17:00:00,38.4,12,986.9,0,18.9,208.0,348.4,103.0,105.0,27.5398,71.9153,Bhadla_Solar_Park
2023-10-05 18:00:00,36.2,15,987.0,0,15.9,40.0,91.8,29.0,11.0,27.5398,71.9153,Bhadla_Solar_Park
2023-10-05 19:00:00,34.5,17,987.5,0,15.6,0.0,0.0,0.0,0.0,27.5398,71.9153,Bhadla_Solar_Park
2023-10-05 20:00:00,33.3,20,987.6,0,16.8,0.0,0.0,0.0,0.0,27.5398,71.9153,Bhadla_Solar_Park
2023-10-05 21:00:00,32.2,24,987.8,0,17.3,0.0,0.0,0.0,0.0,27.5398,71.9153,Bhadla_Solar_Park
2023-10-05 22:00:00,31.4,29,987.8,0,18.7,0.0,0.0,0.0,0.0,27.5398,71.9153,Bhadla_Solar_Park
2023-10-05 23:00:00,30.7,35,987.7,0,19.5,0.0,0.0,0.0,0.0,27.5398,71.9153,Bhadla_Solar_Park
2023-10-06 00:00:00,29.9,40,987.4,0,19.6,0.0,0.0,0.0,0.0,27.5398,71.9153,Bhadla_Solar_Park
2023-10-06 01:00:00,29.1,46,987.3,0,19.9,0.0,0.0,0.0,0.0,27.5398,71.9153,Bhadla_Solar_Park
2023-10-06 02:00:00,28.4,53,986.9,0,20.9,0.0,0.0,0.0,0.0,27.5398,71.9153,Bhadla_Solar_Park
2023-10-06 03:00:00,27.6,62,987.0,0,22.1,0.0,0.0,0.0,0.0,27.5398,71.9153,Bhadla_Solar_Park
2023-10-06 04:00:00,27.0,69,986.9,0,21.6,0.0,0.0,0.0,0.0,27.5398,71.9153,Bhadla_Solar_Park
2023-10-06 05:00:00,26.3,79,987.7,0,19.2,0.0,0.0,0.0,0.0,27.5398,71.9153,Bhadla_Solar_Park
2023-10-06 06:00:00,25.5,82,988.3,0,18.6,0.0,0.0,0.0,0.0,27.5398,71.9153,Bhadla_Solar_Park
2023-10-06 07:00:00,25.5,81,988.8,0,17.9,35.0,77.0,26.0,9.0,27.5398,71.9153,Bhadla_Solar_Park
2023-10-06 08:00:00,26.8,75,989.3,0,20.2,197.0,325.0,101.0,96.0,27.5398,71.9153,Bhadla_Solar_Park
2023-10-06 09:00:00,28.7,65,989.5,0,21.3,404.0,517.5,148.0,256.0,27.5398,71.9153,Bhadla_Solar_Park
2023-10-06 10:00:00,31.1,50,989.5,0,22.4,593.0,631.2,178.0,415.0,27.5398,71.9153,Bhadla_Solar_Park
2023-10-06 11:00:00,33.5,38,988.7,0,24.5,733.0,694.9,196.0,537.0,27.5398,71.9153,Bhadla_Solar_Park
2023-10-06 12:00:00,35.7,27,987.7,0,25.9,806.0,723.1,204.0,602.0,27.5398,71.9153,Bhadla_Solar_Park
2023-10-06 13:00:00,37.0,23,986.4,0,25.7,807.0,725.2,203.0,604.0,27.5398,71.9153,Bhadla_Solar_Park
2023-10-06 14:00:00,37.8,21,985.7,0,25.7,733.0,699.4,192.0,541.0,27.5398,71.9153,Bhadla_Solar_Park
2023-10-06 15:00:00,38.0,21,985.1,0,24.6,595.0,639.1,174.0,421.0,27.5398,71.9153,Bhadla_Solar_Park
2023-10-06 16:00:00,37.7,22,985.0,0,23.8,408.0,530.0,145.0,263.0,27.5398,71.9153,Bhadla_Solar_Park
2023-10-06 17:00:00,38.1,21,985.4,0,23.5,202.0,343.3,100.0,102.0,27.5398,71.9153,Bhadla_Solar_Park
2023-10-06 18:00:00,36.1,26,985.9,0,20.2,37.0,85.0,27.0,10.0,27.5398,71.9153,Bhadla_Solar_Park
2023-10-06 19:00:00,34.6,31,986.2,0,21.1,0.0,0.0,0.0,0.0,27.5398,71.9153,Bhadla_Solar_Park
2023-10-06 20:00:00,33.4,36,986.6,0,21.9,0.0,0.0,0.0,0.0,27.5398,71.9153,Bhadla_Solar_Park
2023-10-06 21:00:00,32.4,41,987.1,0,21.4,0.0,0.0,0.0,0.0,27.5398,71.9153,Bhadla_Solar_Park
2023-10-06 22:00:00,31.5,45,987.1,0,20.4,0.0,0.0,0.0,0.0,27.5398,71.9153,Bhadla_Solar_Park
2023-10-06 23:00:00,30.6,51,987.0,0,20.6,0.0,0.0,0.0,0.0,27.5398,71.9153,Bhadla_Solar_Park
2023-10-07 00:00:00,29.7,57,986.7,0,21.5,0.0,0.0,0.0,0.0,27.5398,71.9153,Bhadla_Solar_Park
2023-10-07 01:00:00,28.9,63,986.2,0,23.3,0.0,0.0,0.0,0.0,27.5398,71.9153,Bhadla_Solar_Park
2023-10-07 02:00:00,28.3,68,986.4,0,20.1,0.0,0.0,0.0,0.0,27.5398,71.9153,Bhadla_Solar_Park
2023-10-07 03:00:00,27.5,72,986.7,0,18.6,0.0,0.0,0.0,0.0,27.5398,71.9153,Bhadla_Solar_Park
2023-10-07 04:00:00,26.8,74,987.0,0,20.1,0.0,0.0,0.0,0.0,27.5398,71.9153,Bhadla_Solar_Park
2023-10-07 05:00:00,26.4,79,987.8,0,18.7,0.0,0.0,0.0,0.0,27.5398,71.9153,Bhadla_Solar_Park
2023-10-07 06:00:00,25.6,82,988.3,0,18.4,0.0,0.0,0.0,0.0,27.5398,71.9153,Bhadla_Solar_Park
2023-10-07 07:00:00,25.8,80,989.0,0,17.4,34.0,69.1,26.0,8.0,27.5398,71.9153,Bhadla_Solar_Park
2023-10-07 08:00:00,27.1,73,989.5,0,22.3,192.0,317.2,99.0,93.0,27.5398,71.9153,Bhadla_Solar_Park
2023-10-07 09:00:00,29.0,63,989.9,0,25.3,396.0,507.9,146.0,250.0,27.5398,71.9153,Bhadla_Solar_Park
2023-10-07 10:00:00,31.0,53,989.8,0,26.2,582.0,621.6,175.0,407.0,27.5398,71.9153,Bhadla_Solar_Park
2023-10-07 11:00:00,33.0,44,989.5,0,25.9,719.0,683.4,193.0,526.0,27.5398,71.9153,Bhadla_Solar_Park
2023-10-07 12:00:00,34.8,38,988.6,0,25.9,790.0,709.2,202.0,588.0,27.5398,71.9153,Bhadla_Solar_Park
2023-10-07 13:00:00,36.2,33,987.6,0,25.7,789.0,709.2,201.0,588.0,27.5398,71.9153,Bhadla_Solar_Park
2023-10-07 14:00:00,37.2,29,986.9,0,25.4,717.0,682.2,192.0,525.0,27.5398,71.9153,Bhadla_Solar_Park
2023-10-07 15:00:00,37.7,27,986.4,0,24.9,581.0,623.3,173.0,408.0,27.5398,71.9153,Bhadla_Solar_Park
2023-10-07 16:00:00,37.5,27,986.4,0,24.4,398.0,516.2,144.0,254.0,27.5398,71.9153,Bhadla_Solar_Park
2023-10-07 17:00:00,36.9,28,987.3,0,21.6,195.0,327.8,99.0,96.0,27.5398,71.9153,Bhadla_Solar_Park
2023-10-07 18:00:00,35.5,32,987.8,0,18.5,35.0,77.9,26.0,9.0,27.5398,71.9153,Bhadla_Solar_Park
2023-10-07 19:00:00,34.3,35,988.4,0,17.9,0.0,0.0,0.0,0.0,27.5398,71.9153,Bhadla_Solar_Park
2023-10-07 20:00:00,33.3,38,988.9,0,19.1,0.0,0.0,0.0,0.0,27.5398,71.9153,Bhadla_Solar_Park
2023-10-07 21:00:00,32.3,42,989.4,0,19.4,0.0,0.0,0.0,0.0,27.5398,71.9153,Bhadla_Solar_Park
2023-10-07 22:00:00,31.4,47,989.4,0,19.2,0.0,0.0,0.0,0.0,27.5398,71.9153,Bhadla_Solar_Park
2023-10-07 23:00:00,30.5,52,989.1,0,19.4,0.0,0.0,0.0,0.0,27.5398,71.9153,Bhadla_Solar_Park
2023-10-08 00:00:00,29.6,56,988.8,0,18.8,0.0,0.0,0.0,0.0,27.5398,71.9153,Bhadla_Solar_Park
2023-10-08 01:00:00,28.8,61,988.5,0,19.4,0.0,0.0,0.0,0.0,27.5398,71.9153,Bhadla_Solar_Park
2023-10-08 02:00:00,28.1,66,988.1,0,19.3,0.0,0.0,0.0,0.0,27.5398,71.9153,Bhadla_Solar_Park
2023-10-08 03:00:00,27.7,69,988.1,0,19.9,0.0,0.0,0.0,0.0,27.5398,71.9153,Bhadla_Solar_Park
2023-10-08 04:00:00,27.2,71,988.2,0,20.1,0.0,0.0,0.0,0.0,27.5398,71.9153,Bhadla_Solar_Park
2023-10-08 05:00:00,26.8,76,988.7,0,19.8,0.0,0.0,0.0,0.0,27.5398,71.9153,Bhadla_Solar_Park
2023-10-08 06:00:00,26.3,77,989.4,0,20.5,0.0,0.0,0.0,0.0,27.5398,71.9153,Bhadla_Solar_Park
2023-10-08 07:00:00,26.5,77,990.1,0,20.3,33.0,69.8,25.0,8.0,27.5398,71.9153,Bhadla_Solar_Park
2023-10-08 08:00:00,27.8,71,990.7,0,23.8,188.0,309.4,98.0,90.0,27.5398,71.9153,Bhadla_Solar_Park
2023-10-08 09:00:00,29.8,60,991.1,0,25.7,385.0,492.2,144.0,241.0,27.5398,71.9153,Bhadla_Solar_Park
2023-10-08 10:00:00,32.1,48,991.2,0,26.3,567.0,602.9,174.0,393.0,27.5398,71.9153,Bhadla_Solar_Park
2023-10-08 11:00:00,34.0,41,990.7,0,26.2,701.0,664.1,192.0,509.0,27.5398,71.9153,Bhadla_Solar_Park
2023-10-08 12:00:00,35.4,39,989.7,0,25.5,771.0,690.4,201.0,570.0,27.5398,71.9153,Bhadla_Solar_Park
2023-10-08 13:00:00,36.7,35,988.7,0,24.5,771.0,691.8,200.0,571.0,27.5398,71.9153,Bhadla_Solar_Park
2023-10-08 14:00:00,37.6,32,987.7,0,22.8,700.0,666.1,190.0,510.0,27.5398,71.9153,Bhadla_Solar_Park
2023-10-08 15:00:00,38.0,30,987.4,0,21.7,567.0,608.8,171.0,396.0,27.5398,71.9153,Bhadla_Solar_Park
2023-10-08 16:00:00,37.9,30,987.3,0,21.1,387.0,502.3,142.0,245.0,27.5398,71.9153,Bhadla_Solar_Park
2023-10-08 17:00:00,37.1,29,988.0,5,17.2,188.0,318.8,96.0,92.0,27.5398,71.9153,Bhadla_Solar_Park
2023-10-08 18:00:00,35.8,32,988.2,2,14.4,32.0,70.6,24.0,8.0,27.5398,71.9153,Bhadla_Solar_Park
2023-10-08 19:00:00,34.6,35,988.9,5,15.3,0.0,0.0,0.0,0.0,27.5398,71.9153,Bhadla_Solar_Park
2023-10-08 20:00:00,33.6,38,989.2,1,16.4,0.0,0.0,0.0,0.0,27.5398,71.9153,Bhadla_Solar_Park
2023-10-08 21:00:00,32.6,41,989.8,1,16.4,0.0,0.0,0.0,0.0,27.5398,71.9153,Bhadla_Solar_Park
2023-10-08 22:00:00,31.9,45,989.8,0,17.4,0.0,0.0,0.0,0.0,27.5398,71.9153,Bhadla_Solar_Park
2023-10-08 23:00:00,31.3,48,989.6,0,18.9,0.0,0.0,0.0,0.0,27.5398,71.9153,Bhadla_Solar_Park
2023-10-09 00:00:00,30.7,52,989.4,0,19.6,0.0,0.0,0.0,0.0,27.5398,71.9153,Bhadla_Solar_Park
2023-10-09 01:00:00,30.1,58,989.1,0,20.6,0.0,0.0,0.0,0.0,27.5398,71.9153,Bhadla_Solar_Park
2023-10-09 02:00:00,29.5,64,988.7,0,22.4,0.0,0.0,0.0,0.0,27.5398,71.9153,Bhadla_Solar_Park
2023-10-09 03:00:00,29.0,68,988.8,0,24.0,0.0,0.0,0.0,0.0,27.5398,71.9153,Bhadla_Solar_Park
2023-10-09 04:00:00,28.2,72,988.9,0,23.7,0.0,0.0,0.0,0.0,27.5398,71.9153,Bhadla_Solar_Park
2023-10-09 05:00:00,27.4,78,989.6,0,22.8,0.0,0.0,0.0,0.0,27.5398,71.9153,Bhadla_Solar_Park
2023-10-09 06:00:00,26.8,80,990.4,0,22.4,0.0,0.0,0.0,0.0,27.5398,71.9153,Bhadla_Solar_Park
2023-10-09 07:00:00,26.7,80,990.9,0,22.2,32.0,70.4,24.0,8.0,27.5398,71.9153,Bhadla_Solar_Park
2023-10-09 08:00:00,27.9,72,991.4,0,24.8,187.0,311.9,97.0,90.0,27.5398,71.9153,Bhadla_Solar_Park
2023-10-09 09:00:00,29.8,62,991.9,0,27.0,387.0,498.9,144.0,243.0,27.5398,71.9153,Bhadla_Solar_Park
2023-10-09 10:00:00,31.8,54,991.7,2,28.2,571.0,611.7,174.0,397.0,27.5398,71.9153,Bhadla_Solar_Park
2023-10-09 11:00:00,33.7,47,991.1,0,28.4,705.0,672.1,192.0,513.0,27.5398,71.9153,Bhadla_Solar_Park
2023-10-09 12:00:00,35.2,41,990.2,0,28.2,776.0,700.6,200.0,576.0,27.5398,71.9153,Bhadla_Solar_Park
2023-10-09 13:00:00,36.1,39,989.1,0,28.3,775.0,701.1,199.0,576.0,27.5398,71.9153,Bhadla_Solar_Park
2023-10-09 14:00:00,36.7,37,988.0,0,27.5,700.0,669.7,190.0,510.0,27.5398,71.9153,Bhadla_Solar_Park
2023-10-09 15:00:00,37.2,34,987.4,9,26.9,565.0,609.7,171.0,394.0,27.5398,71.9153,Bhadla_Solar_Park
2023-10-09 16:00:00,37.4,31,987.0,5,27.0,369.0,469.5,142.0,227.0,27.5398,71.9153,Bhadla_Solar_Park
2023-10-09 17:00:00,36.9,30,987.4,6,23.7,173.0,274.3,95.0,78.0,27.5398,71.9153,Bhadla_Solar_Park
2023-10-09 18:00:00,35.8,33,987.6,3,20.2,30.0,62.9,23.0,7.0,27.5398,71.9153,Bhadla_Solar_Park
2023-10-09 19:00:00,34.8,36,988.0,3,21.0,0.0,0.0,0.0,0.0,27.5398,71.9153,Bhadla_Solar_Park
2023-10-09 20:00:00,34.0,39,988.2,1,22.1,0.0,0.0,0.0,0.0,27.5398,71.9153,Bhadla_Solar_Park
2023-10-09 21:00:00,33.3,40,988.6,1,21.7,0.0,0.0,0.0,0.0,27.5398,71.9153,Bhadla_Solar_Park
2023-10-09 22:00:00,32.2,44,988.9,0,18.7,0.0,0.0,0.0,0.0,27.5398,71.9153,Bhadla_Solar_Park
2023-10-09 23:00:00,31.1,48,988.7,0,19.1,0.0,0.0,0.0,0.0,27.5398,71.9153,Bhadla_Solar_Park
2023-10-10 00:00:00,30.4,53,988.5,0,24.2,0.0,0.0,0.0,0.0,27.5398,71.9153,Bhadla_Solar_Park
2023-10-10 01:00:00,29.7,60,988.1,0,26.0,0.0,0.0,0.0,0.0,27.5398,71.9153,Bhadla_Solar_Park
2023-10-10 02:00:00,29.0,64,988.1,0,25.7,0.0,0.0,0.0,0.0,27.5398,71.9153,Bhadla_Solar_Park
2023-10-10 03:00:00,28.0,69,988.1,0,26.6,0.0,0.0,0.0,0.0,27.5398,71.9153,Bhadla_Solar_Park
2023-10-10 04:00:00,27.1,73,988.1,0,26.7,0.0,0.0,0.0,0.0,27.5398,71.9153,Bhadla_Solar_Park
2023-10-10 05:00:00,26.5,76,989.2,0,21.7,0.0,0.0,0.0,0.0,27.5398,71.9153,Bhadla_Solar_Park
2023-10-10 06:00:00,25.8,78,990.1,0,20.9,0.0,0.0,0.0,0.0,27.5398,71.9153,Bhadla_Solar_Park
2023-10-10 07:00:00,25.8,78,990.5,0,21.4,33.0,71.2,25.0,8.0,27.5398,71.9153,Bhadla_Solar_Park
2023-10-10 08:00:00,27.3,71,991.7,0,19.7,192.0,328.4,98.0,94.0,27.5398,71.9153,Bhadla_Solar_Park
2023-10-10 09:00:00,29.2,62,993.0,0,13.8,393.0,511.9,145.0,248.0,27.5398,71.9153,Bhadla_Solar_Park
2023-10-10 10:00:00,30.9,55,993.0,0,14.3,570.0,611.4,175.0,395.0,27.5398,71.9153,Bhadla_Solar_Park
2023-10-10 11:00:00,32.7,48,992.5,0,16.3,703.0,673.7,191.0,512.0,27.5398,71.9153,Bhadla_Solar_Park
2023-10-10 12:00:00,34.4,42,991.5,0,18.1,773.0,700.0,200.0,573.0,27.5398,71.9153,Bhadla_Solar_Park
2023-10-10 13:00:00,35.8,35,990.5,0,18.9,773.0,703.2,198.0,575.0,27.5398,71.9153,Bhadla_Solar_Park
2023-10-10 14:00:00,36.7,29,989.7,0,18.6,703.0,677.2,190.0,513.0,27.5398,71.9153,Bhadla_Solar_Park
2023-10-10 15:00:00,37.1,25,989.2,2,17.7,568.0,619.9,170.0,398.0,27.5398,71.9153,Bhadla_Solar_Park
2023-10-10 16:00:00,37.0,24,989.1,7,16.1,383.0,502.9,142.0,241.0,27.5398,71.9153,Bhadla_Solar_Park
2023-10-10 17:00:00,36.3,21,990.0,4,14.0,178.0,299.9,94.0,84.0,27.5398,71.9153,Bhadla_Solar_Park
2023-10-10 18:00:00,34.7,25,990.5,0,10.9,30.0,64.2,23.0,7.0,27.5398,71.9153,Bhadla_Solar_Park
2023-10-10 19:00:00,33.3,29,990.9,0,12.1,0.0,0.0,0.0,0.0,27.5398,71.9153,Bhadla_Solar_Park
2023-10-10 20:00:00,31.8,33,991.3,0,14.9,0.0,0.0,0.0,0.0,27.5398,71.9153,Bhadla_Solar_Park
2023-10-10 21:00:00,30.9,32,991.5,0,14.8,0.0,0.0,0.0,0.0,27.5398,71.9153,Bhadla_Solar_Park
2023-10-10 22:00:00,30.3,33,991.7,0,15.5,0.0,0.0,0.0,0.0,27.5398,71.9153,Bhadla_Solar_Park
2023-10-10 23:00:00,29.4,34,991.4,0,14.1,0.0,0.0,0.0,0.0,27.5398,71.9153,Bhadla_Solar_Park
2023-10-11 00:00:00,28.1,42,991.2,0,16.0,0.0,0.0,0.0,0.0,27.5398,71.9153,Bhadla_Solar_Park
2023-10-11 01:00:00,25.8,57,991.3,0,6.6,0.0,0.0,0.0,0.0,27.5398,71.9153,Bhadla_Solar_Park
2023-10-11 02:00:00,26.2,45,991.1,0,7.3,0.0,0.0,0.0,0.0,27.5398,71.9153,Bhadla_Solar_Park
2023-10-11 03:00:00,26.0,46,990.8,0,6.6,0.0,0.0,0.0,0.0,27.5398,71.9153,Bhadla_Solar_Park
2023-10-11 04:00:00,25.5,48,990.9,0,10.3,0.0,0.0,0.0,0.0,27.5398,71.9153,Bhadla_Solar_Park
2023-10-11 05:00:00,24.2,66,991.2,0,6.0,0.0,0.0,0.0,0.0,27.5398,71.9153,Bhadla_Solar_Park
2023-10-11 06:00:00,24.6,69,992.2,0,3.0,0.0,0.0,0.0,0.0,27.5398,71.9153,Bhadla_Solar_Park
2023-10-11 07:00:00,24.7,70,992.8,0,1.4,31.0,62.9,24.0,7.0,27.5398,71.9153,Bhadla_Solar_Park
2023-10-11 08:00:00,26.2,66,993.4,0,1.3,186.0,310.0,98.0,88.0,27.5398,71.9153,Bhadla_Solar_Park
2023-10-11 09:00:00,28.8,55,994.0,0,3.1,386.0,502.3,144.0,242.0,27.5398,71.9153,Bhadla_Solar_Park
2023-10-11 10:00:00,31.6,43,994.0,0,3.2,569.0,614.2,174.0,395.0,27.5398,71.9153,Bhadla_Solar_Park
2023-10-11 11:00:00,33.6,37,993.5,0,6.6,705.0,679.3,191.0,514.0,27.5398,71.9153,Bhadla_Solar_Park
2023-10-11 12:00:00,35.4,29,992.5,0,9.6,777.0,709.2,199.0,578.0,27.5398,71.9153,Bhadla_Solar_Park
2023-10-11 13:00:00,36.4,23,991.3,0,10.5,779.0,712.7,199.0,580.0,27.5398,71.9153,Bhadla_Solar_Park
2023-10-11 14:00:00,37.1,20,990.5,0,11.4,707.0,687.5,189.0,518.0,27.5398,71.9153,Bhadla_Solar_Park
2023-10-11 15:00:00,37.3,18,989.8,0,11.6,571.0,627.1,171.0,400.0,27.5398,71.9153,Bhadla_Solar_Park
2023-10-11 16:00:00,37.2,18,989.7,0,11.2,386.0,515.8,141.0,245.0,27.5398,71.9153,Bhadla_Solar_Park
2023-10-11 17:00:00,36.6,16,990.2,0,10.5,183.0,322.6,94.0,89.0,27.5398,71.9153,Bhadla_Solar_Park
2023-10-11 18:00:00,34.3,20,990.4,0,7.7,29.0,65.5,22.0,7.0,27.5398,71.9153,Bhadla_Solar_Park
2023-10-11 19:00:00,32.5,26,990.8,0,5.6,0.0,0.0,0.0,0.0,27.5398,71.9153,Bhadla_Solar_Park
2023-10-11 20:00:00,32.8,24,991.4,0,3.3,0.0,0.0,0.0,0.0,27.5398,71.9153,Bhadla_Solar_Park
2023-10-11 21:00:00,32.6,23,991.8,0,1.8,0.0,0.0,0.0,0.0,27.5398,71.9153,Bhadla_Solar_Park
2023-10-11 22:00:00,32.2,24,991.8,0,1.3,0.0,0.0,0.0,0.0,27.5398,71.9153,Bhadla_Solar_Park
2023-10-11 23:00:00,28.8,32,991.1,0,7.4,0.0,0.0,0.0,0.0,27.5398,71.9153,Bhadla_Solar_Park
2023-10-12 00:00:00,28.9,31,991.0,0,5.4,0.0,0.0,0.0,0.0,27.5398,71.9153,Bhadla_Solar_Park
2023-10-12 01:00:00,26.9,33,990.6,0,10.5,0.0,0.0,0.0,0.0,27.5398,71.9153,Bhadla_Solar_Park
2023-10-12 02:00:00,26.2,35,990.2,0,10.8,0.0,0.0,0.0,0.0,27.5398,71.9153,Bhadla_Solar_Park
2023-10-12 03:00:00,25.3,41,990.5,0,11.2,0.0,0.0,0.0,0.0,27.5398,71.9153,Bhadla_Solar_Park
2023-10-12 04:00:00,24.6,47,990.7,0,9.5,0.0,0.0,0.0,0.0,27.5398,71.9153,Bhadla_Solar_Park
2023-10-12 05:00:00,25.6,53,991.3,0,14.6,0.0,0.0,0.0,0.0,27.5398,71.9153,Bhadla_Solar_Park
2023-10-12 06:00:00,25.7,56,992.2,0,14.3,0.0,0.0,0.0,0.0,27.5398,71.9153,Bhadla_Solar_Park
2023-10-12 07:00:00,26.2,57,992.7,0,12.5,31.0,63.6,24.0,7.0,27.5398,71.9153,Bhadla_Solar_Park
2023-10-12 08:00:00,28.5,51,993.5,0,13.2,184.0,312.6,96.0,88.0,27.5398,71.9153,Bhadla_Solar_Park
2023-10-12 09:00:00,30.9,46,994.2,0,14.7,383.0,500.9,143.0,240.0,27.5398,71.9153,Bhadla_Solar_Park
2023-10-12 10:00:00,33.6,40,994.2,0,16.2,565.0,612.4,173.0,392.0,27.5398,71.9153,Bhadla_Solar_Park
2023-10-12 11:00:00,35.4,31,993.9,0,15.0,699.0,674.3,191.0,508.0,27.5398,71.9153,Bhadla_Solar_Park
2023-10-12 12:00:00,36.5,27,993.0,0,15.2,768.0,701.3,199.0,569.0,27.5398,71.9153,Bhadla_Solar_Park
2023-10-12 13:00:00,37.2,24,991.9,0,15.3,766.0,701.3,198.0,568.0,27.5398,71.9153,Bhadla_Solar_Park
2023-10-12 14:00:00,37.7,23,991.3,0,15.1,694.0,675.3,188.0,506.0,27.5398,71.9153,Bhadla_Solar_Park
2023-10-12 15:00:00,37.8,22,990.9,0,14.8,558.0,613.9,169.0,389.0,27.5398,71.9153,Bhadla_Solar_Park
2023-10-12 16:00:00,37.6,23,990.8,0,15.1,375.0,499.3,140.0,235.0,27.5398,71.9153,Bhadla_Solar_Park
2023-10-12 17:00:00,37.1,26,991.2,4,12.5,175.0,305.6,92.0,83.0,27.5398,71.9153,Bhadla_Solar_Park
2023-10-12 18:00:00,35.9,28,991.5,18,11.2,25.0,47.7,20.0,5.0,27.5398,71.9153,Bhadla_Solar_Park
2023-10-12 19:00:00,34.6,30,992.0,94,10.7,0.0,0.0,0.0,0.0,27.5398,71.9153,Bhadla_Solar_Park
2023-10-12 20:00:00,33.9,31,992.6,92,10.7,0.0,0.0,0.0,0.0,27.5398,71.9153,Bhadla_Solar_Park
2023-10-12 21:00:00,33.0,33,992.8,78,10.2,0.0,0.0,0.0,0.0,27.5398,71.9153,Bhadla_Solar_Park
2023-10-12 22:00:00,32.1,34,992.8,64,12.0,0.0,0.0,0.0,0.0,27.5398,71.9153,Bhadla_Solar_Park
2023-10-12 23:00:00,31.2,34,992.7,37,15.4,0.0,0.0,0.0,0.0,27.5398,71.9153,Bhadla_Solar_Park
2023-10-13 00:00:00,30.7,32,992.5,10,16.7,0.0,0.0,0.0,0.0,27.5398,71.9153,Bhadla_Solar_Park
2023-10-13 01:00:00,29.9,31,992.2,2,16.8,0.0,0.0,0.0,0.0,27.5398,71.9153,Bhadla_Solar_Park
2023-10-13 02:00:00,28.8,33,992.1,0,17.3,0.0,0.0,0.0,0.0,27.5398,71.9153,Bhadla_Solar_Park
2023-10-13 03:00:00,28.1,35,991.9,0,17.1,0.0,0.0,0.0,0.0,27.5398,71.9153,Bhadla_Solar_Park
2023-10-13 04:00:00,27.4,38,992.1,0,16.2,0.0,0.0,0.0,0.0,27.5398,71.9153,Bhadla_Solar_Park
2023-10-13 05:00:00,27.4,48,992.9,0,18.7,0.0,0.0,0.0,0.0,27.5398,71.9153,Bhadla_Solar_Park
2023-10-13 06:00:00,26.7,53,993.7,0,18.5,0.0,0.0,0.0,0.0,27.5398,71.9153,Bhadla_Solar_Park
2023-10-13 07:00:00,26.9,56,994.3,0,17.4,30.0,64.3,23.0,7.0,27.5398,71.9153,Bhadla_Solar_Park
2023-10-13 08:00:00,28.6,54,995.1,0,16.2,183.0,311.8,96.0,87.0,27.5398,71.9153,Bhadla_Solar_Park
2023-10-13 09:00:00,30.9,50,995.7,0,18.7,382.0,501.7,143.0,239.0,27.5398,71.9153,Bhadla_Solar_Park
2023-10-13 10:00:00,33.6,35,995.8,0,19.5,563.0,615.4,171.0,392.0,27.5398,71.9153,Bhadla_Solar_Park
2023-10-13 11:00:00,35.3,25,995.2,0,18.4,700.0,681.3,189.0,511.0,27.5398,71.9153,Bhadla_Solar_Park
2023-10-13 12:00:00,36.3,22,994.1,0,19.8,773.0,711.9,198.0,575.0,27.5398,71.9153,Bhadla_Solar_Park
2023-10-13 13:00:00,37.1,18,992.7,0,20.3,771.0,712.1,197.0,574.0,27.5398,71.9153,Bhadla_Solar_Park
2023-10-13 14:00:00,37.4,16,991.7,0,19.9,701.0,689.7,187.0,514.0,27.5398,71.9153,Bhadla_Solar_Park
2023-10-13 15:00:00,37.3,16,991.2,0,19.7,566.0,630.7,169.0,397.0,27.5398,71.9153,Bhadla_Solar_Park
2023-10-13 16:00:00,36.9,17,991.1,0,19.6,380.0,516.7,139.0,241.0,27.5398,71.9153,Bhadla_Solar_Park
2023-10-13 17:00:00,36.4,18,991.1,0,20.1,177.0,317.9,92.0,85.0,27.5398,71.9153,Bhadla_Solar_Park
2023-10-13 18:00:00,34.7,20,991.6,0,15.4,26.0,58.4,20.0,6.0,27.5398,71.9153,Bhadla_Solar_Park
2023-10-13 19:00:00,33.3,22,992.1,0,14.3,0.0,0.0,0.0,0.0,27.5398,71.9153,Bhadla_Solar_Park
2023-10-13 20:00:00,32.2,25,992.5,0,13.0,0.0,0.0,0.0,0.0,27.5398,71.9153,Bhadla_Solar_Park
2023-10-13 21:00:00,31.1,28,992.8,0,12.3,0.0,0.0,0.0,0.0,27.5398,71.9153,Bhadla_Solar_Park
2023-10-13 22:00:00,30.0,33,992.9,0,13.2,0.0,0.0,0.0,0.0,27.5398,71.9153,Bhadla_Solar_Park
2023-10-13 23:00:00,29.4,34,992.7,0,16.2,0.0,0.0,0.0,0.0,27.5398,71.9153,Bhadla_Solar_Park
2023-10-14 00:00:00,29.4,29,992.2,0,18.4,0.0,0.0,0.0,0.0,27.5398,71.9153,Bhadla_Solar_Park
2023-10-14 01:00:00,28.8,29,991.6,0,18.0,0.0,0.0,0.0,0.0,27.5398,71.9153,Bhadla_Solar_Park
2023-10-14 02:00:00,28.0,34,991.3,0,16.8,0.0,0.0,0.0,0.0,27.5398,71.9153,Bhadla_Solar_Park
2023-10-14 03:00:00,27.5,40,991.4,0,17.6,0.0,0.0,0.0,0.0,27.5398,71.9153,Bhadla_Solar_Park
2023-10-14 04:00:00,27.1,43,991.6,0,18.8,0.0,0.0,0.0,0.0,27.5398,71.9153,Bhadla_Solar_Park
2023-10-14 05:00:00,26.4,54,992.2,0,17.8,0.0,0.0,0.0,0.0,27.5398,71.9153,Bhadla_Solar_Park
2023-10-14 06:00:00,25.5,58,992.7,0,16.3,0.0,0.0,0.0,0.0,27.5398,71.9153,Bhadla_Solar_Park
2023-10-14 07:00:00,25.8,59,993.3,0,14.8,29.0,65.0,22.0,7.0,27.5398,71.9153,Bhadla_Solar_Park
2023-10-14 08:00:00,27.7,55,993.7,0,13.5,182.0,318.1,94.0,88.0,27.5398,71.9153,Bhadla_Solar_Park
2023-10-14 09:00:00,30.3,49,994.3,0,18.4,384.0,513.1,141.0,243.0,27.5398,71.9153,Bhadla_Solar_Park
2023-10-14 10:00:00,33.2,36,994.2,0,24.5,565.0,623.1,170.0,395.0,27.5398,71.9153,Bhadla_Solar_Park
2023-10-14 11:00:00,35.0,27,993.7,0,28.8,699.0,684.4,188.0,511.0,27.5398,71.9153,Bhadla_Solar_Park
2023-10-14 12:00:00,35.9,25,992.4,0,28.1,766.0,710.2,195.0,571.0,27.5398,71.9153,Bhadla_Solar_Park
2023-10-14 13:00:00,36.6,24,991.3,0,25.9,761.0,706.9,194.0,567.0,27.5398,71.9153,Bhadla_Solar_Park
2023-10-14 14:00:00,37.0,23,990.5,0,24.2,687.0,677.3,185.0,502.0,27.5398,71.9153,Bhadla_Solar_Park
2023-10-14 15:00:00,37.0,22,989.9,1,23.1,548.0,611.0,166.0,382.0,27.5398,71.9153,Bhadla_Solar_Park
2023-10-14 16:00:00,36.7,22,989.7,2,21.8,364.0,493.3,136.0,228.0,27.5398,71.9153,Bhadla_Solar_Park
2023-10-14 17:00:00,35.9,21,990.1,0,20.6,169.0,300.1,90.0,79.0,27.5398,71.9153,Bhadla_Solar_Park
2023-10-14 18:00:00,34.5,23,990.6,0,15.9,24.0,49.7,19.0,5.0,27.5398,71.9153,Bhadla_Solar_Park
2023-10-14 19:00:00,33.2,26,991.1,0,13.9,0.0,0.0,0.0,0.0,27.5398,71.9153,Bhadla_Solar_Park
2023-10-14 20:00:00,31.9,28,991.4,3,12.7,0.0,0.0,0.0,0.0,27.5398,71.9153,Bhadla_Solar_Park
2023-10-14 21:00:00,31.0,31,991.6,2,13.6,0.0,0.0,0.0,0.0,27.5398,71.9153,Bhadla_Solar_Park
2023-10-14 22:00:00,30.3,33,991.5,0,15.1,0.0,0.0,0.0,0.0,27.5398,71.9153,Bhadla_Solar_Park
2023-10-14 23:00:00,29.9,36,991.2,0,17.3,0.0,0.0,0.0,0.0,27.5398,71.9153,Bhadla_Solar_Park
2023-10-15 00:00:00,29.3,38,990.6,0,16.9,0.0,0.0,0.0,0.0,27.5398,71.9153,Bhadla_Solar_Park
2023-10-15 01:00:00,28.4,40,990.2,11,17.3,0.0,0.0,0.0,0.0,27.5398,71.9153,Bhadla_Solar_Park
2023-10-15 02:00:00,28.0,42,989.6,80,19.6,0.0,0.0,0.0,0.0,27.5398,71.9153,Bhadla_Solar_Park
2023-10-15 03:00:00,27.3,47,989.7,56,19.5,0.0,0.0,0.0,0.0,27.5398,71.9153,Bhadla_Solar_Park
2023-10-15 04:00:00,26.5,51,990.1,84,16.6,0.0,0.0,0.0,0.0,27.5398,71.9153,Bhadla_Solar_Park
2023-10-15 05:00:00,25.9,59,991.2,64,12.8,0.0,0.0,0.0,0.0,27.5398,71.9153,Bhadla_Solar_Park
2023-10-15 06:00:00,25.3,63,991.7,1,11.9,0.0,0.0,0.0,0.0,27.5398,71.9153,Bhadla_Solar_Park
2023-10-15 07:00:00,25.5,63,992.3,0,10.8,28.0,56.3,22.0,6.0,27.5398,71.9153,Bhadla_Solar_Park
2023-10-15 08:00:00,27.3,58,993.0,0,11.5,177.0,306.4,93.0,84.0,27.5398,71.9153,Bhadla_Solar_Park
2023-10-15 09:00:00,29.1,52,993.1,0,13.8,374.0,499.1,139.0,235.0,27.5398,71.9153,Bhadla_Solar_Park
2023-10-15 10:00:00,30.8,43,992.8,0,14.7,554.0,611.9,168.0,386.0,27.5398,71.9153,Bhadla_Solar_Park
2023-10-15 11:00:00,32.5,33,992.1,0,14.8,688.0,675.4,186.0,502.0,27.5398,71.9153,Bhadla_Solar_Park
2023-10-15 12:00:00,33.9,26,990.9,3,14.2,760.0,708.5,193.0,567.0,27.5398,71.9153,Bhadla_Solar_Park
2023-10-15 13:00:00,34.8,22,989.9,23,13.6,759.0,710.4,192.0,567.0,27.5398,71.9153,Bhadla_Solar_Park
2023-10-15 14:00:00,35.4,20,988.8,6,13.3,685.0,678.4,185.0,500.0,27.5398,71.9153,Bhadla_Solar_Park
2023-10-15 15:00:00,35.6,20,988.1,0,12.3,550.0,620.0,165.0,385.0,27.5398,71.9153,Bhadla_Solar_Park
2023-10-15 16:00:00,35.4,20,988.0,0,11.8,367.0,506.6,135.0,232.0,27.5398,71.9153,Bhadla_Solar_Park
2023-10-15 17:00:00,35.4,17,988.4,1,9.8,167.0,308.8,87.0,80.0,27.5398,71.9153,Bhadla_Solar_Park
2023-10-15 18:00:00,33.6,21,988.7,77,8.3,20.0,30.5,17.0,3.0,27.5398,71.9153,Bhadla_Solar_Park
2023-10-15 19:00:00,32.7,23,989.0,95,10.4,0.0,0.0,0.0,0.0,27.5398,71.9153,Bhadla_Solar_Park
2023-10-15 20:00:00,31.5,28,989.6,100,13.4,0.0,0.0,0.0,0.0,27.5398,71.9153,Bhadla_Solar_Park
2023-10-15 21:00:00,30.2,34,990.0,17,12.7,0.0,0.0,0.0,0.0,27.5398,71.9153,Bhadla_Solar_Park
2023-10-15 22:00:00,28.8,37,989.9,3,11.5,0.0,0.0,0.0,0.0,27.5398,71.9153,Bhadla_Solar_Park
2023-10-15 23:00:00,27.7,40,989.7,100,9.7,0.0,0.0,0.0,0.0,27.5398,71.9153,Bhadla_Solar_Park
2023-10-16 00:00:00,27.1,41,989.4,76,9.9,0.0,0.0,0.0,0.0,27.5398,71.9153,Bhadla_Solar_Park
2023-10-16 01:00:00,25.7,44,989.1,66,6.8,0.0,0.0,0.0,0.0,27.5398,71.9153,Bhadla_Solar_Park
2023-10-16 02:00:00,25.7,43,989.6,99,16.2,0.0,0.0,0.0,0.0,27.5398,71.9153,Bhadla_Solar_Park
2023-10-16 03:00:00,25.3,50,988.5,100,8.6,0.0,0.0,0.0,0.0,27.5398,71.9153,Bhadla_Solar_Park
2023-10-16 04:00:00,24.6,55,989.1,87,13.3,0.0,0.0,0.0,0.0,27.5398,71.9153,Bhadla_Solar_Park
2023-10-16 05:00:00,25.6,58,989.3,66,14.0,0.0,0.0,0.0,0.0,27.5398,71.9153,Bhadla_Solar_Park
2023-10-16 06:00:00,25.2,61,989.8,2,22.0,0.0,0.0,0.0,0.0,27.5398,71.9153,Bhadla_Solar_Park
2023-10-16 07:00:00,24.9,64,990.6,7,22.1,26.0,57.0,20.0,6.0,27.5398,71.9153,Bhadla_Solar_Park
2023-10-16 08:00:00,26.7,60,991.2,8,18.6,171.0,287.1,93.0,78.0,27.5398,71.9153,Bhadla_Solar_Park
2023-10-16 09:00:00,28.9,58,991.7,24,25.3,354.0,448.7,144.0,210.0,27.5398,71.9153,Bhadla_Solar_Park
2023-10-16 10:00:00,30.8,53,991.9,17,25.8,491.0,476.3,192.0,299.0,27.5398,71.9153,Bhadla_Solar_Park
2023-10-16 11:00:00,31.2,47,991.7,75,22.2,546.0,436.6,223.0,323.0,27.5398,71.9153,Bhadla_Solar_Park
2023-10-16 12:00:00,24.9,69,992.5,56,23.9,460.0,249.8,261.0,199.0,27.5398,71.9153,Bhadla_Solar_Park
2023-10-16 13:00:00,26.1,64,990.3,36,2.5,491.0,324.8,233.0,258.0,27.5398,71.9153,Bhadla_Solar_Park
2023-10-16 14:00:00,28.1,61,989.4,5,4.0,614.0,541.7,217.0,397.0,27.5398,71.9153,Bhadla_Solar_Park
2023-10-16 15:00:00,28.8,60,988.7,32,8.6,512.0,544.8,176.0,336.0,27.5398,71.9153,Bhadla_Solar_Park
2023-10-16 16:00:00,29.0,60,988.8,66,14.5,312.0,372.4,143.0,169.0,27.5398,71.9153,Bhadla_Solar_Park
2023-10-16 17:00:00,30.3,42,989.8,100,24.9,98.0,105.9,71.0,27.0,27.5398,71.9153,Bhadla_Solar_Park
2023-10-16 18:00:00,28.7,50,991.0,44,8.9,14.0,10.4,13.0,1.0,27.5398,71.9153,Bhadla_Solar_Park
2023-10-16 19:00:00,26.2,60,990.9,0,9.7,0.0,0.0,0.0,0.0,27.5398,71.9153,Bhadla_Solar_Park
2023-10-16 20:00:00,26.3,62,991.0,7,7.9,0.0,0.0,0.0,0.0,27.5398,71.9153,Bhadla_Solar_Park
2023-10-16 21:00:00,26.4,63,991.0,0,12.9,0.0,0.0,0.0,0.0,27.5398,71.9153,Bhadla_Solar_Park
2023-10-16 22:00:00,25.5,68,991.0,0,12.1,0.0,0.0,0.0,0.0,27.5398,71.9153,Bhadla_Solar_Park
2023-10-16 23:00:00,24.8,72,990.8,3,10.5,0.0,0.0,0.0,0.0,27.5398,71.9153,Bhadla_Solar_Park
2023-10-17 00:00:00,24.5,74,990.7,20,10.9,0.0,0.0,0.0,0.0,27.5398,71.9153,Bhadla_Solar_Park
2023-10-17 01:00:00,24.4,74,990.3,35,10.8,0.0,0.0,0.0,0.0,27.5398,71.9153,Bhadla_Solar_Park
2023-10-17 02:00:00,24.2,73,990.4,11,10.8,0.0,0.0,0.0,0.0,27.5398,71.9153,Bhadla_Solar_Park
2023-10-17 03:00:00,23.7,75,990.8,56,11.9,0.0,0.0,0.0,0.0,27.5398,71.9153,Bhadla_Solar_Park
2023-10-17 04:00:00,23.6,76,990.9,97,13.1,0.0,0.0,0.0,0.0,27.5398,71.9153,Bhadla_Solar_Park
2023-10-17 05:00:00,19.6,89,993.6,100,15.6,0.0,0.0,0.0,0.0,27.5398,71.9153,Bhadla_Solar_Park
2023-10-17 06:00:00,20.9,82,993.7,30,12.8,0.0,0.0,0.0,0.0,27.5398,71.9153,Bhadla_Solar_Park
2023-10-17 07:00:00,21.4,81,994.6,78,12.4,23.0,38.4,19.0,4.0,27.5398,71.9153,Bhadla_Solar_Park
2023-10-17 08:00:00,23.0,75,995.1,35,15.4,123.0,107.8,94.0,29.0,27.5398,71.9153,Bhadla_Solar_Park
2023-10-17 09:00:00,24.2,70,995.7,6,17.5,282.0,279.4,152.0,130.0,27.5398,71.9153,Bhadla_Solar_Park
2023-10-17 10:00:00,25.4,65,996.1,13,18.3,532.0,566.8,178.0,354.0,27.5398,71.9153,Bhadla_Solar_Park
2023-10-17 11:00:00,27.5,54,995.1,60,19.1,629.0,560.9,216.0,413.0,27.5398,71.9153,Bhadla_Solar_Park
2023-10-17 12:00:00,28.3,51,994.6,27,12.9,621.0,456.6,259.0,362.0,27.5398,71.9153,Bhadla_Solar_Park
2023-10-17 13:00:00,28.2,52,994.3,48,13.0,715.0,639.0,210.0,505.0,27.5398,71.9153,Bhadla_Solar_Park
2023-10-17 14:00:00,25.5,67,994.1,85,28.5,597.0,483.0,245.0,352.0,27.5398,71.9153,Bhadla_Solar_Park
2023-10-17 15:00:00,26.0,65,993.6,43,18.7,295.0,166.5,193.0,102.0,27.5398,71.9153,Bhadla_Solar_Park
2023-10-17 16:00:00,25.6,63,993.3,9,16.3,293.0,331.4,144.0,149.0,27.5398,71.9153,Bhadla_Solar_Park
2023-10-17 17:00:00,26.2,57,993.9,13,19.2,146.0,219.2,91.0,55.0,27.5398,71.9153,Bhadla_Solar_Park
2023-10-17 18:00:00,24.7,64,994.2,6,14.8,19.0,31.8,16.0,3.0,27.5398,71.9153,Bhadla_Solar_Park
2023-10-17 19:00:00,24.2,70,994.6,0,18.1,0.0,0.0,0.0,0.0,27.5398,71.9153,Bhadla_Solar_Park
2023-10-17 20:00:00,23.6,75,995.2,2,17.9,0.0,0.0,0.0,0.0,27.5398,71.9153,Bhadla_Solar_Park
2023-10-17 21:00:00,23.1,77,995.8,0,16.6,0.0,0.0,0.0,0.0,27.5398,71.9153,Bhadla_Solar_Park
2023-10-17 22:00:00,22.5,82,996.1,0,15.9,0.0,0.0,0.0,0.0,27.5398,71.9153,Bhadla_Solar_Park
2023-10-17 23:00:00,22.1,83,996.1,0,16.1,0.0,0.0,0.0,0.0,27.5398,71.9153,Bhadla_Solar_Park
2023-10-18 00:00:00,21.7,85,996.0,0,15.2,0.0,0.0,0.0,0.0,27.5398,71.9153,Bhadla_Solar_Park
2023-10-18 01:00:00,21.3,88,995.9,0,14.2,0.0,0.0,0.0,0.0,27.5398,71.9153,Bhadla_Solar_Park
2023-10-18 02:00:00,20.8,90,995.8,0,11.8,0.0,0.0,0.0,0.0,27.5398,71.9153,Bhadla_Solar_Park
2023-10-18 03:00:00,20.3,92,995.9,0,11.3,0.0,0.0,0.0,0.0,27.5398,71.9153,Bhadla_Solar_Park
2023-10-18 04:00:00,19.9,93,996.0,0,12.8,0.0,0.0,0.0,0.0,27.5398,71.9153,Bhadla_Solar_Park
2023-10-18 05:00:00,19.7,92,996.8,0,13.7,0.0,0.0,0.0,0.0,27.5398,71.9153,Bhadla_Solar_Park
2023-10-18 06:00:00,19.5,92,997.6,0,13.6,0.0,0.0,0.0,0.0,27.5398,71.9153,Bhadla_Solar_Park
2023-10-18 07:00:00,19.6,90,997.9,0,11.0,25.0,48.6,20.0,5.0,27.5398,71.9153,Bhadla_Solar_Park
2023-10-18 08:00:00,20.7,85,998.8,0,12.7,170.0,288.9,93.0,77.0,27.5398,71.9153,Bhadla_Solar_Park
2023-10-18 09:00:00,22.3,79,999.1,0,14.0,364.0,482.3,141.0,223.0,27.5398,71.9153,Bhadla_Solar_Park
2023-10-18 10:00:00,24.1,70,999.1,0,13.8,543.0,597.1,172.0,371.0,27.5398,71.9153,Bhadla_Solar_Park
2023-10-18 11:00:00,25.8,63,999.0,0,12.9,674.0,660.5,190.0,484.0,27.5398,71.9153,Bhadla_Solar_Park
2023-10-18 12:00:00,27.0,56,998.1,0,12.2,742.0,690.7,197.0,545.0,27.5398,71.9153,Bhadla_Solar_Park
2023-10-18 13:00:00,28.0,51,996.9,3,12.2,740.0,691.8,196.0,544.0,27.5398,71.9153,Bhadla_Solar_Park
2023-10-18 14:00:00,28.6,48,996.2,0,11.6,667.0,665.1,185.0,482.0,27.5398,71.9153,Bhadla_Solar_Park
2023-10-18 15:00:00,28.8,46,995.5,1,11.5,532.0,601.5,166.0,366.0,27.5398,71.9153,Bhadla_Solar_Park
2023-10-18 16:00:00,28.7,45,995.2,0,10.2,351.0,484.8,135.0,216.0,27.5398,71.9153,Bhadla_Solar_Park
2023-10-18 17:00:00,28.6,50,995.5,0,6.4,156.0,283.5,86.0,70.0,27.5398,71.9153,Bhadla_Solar_Park
2023-10-18 18:00:00,26.8,65,995.7,7,6.1,19.0,32.5,16.0,3.0,27.5398,71.9153,Bhadla_Solar_Park
2023-10-18 19:00:00,25.6,68,996.0,1,7.1,0.0,0.0,0.0,0.0,27.5398,71.9153,Bhadla_Solar_Park
2023-10-18 20:00:00,24.7,69,996.4,0,9.4,0.0,0.0,0.0,0.0,27.5398,71.9153,Bhadla_Solar_Park
2023-10-18 21:00:00,23.8,74,996.4,0,11.0,0.0,0.0,0.0,0.0,27.5398,71.9153,Bhadla_Solar_Park
2023-10-18 22:00:00,23.0,78,996.3,0,10.0,0.0,0.0,0.0,0.0,27.5398,71.9153,Bhadla_Solar_Park
2023-10-18 23:00:00,22.2,81,996.1,0,8.6,0.0,0.0,0.0,0.0,27.5398,71.9153,Bhadla_Solar_Park
2023-10-19 00:00:00,21.6,83,995.7,1,8.7,0.0,0.0,0.0,0.0,27.5398,71.9153,Bhadla_Solar_Park
2023-10-19 01:00:00,21.2,84,995.4,2,9.0,0.0,0.0,0.0,0.0,27.5398,71.9153,Bhadla_Solar_Park
2023-10-19 02:00:00,20.9,85,995.2,31,8.7,0.0,0.0,0.0,0.0,27.5398,71.9153,Bhadla_Solar_Park
2023-10-19 03:00:00,20.5,86,995.1,0,8.3,0.0,0.0,0.0,0.0,27.5398,71.9153,Bhadla_Solar_Park
2023-10-19 04:00:00,20.1,87,995.2,0,7.9,0.0,0.0,0.0,0.0,27.5398,71.9153,Bhadla_Solar_Park
2023-10-19 05:00:00,20.2,91,995.6,0,9.4,0.0,0.0,0.0,0.0,27.5398,71.9153,Bhadla_Solar_Park
2023-10-19 06:00:00,20.3,90,996.0,0,10.0,0.0,0.0,0.0,0.0,27.5398,71.9153,Bhadla_Solar_Park
2023-10-19 07:00:00,21.0,86,996.5,0,10.7,24.0,49.2,19.0,5.0,27.5398,71.9153,Bhadla_Solar_Park
2023-10-19 08:00:00,23.2,76,997.1,0,8.9,167.0,291.7,90.0,77.0,27.5398,71.9153,Bhadla_Solar_Park
2023-10-19 09:00:00,25.7,64,997.8,0,11.8,360.0,483.2,138.0,222.0,27.5398,71.9153,Bhadla_Solar_Park
2023-10-19 10:00:00,27.7,52,997.8,0,11.9,537.0,595.3,169.0,368.0,27.5398,71.9153,Bhadla_Solar_Park
2023-10-19 11:00:00,29.1,45,997.5,0,7.6,667.0,658.2,187.0,480.0,27.5398,71.9153,Bhadla_Solar_Park
2023-10-19 12:00:00,30.0,41,996.6,0,3.5,733.0,685.1,195.0,538.0,27.5398,71.9153,Bhadla_Solar_Park
2023-10-19 13:00:00,30.7,38,995.3,0,2.1,730.0,685.1,194.0,536.0,27.5398,71.9153,Bhadla_Solar_Park
2023-10-19 14:00:00,31.3,36,994.5,0,4.4,657.0,656.3,184.0,473.0,27.5398,71.9153,Bhadla_Solar_Park
2023-10-19 15:00:00,31.4,36,993.8,0,6.5,522.0,592.3,164.0,358.0,27.5398,71.9153,Bhadla_Solar_Park
2023-10-19 16:00:00,31.1,38,993.6,0,8.0,343.0,473.4,134.0,209.0,27.5398,71.9153,Bhadla_Solar_Park
2023-10-19 17:00:00,30.6,37,993.7,0,9.3,150.0,275.7,83.0,67.0,27.5398,71.9153,Bhadla_Solar_Park
2023-10-19 18:00:00,28.9,47,994.2,0,8.9,17.0,33.2,14.0,3.0,27.5398,71.9153,Bhadla_Solar_Park
2023-10-19 19:00:00,27.7,52,994.6,0,7.3,0.0,0.0,0.0,0.0,27.5398,71.9153,Bhadla_Solar_Park
2023-10-19 20:00:00,27.1,56,994.9,0,5.0,0.0,0.0,0.0,0.0,27.5398,71.9153,Bhadla_Solar_Park
2023-10-19 21:00:00,26.1,54,995.4,0,12.1,0.0,0.0,0.0,0.0,27.5398,71.9153,Bhadla_Solar_Park
2023-10-19 22:00:00,25.0,58,995.4,0,13.3,0.0,0.0,0.0,0.0,27.5398,71.9153,Bhadla_Solar_Park
2023-10-19 23:00:00,24.5,55,995.1,0,13.7,0.0,0.0,0.0,0.0,27.5398,71.9153,Bhadla_Solar_Park
2023-10-20 00:00:00,23.9,54,994.8,0,13.0,0.0,0.0,0.0,0.0,27.5398,71.9153,Bhadla_Solar_Park
2023-10-20 01:00:00,23.4,55,994.5,0,12.6,0.0,0.0,0.0,0.0,27.5398,71.9153,Bhadla_Solar_Park
2023-10-20 02:00:00,22.6,59,994.3,0,10.1,0.0,0.0,0.0,0.0,27.5398,71.9153,Bhadla_Solar_Park
2023-10-20 03:00:00,21.9,62,994.3,0,10.7,0.0,0.0,0.0,0.0,27.5398,71.9153,Bhadla_Solar_Park
2023-10-20 04:00:00,21.4,65,994.6,0,11.0,0.0,0.0,0.0,0.0,27.5398,71.9153,Bhadla_Solar_Park
2023-10-20 05:00:00,22.2,71,994.9,0,12.1,0.0,0.0,0.0,0.0,27.5398,71.9153,Bhadla_Solar_Park
2023-10-20 06:00:00,22.0,71,995.6,0,12.3,0.0,0.0,0.0,0.0,27.5398,71.9153,Bhadla_Solar_Park
2023-10-20 07:00:00,22.4,69,996.2,0,12.0,24.0,49.8,19.0,5.0,27.5398,71.9153,Bhadla_Solar_Park
2023-10-20 08:00:00,24.5,60,996.8,0,10.5,168.0,298.4,90.0,78.0,27.5398,71.9153,Bhadla_Solar_Park
2023-10-20 09:00:00,27.5,51,997.3,0,11.6,361.0,490.7,137.0,224.0,27.5398,71.9153,Bhadla_Solar_Park
2023-10-20 10:00:00,30.3,40,997.5,0,12.7,538.0,603.3,167.0,371.0,27.5398,71.9153,Bhadla_Solar_Park
2023-10-20 11:00:00,31.7,35,996.8,0,8.5,668.0,665.5,185.0,483.0,27.5398,71.9153,Bhadla_Solar_Park
2023-10-20 12:00:00,32.4,33,995.9,0,5.2,736.0,694.8,193.0,543.0,27.5398,71.9153,Bhadla_Solar_Park
2023-10-20 13:00:00,33.1,30,994.8,2,4.7,734.0,696.3,192.0,542.0,27.5398,71.9153,Bhadla_Solar_Park
2023-10-20 14:00:00,33.6,28,993.9,29,4.5,656.0,661.4,182.0,474.0,27.5398,71.9153,Bhadla_Solar_Park
2023-10-20 15:00:00,33.7,25,993.6,41,8.2,464.0,479.8,176.0,288.0,27.5398,71.9153,Bhadla_Solar_Park
2023-10-20 16:00:00,33.3,26,993.4,23,10.7,294.0,374.9,130.0,164.0,27.5398,71.9153,Bhadla_Solar_Park
2023-10-20 17:00:00,32.9,26,993.9,9,10.6,131.0,225.8,77.0,54.0,27.5398,71.9153,Bhadla_Solar_Park
2023-10-20 18:00:00,30.9,33,994.5,22,11.9,14.0,22.6,12.0,2.0,27.5398,71.9153,Bhadla_Solar_Park
2023-10-20 19:00:00,29.4,39,994.9,17,8.1,0.0,0.0,0.0,0.0,27.5398,71.9153,Bhadla_Solar_Park
2023-10-20 20:00:00,29.2,39,995.0,6,6.1,0.0,0.0,0.0,0.0,27.5398,71.9153,Bhadla_Solar_Park
2023-10-20 21:00:00,27.6,39,995.4,7,14.3,0.0,0.0,0.0,0.0,27.5398,71.9153,Bhadla_Solar_Park
2023-10-20 22:00:00,26.1,45,995.6,4,15.3,0.0,0.0,0.0,0.0,27.5398,71.9153,Bhadla_Solar_Park
2023-10-20 23:00:00,25.2,50,995.4,0,13.4,0.0,0.0,0.0,0.0,27.5398,71.9153,Bhadla_Solar_Park
2023-10-21 00:00:00,24.5,54,994.8,0,13.7,0.0,0.0,0.0,0.0,27.5398,71.9153,Bhadla_Solar_Park
2023-10-21 01:00:00,23.7,57,994.6,0,13.3,0.0,0.0,0.0,0.0,27.5398,71.9153,Bhadla_Solar_Park
2023-10-21 02:00:00,23.2,56,994.2,0,12.9,0.0,0.0,0.0,0.0,27.5398,71.9153,Bhadla_Solar_Park
2023-10-21 03:00:00,22.7,58,994.0,0,11.8,0.0,0.0,0.0,0.0,27.5398,71.9153,Bhadla_Solar_Park
2023-10-21 04:00:00,22.1,61,994.2,0,11.5,0.0,0.0,0.0,0.0,27.5398,71.9153,Bhadla_Solar_Park
2023-10-21 05:00:00,22.5,73,994.7,0,13.1,0.0,0.0,0.0,0.0,27.5398,71.9153,Bhadla_Solar_Park
2023-10-21 06:00:00,22.5,73,995.4,0,12.7,0.0,0.0,0.0,0.0,27.5398,71.9153,Bhadla_Solar_Park
2023-10-21 07:00:00,22.8,71,996.0,0,12.8,23.0,50.5,18.0,5.0,27.5398,71.9153,Bhadla_Solar_Park
2023-10-21 08:00:00,24.9,63,996.6,0,11.2,164.0,289.8,89.0,75.0,27.5398,71.9153,Bhadla_Solar_Park
2023-10-21 09:00:00,27.7,52,997.1,0,12.7,356.0,485.0,136.0,220.0,27.5398,71.9153,Bhadla_Solar_Park
2023-10-21 10:00:00,30.6,41,997.0,0,14.2,533.0,600.0,166.0,367.0,27.5398,71.9153,Bhadla_Solar_Park
2023-10-21 11:00:00,32.9,32,996.4,0,13.0,662.0,663.2,183.0,479.0,27.5398,71.9153,Bhadla_Solar_Park
2023-10-21 12:00:00,34.0,27,995.7,13,10.7,728.0,690.4,191.0,537.0,27.5398,71.9153,Bhadla_Solar_Park
2023-10-21 13:00:00,34.8,23,994.6,30,11.1,668.0,590.0,211.0,457.0,27.5398,71.9153,Bhadla_Solar_Park
2023-10-21 14:00:00,34.8,22,994.0,17,8.5,567.0,508.0,205.0,362.0,27.5398,71.9153,Bhadla_Solar_Park
2023-10-21 15:00:00,28.7,47,994.5,50,45.2,452.0,486.3,162.0,290.0,27.5398,71.9153,Bhadla_Solar_Park
2023-10-21 16:00:00,31.1,35,994.6,41,29.3,241.0,263.0,127.0,114.0,27.5398,71.9153,Bhadla_Solar_Park
2023-10-21 17:00:00,34.4,21,993.0,27,7.5,136.0,221.0,84.0,52.0,27.5398,71.9153,Bhadla_Solar_Park
2023-10-21 18:00:00,33.1,27,993.9,22,3.3,15.0,34.6,12.0,3.0,27.5398,71.9153,Bhadla_Solar_Park
2023-10-21 19:00:00,30.4,37,994.5,30,6.2,0.0,0.0,0.0,0.0,27.5398,71.9153,Bhadla_Solar_Park
2023-10-21 20:00:00,29.5,33,995.5,8,18.1,0.0,0.0,0.0,0.0,27.5398,71.9153,Bhadla_Solar_Park
2023-10-21 21:00:00,28.3,34,996.1,15,21.3,0.0,0.0,0.0,0.0,27.5398,71.9153,Bhadla_Solar_Park
2023-10-21 22:00:00,26.8,43,995.7,0,21.2,0.0,0.0,0.0,0.0,27.5398,71.9153,Bhadla_Solar_Park
2023-10-21 23:00:00,25.8,47,995.5,0,18.9,0.0,0.0,0.0,0.0,27.5398,71.9153,Bhadla_Solar_Park
2023-10-22 00:00:00,24.7,54,995.4,0,15.5,0.0,0.0,0.0,0.0,27.5398,71.9153,Bhadla_Solar_Park
2023-10-22 01:00:00,24.3,56,995.0,1,15.0,0.0,0.0,0.0,0.0,27.5398,71.9153,Bhadla_Solar_Park
2023-10-22 02:00:00,23.8,56,994.5,7,14.7,0.0,0.0,0.0,0.0,27.5398,71.9153,Bhadla_Solar_Park
2023-10-22 03:00:00,23.1,57,994.6,32,13.7,0.0,0.0,0.0,0.0,27.5398,71.9153,Bhadla_Solar_Park
2023-10-22 04:00:00,22.6,58,994.7,98,12.5,0.0,0.0,0.0,0.0,27.5398,71.9153,Bhadla_Solar_Park
2023-10-22 05:00:00,24.7,60,995.5,59,11.4,0.0,0.0,0.0,0.0,27.5398,71.9153,Bhadla_Solar_Park
2023-10-22 06:00:00,22.8,67,996.8,100,11.0,0.0,0.0,0.0,0.0,27.5398,71.9153,Bhadla_Solar_Park
2023-10-22 07:00:00,22.8,69,997.3,100,19.5,17.0,10.2,16.0,1.0,27.5398,71.9153,Bhadla_Solar_Park
2023-10-22 08:00:00,24.7,62,997.3,99,12.6,130.0,160.1,89.0,41.0,27.5398,71.9153,Bhadla_Solar_Park
2023-10-22 09:00:00,26.5,57,998.3,79,18.3,294.0,288.5,164.0,130.0,27.5398,71.9153,Bhadla_Solar_Park
2023-10-22 10:00:00,28.2,46,997.9,59,19.1,410.0,355.0,194.0,216.0,27.5398,71.9153,Bhadla_Solar_Park
2023-10-22 11:00:00,30.7,38,997.6,78,18.3,629.0,591.3,204.0,425.0,27.5398,71.9153,Bhadla_Solar_Park
2023-10-22 12:00:00,31.7,33,996.6,43,16.2,695.0,600.7,230.0,465.0,27.5398,71.9153,Bhadla_Solar_Park
2023-10-22 13:00:00,32.7,30,995.6,72,14.0,715.0,668.3,200.0,515.0,27.5398,71.9153,Bhadla_Solar_Park
2023-10-22 14:00:00,32.3,30,995.0,67,10.5,557.0,457.2,233.0,324.0,27.5398,71.9153,Bhadla_Solar_Park
2023-10-22 15:00:00,32.0,30,994.6,42,5.3,316.0,202.6,196.0,120.0,27.5398,71.9153,Bhadla_Solar_Park
2023-10-22 16:00:00,32.2,29,994.6,24,2.6,308.0,377.1,146.0,162.0,27.5398,71.9153,Bhadla_Solar_Park
2023-10-22 17:00:00,31.9,28,994.5,18,11.5,130.0,220.2,79.0,51.0,27.5398,71.9153,Bhadla_Solar_Park
2023-10-22 18:00:00,29.1,42,994.8,7,8.6,14.0,23.6,12.0,2.0,27.5398,71.9153,Bhadla_Solar_Park
2023-10-22 19:00:00,27.6,47,995.2,14,10.0,0.0,0.0,0.0,0.0,27.5398,71.9153,Bhadla_Solar_Park
2023-10-22 20:00:00,26.2,54,995.7,3,8.9,0.0,0.0,0.0,0.0,27.5398,71.9153,Bhadla_Solar_Park
2023-10-22 21:00:00,25.4,56,996.2,1,9.5,0.0,0.0,0.0,0.0,27.5398,71.9153,Bhadla_Solar_Park
2023-10-22 22:00:00,24.9,61,996.1,0,6.2,0.0,0.0,0.0,0.0,27.5398,71.9153,Bhadla_Solar_Park
2023-10-22 23:00:00,24.7,55,996.1,0,14.9,0.0,0.0,0.0,0.0,27.5398,71.9153,Bhadla_Solar_Park
2023-10-23 00:00:00,23.6,56,995.5,0,12.8,0.0,0.0,0.0,0.0,27.5398,71.9153,Bhadla_Solar_Park
2023-10-23 01:00:00,22.7,59,995.1,0,12.4,0.0,0.0,0.0,0.0,27.5398,71.9153,Bhadla_Solar_Park
2023-10-23 02:00:00,22.1,62,994.9,0,11.4,0.0,0.0,0.0,0.0,27.5398,71.9153,Bhadla_Solar_Park
2023-10-23 03:00:00,21.4,66,994.7,0,10.9,0.0,0.0,0.0,0.0,27.5398,71.9153,Bhadla_Solar_Park
2023-10-23 04:00:00,20.8,71,995.0,0,10.9,0.0,0.0,0.0,0.0,27.5398,71.9153,Bhadla_Solar_Park
2023-10-23 05:00:00,21.1,74,995.6,0,9.0,0.0,0.0,0.0,0.0,27.5398,71.9153,Bhadla_Solar_Park
2023-10-23 06:00:00,20.6,78,996.1,0,8.0,0.0,0.0,0.0,0.0,27.5398,71.9153,Bhadla_Solar_Park
2023-10-23 07:00:00,20.8,76,996.3,0,9.2,21.0,41.5,17.0,4.0,27.5398,71.9153,Bhadla_Solar_Park
2023-10-23 08:00:00,22.8,69,997.1,0,8.3,162.0,292.0,88.0,74.0,27.5398,71.9153,Bhadla_Solar_Park
2023-10-23 09:00:00,25.5,61,997.5,0,7.6,354.0,489.2,135.0,219.0,27.5398,71.9153,Bhadla_Solar_Park
2023-10-23 10:00:00,28.6,49,997.3,0,7.9,532.0,608.1,164.0,368.0,27.5398,71.9153,Bhadla_Solar_Park
2023-10-23 11:00:00,30.9,38,996.5,0,8.2,662.0,671.1,182.0,480.0,27.5398,71.9153,Bhadla_Solar_Park
2023-10-23 12:00:00,32.0,33,995.3,0,5.6,728.0,699.7,189.0,539.0,27.5398,71.9153,Bhadla_Solar_Park
2023-10-23 13:00:00,32.5,30,994.3,0,0.5,725.0,700.4,188.0,537.0,27.5398,71.9153,Bhadla_Solar_Park
2023-10-23 14:00:00,33.1,27,993.4,18,5.4,651.0,671.2,178.0,473.0,27.5398,71.9153,Bhadla_Solar_Park
2023-10-23 15:00:00,33.3,24,993.0,53,7.4,484.0,535.3,169.0,315.0,27.5398,71.9153,Bhadla_Solar_Park
2023-10-23 16:00:00,33.1,24,993.0,48,8.4,263.0,303.0,134.0,129.0,27.5398,71.9153,Bhadla_Solar_Park
2023-10-23 17:00:00,31.8,44,993.0,62,4.6,118.0,184.2,76.0,42.0,27.5398,71.9153,Bhadla_Solar_Park
2023-10-23 18:00:00,29.4,32,993.4,26,9.6,14.0,24.1,12.0,2.0,27.5398,71.9153,Bhadla_Solar_Park
2023-10-23 19:00:00,27.6,32,994.0,19,9.8,0.0,0.0,0.0,0.0,27.5398,71.9153,Bhadla_Solar_Park
2023-10-23 20:00:00,26.7,38,994.2,3,6.8,0.0,0.0,0.0,0.0,27.5398,71.9153,Bhadla_Solar_Park
2023-10-23 21:00:00,25.6,37,994.2,1,10.5,0.0,0.0,0.0,0.0,27.5398,71.9153,Bhadla_Solar_Park
2023-10-23 22:00:00,24.4,39,994.5,0,13.0,0.0,0.0,0.0,0.0,27.5398,71.9153,Bhadla_Solar_Park
2023-10-23 23:00:00,22.8,50,994.5,0,11.5,0.0,0.0,0.0,0.0,27.5398,71.9153,Bhadla_Solar_Park
2023-10-24 00:00:00,21.9,57,994.0,0,9.6,0.0,0.0,0.0,0.0,27.5398,71.9153,Bhadla_Solar_Park
2023-10-24 01:00:00,22.0,49,993.8,0,14.6,0.0,0.0,0.0,0.0,27.5398,71.9153,Bhadla_Solar_Park
2023-10-24 02:00:00,21.6,47,993.3,0,14.5,0.0,0.0,0.0,0.0,27.5398,71.9153,Bhadla_Solar_Park
2023-10-24 03:00:00,21.1,48,993.1,0,15.5,0.0,0.0,0.0,0.0,27.5398,71.9153,Bhadla_Solar_Park
2023-10-24 04:00:00,20.7,48,992.9,0,15.1,0.0,0.0,0.0,0.0,27.5398,71.9153,Bhadla_Solar_Park
2023-10-24 05:00:00,21.3,58,993.6,0,14.2,0.0,0.0,0.0,0.0,27.5398,71.9153,Bhadla_Solar_Park
2023-10-24 06:00:00,21.2,60,994.1,10,15.0,0.0,0.0,0.0,0.0,27.5398,71.9153,Bhadla_Solar_Park
2023-10-24 07:00:00,21.6,60,994.8,8,14.8,20.0,42.0,16.0,4.0,27.5398,71.9153,Bhadla_Solar_Park
2023-10-24 08:00:00,23.6,55,995.6,20,12.7,152.0,267.2,85.0,67.0,27.5398,71.9153,Bhadla_Solar_Park
2023-10-24 09:00:00,26.2,49,996.2,16,14.1,340.0,458.8,136.0,204.0,27.5398,71.9153,Bhadla_Solar_Park
2023-10-24 10:00:00,28.8,41,995.9,5,15.3,507.0,554.9,173.0,334.0,27.5398,71.9153,Bhadla_Solar_Park
2023-10-24 11:00:00,31.4,33,995.5,1,16.1,644.0,646.4,184.0,460.0,27.5398,71.9153,Bhadla_Solar_Park
2023-10-24 12:00:00,33.2,24,994.6,0,13.1,724.0,697.9,189.0,535.0,27.5398,71.9153,Bhadla_Solar_Park
2023-10-24 13:00:00,33.9,20,993.8,10,8.2,710.0,681.6,190.0,520.0,27.5398,71.9153,Bhadla_Solar_Park
2023-10-24 14:00:00,34.0,19,993.1,22,4.7,599.0,555.1,210.0,389.0,27.5398,71.9153,Bhadla_Solar_Park
2023-10-24 15:00:00,34.1,18,992.9,24,6.3,465.0,492.7,177.0,288.0,27.5398,71.9153,Bhadla_Solar_Park
2023-10-24 16:00:00,33.7,18,992.9,9,8.4,308.0,414.6,133.0,175.0,27.5398,71.9153,Bhadla_Solar_Park
2023-10-24 17:00:00,32.0,24,993.2,6,7.9,136.0,258.4,78.0,58.0,27.5398,71.9153,Bhadla_Solar_Park
2023-10-24 18:00:00,30.6,17,992.9,4,15.6,13.0,24.6,11.0,2.0,27.5398,71.9153,Bhadla_Solar_Park
2023-10-24 19:00:00,28.0,27,993.3,8,8.4,0.0,0.0,0.0,0.0,27.5398,71.9153,Bhadla_Solar_Park
2023-10-24 20:00:00,26.6,30,993.7,29,8.7,0.0,0.0,0.0,0.0,27.5398,71.9153,Bhadla_Solar_Park
2023-10-24 21:00:00,26.3,31,994.3,1,11.1,0.0,0.0,0.0,0.0,27.5398,71.9153,Bhadla_Solar_Park
2023-10-24 22:00:00,24.9,35,994.2,0,9.7,0.0,0.0,0.0,0.0,27.5398,71.9153,Bhadla_Solar_Park
2023-10-24 23:00:00,24.4,34,994.2,0,14.3,0.0,0.0,0.0,0.0,27.5398,71.9153,Bhadla_Solar_Park
2023-10-25 00:00:00,22.9,37,994.3,0,14.2,0.0,0.0,0.0,0.0,27.5398,71.9153,Bhadla_Solar_Park
2023-10-25 01:00:00,21.5,41,994.2,0,9.6,0.0,0.0,0.0,0.0,27.5398,71.9153,Bhadla_Solar_Park
2023-10-25 02:00:00,21.2,40,993.9,0,12.7,0.0,0.0,0.0,0.0,27.5398,71.9153,Bhadla_Solar_Park
2023-10-25 03:00:00,20.8,41,993.8,0,13.0,0.0,0.0,0.0,0.0,27.5398,71.9153,Bhadla_Solar_Park
2023-10-25 04:00:00,20.8,40,994.0,0,14.3,0.0,0.0,0.0,0.0,27.5398,71.9153,Bhadla_Solar_Park
2023-10-25 05:00:00,20.5,41,994.4,0,13.7,0.0,0.0,0.0,0.0,27.5398,71.9153,Bhadla_Solar_Park
2023-10-25 06:00:00,20.9,50,995.3,0,13.8,0.0,0.0,0.0,0.0,27.5398,71.9153,Bhadla_Solar_Park
2023-10-25 07:00:00,20.9,51,995.9,0,12.7,20.0,42.6,16.0,4.0,27.5398,71.9153,Bhadla_Solar_Park
2023-10-25 08:00:00,23.1,46,996.8,0,10.2,160.0,298.4,86.0,74.0,27.5398,71.9153,Bhadla_Solar_Park
2023-10-25 09:00:00,25.8,40,997.9,0,8.4,355.0,500.4,134.0,221.0,27.5398,71.9153,Bhadla_Solar_Park
2023-10-25 10:00:00,28.7,34,998.0,0,9.2,533.0,618.1,163.0,370.0,27.5398,71.9153,Bhadla_Solar_Park
2023-10-25 11:00:00,31.2,28,997.6,0,10.6,664.0,682.1,181.0,483.0,27.5398,71.9153,Bhadla_Solar_Park
2023-10-25 12:00:00,32.8,23,996.6,0,8.8,731.0,711.8,188.0,543.0,27.5398,71.9153,Bhadla_Solar_Park
2023-10-25 13:00:00,33.8,18,995.6,0,4.3,727.0,711.4,187.0,540.0,27.5398,71.9153,Bhadla_Solar_Park
2023-10-25 14:00:00,34.2,16,994.9,0,2.2,653.0,681.5,178.0,475.0,27.5398,71.9153,Bhadla_Solar_Park
2023-10-25 15:00:00,34.5,15,994.6,0,6.0,516.0,614.7,159.0,357.0,27.5398,71.9153,Bhadla_Solar_Park
2023-10-25 16:00:00,34.3,15,994.4,0,7.6,333.0,487.5,129.0,204.0,27.5398,71.9153,Bhadla_Solar_Park
2023-10-25 17:00:00,33.0,18,994.4,0,7.0,138.0,276.0,77.0,61.0,27.5398,71.9153,Bhadla_Solar_Park
2023-10-25 18:00:00,30.7,21,994.7,0,12.6,12.0,25.2,10.0,2.0,27.5398,71.9153,Bhadla_Solar_Park
2023-10-25 19:00:00,29.2,25,995.0,0,10.2,0.0,0.0,0.0,0.0,27.5398,71.9153,Bhadla_Solar_Park
2023-10-25 20:00:00,30.1,23,995.7,0,0.5,0.0,0.0,0.0,0.0,27.5398,71.9153,Bhadla_Solar_Park
2023-10-25 21:00:00,26.6,36,996.1,0,5.6,0.0,0.0,0.0,0.0,27.5398,71.9153,Bhadla_Solar_Park
2023-10-25 22:00:00,24.5,42,995.9,0,9.5,0.0,0.0,0.0,0.0,27.5398,71.9153,Bhadla_Solar_Park
2023-10-25 23:00:00,23.5,46,995.7,0,10.7,0.0,0.0,0.0,0.0,27.5398,71.9153,Bhadla_Solar_Park
2023-10-26 00:00:00,22.4,50,995.2,0,9.2,0.0,0.0,0.0,0.0,27.5398,71.9153,Bhadla_Solar_Park
2023-10-26 01:00:00,21.7,50,994.8,0,10.0,0.0,0.0,0.0,0.0,27.5398,71.9153,Bhadla_Solar_Park
2023-10-26 02:00:00,21.2,49,994.3,0,11.5,0.0,0.0,0.0,0.0,27.5398,71.9153,Bhadla_Solar_Park
2023-10-26 03:00:00,20.8,48,994.0,0,11.4,0.0,0.0,0.0,0.0,27.5398,71.9153,Bhadla_Solar_Park
2023-10-26 04:00:00,20.4,49,993.9,0,11.5,0.0,0.0,0.0,0.0,27.5398,71.9153,Bhadla_Solar_Park
2023-10-26 05:00:00,20.0,48,994.1,0,11.9,0.0,0.0,0.0,0.0,27.5398,71.9153,Bhadla_Solar_Park
2023-10-26 06:00:00,20.8,55,995.0,0,13.4,0.0,0.0,0.0,0.0,27.5398,71.9153,Bhadla_Solar_Park
2023-10-26 07:00:00,21.2,54,995.6,0,11.7,20.0,43.2,16.0,4.0,27.5398,71.9153,Bhadla_Solar_Park
2023-10-26 08:00:00,24.0,45,996.5,0,10.8,160.0,305.8,85.0,75.0,27.5398,71.9153,Bhadla_Solar_Park
2023-10-26 09:00:00,27.5,36,997.4,0,9.0,356.0,508.5,133.0,223.0,27.5398,71.9153,Bhadla_Solar_Park
2023-10-26 10:00:00,30.8,29,997.6,0,9.0,535.0,625.0,163.0,372.0,27.5398,71.9153,Bhadla_Solar_Park
2023-10-26 11:00:00,33.4,20,997.1,0,11.2,666.0,689.8,180.0,486.0,27.5398,71.9153,Bhadla_Solar_Park
2023-10-26 12:00:00,34.5,14,996.0,0,7.1,732.0,716.6,188.0,544.0,27.5398,71.9153,Bhadla_Solar_Park
2023-10-26 13:00:00,34.9,13,994.6,0,6.2,729.0,717.6,187.0,542.0,27.5398,71.9153,Bhadla_Solar_Park
2023-10-26 14:00:00,35.2,12,993.8,0,6.5,654.0,688.2,177.0,477.0,27.5398,71.9153,Bhadla_Solar_Park
2023-10-26 15:00:00,35.3,12,993.3,0,9.3,516.0,618.7,159.0,357.0,27.5398,71.9153,Bhadla_Solar_Park
2023-10-26 16:00:00,34.9,12,993.3,0,14.0,332.0,491.8,128.0,204.0,27.5398,71.9153,Bhadla_Solar_Park
2023-10-26 17:00:00,33.5,14,993.6,0,17.0,137.0,275.8,77.0,60.0,27.5398,71.9153,Bhadla_Solar_Park
2023-10-26 18:00:00,31.7,15,993.7,0,14.7,12.0,25.7,10.0,2.0,27.5398,71.9153,Bhadla_Solar_Park
2023-10-26 19:00:00,29.7,23,994.1,0,5.5,0.0,0.0,0.0,0.0,27.5398,71.9153,Bhadla_Solar_Park
2023-10-26 20:00:00,27.8,25,994.3,0,15.8,0.0,0.0,0.0,0.0,27.5398,71.9153,Bhadla_Solar_Park
2023-10-26 21:00:00,26.9,28,994.6,0,15.0,0.0,0.0,0.0,0.0,27.5398,71.9153,Bhadla_Solar_Park
2023-10-26 22:00:00,25.7,31,994.5,0,14.1,0.0,0.0,0.0,0.0,27.5398,71.9153,Bhadla_Solar_Park
2023-10-26 23:00:00,24.6,32,994.4,0,11.8,0.0,0.0,0.0,0.0,27.5398,71.9153,Bhadla_Solar_Park
2023-10-27 00:00:00,23.3,35,993.8,0,11.6,0.0,0.0,0.0,0.0,27.5398,71.9153,Bhadla_Solar_Park
2023-10-27 01:00:00,22.8,34,993.3,0,14.2,0.0,0.0,0.0,0.0,27.5398,71.9153,Bhadla_Solar_Park
2023-10-27 02:00:00,22.6,32,992.9,0,16.1,0.0,0.0,0.0,0.0,27.5398,71.9153,Bhadla_Solar_Park
2023-10-27 03:00:00,21.8,34,992.8,0,14.0,0.0,0.0,0.0,0.0,27.5398,71.9153,Bhadla_Solar_Park
2023-10-27 04:00:00,21.5,34,992.8,0,14.2,0.0,0.0,0.0,0.0,27.5398,71.9153,Bhadla_Solar_Park
2023-10-27 05:00:00,21.1,36,992.9,0,14.4,0.0,0.0,0.0,0.0,27.5398,71.9153,Bhadla_Solar_Park
2023-10-27 06:00:00,21.3,42,993.9,0,15.2,0.0,0.0,0.0,0.0,27.5398,71.9153,Bhadla_Solar_Park
2023-10-27 07:00:00,21.9,41,994.1,0,15.3,19.0,43.9,15.0,4.0,27.5398,71.9153,Bhadla_Solar_Park
2023-10-27 08:00:00,24.6,36,994.9,0,12.6,157.0,296.9,85.0,72.0,27.5398,71.9153,Bhadla_Solar_Park
2023-10-27 09:00:00,27.8,30,995.7,0,10.8,350.0,500.6,132.0,218.0,27.5398,71.9153,Bhadla_Solar_Park
2023-10-27 10:00:00,31.5,21,995.6,21,14.7,526.0,616.7,161.0,365.0,27.5398,71.9153,Bhadla_Solar_Park
2023-10-27 11:00:00,33.6,19,994.8,6,15.3,653.0,673.3,181.0,472.0,27.5398,71.9153,Bhadla_Solar_Park
2023-10-27 12:00:00,34.9,19,993.7,100,14.2,718.0,701.6,188.0,530.0,27.5398,71.9153,Bhadla_Solar_Park
2023-10-27 13:00:00,35.5,17,992.7,93,12.4,711.0,690.7,192.0,519.0,27.5398,71.9153,Bhadla_Solar_Park
2023-10-27 14:00:00,35.6,16,991.8,83,11.2,620.0,590.4,213.0,407.0,27.5398,71.9153,Bhadla_Solar_Park
2023-10-27 15:00:00,35.6,16,991.5,90,10.0,496.0,566.9,171.0,325.0,27.5398,71.9153,Bhadla_Solar_Park
2023-10-27 16:00:00,35.4,16,991.4,100,9.4,306.0,376.9,151.0,155.0,27.5398,71.9153,Bhadla_Solar_Park
2023-10-27 17:00:00,34.3,18,991.5,96,8.2,115.0,126.1,88.0,27.0,27.5398,71.9153,Bhadla_Solar_Park
2023-10-27 18:00:00,31.8,22,991.8,87,10.8,11.0,13.1,10.0,1.0,27.5398,71.9153,Bhadla_Solar_Park
2023-10-27 19:00:00,30.4,24,992.4,100,10.5,0.0,0.0,0.0,0.0,27.5398,71.9153,Bhadla_Solar_Park
2023-10-27 20:00:00,29.5,26,992.8,100,9.0,0.0,0.0,0.0,0.0,27.5398,71.9153,Bhadla_Solar_Park
2023-10-27 21:00:00,29.0,25,992.9,100,11.4,0.0,0.0,0.0,0.0,27.5398,71.9153,Bhadla_Solar_Park
2023-10-27 22:00:00,27.6,29,993.0,100,9.7,0.0,0.0,0.0,0.0,27.5398,71.9153,Bhadla_Solar_Park
2023-10-27 23:00:00,25.7,35,992.7,82,9.4,0.0,0.0,0.0,0.0,27.5398,71.9153,Bhadla_Solar_Park
2023-10-28 00:00:00,25.4,33,992.5,88,12.7,0.0,0.0,0.0,0.0,27.5398,71.9153,Bhadla_Solar_Park
2023-10-28 01:00:00,25.9,27,992.1,100,17.4,0.0,0.0,0.0,0.0,27.5398,71.9153,Bhadla_Solar_Park
2023-10-28 02:00:00,25.6,27,991.8,100,14.9,0.0,0.0,0.0,0.0,27.5398,71.9153,Bhadla_Solar_Park
2023-10-28 03:00:00,24.1,34,991.6,100,8.8,0.0,0.0,0.0,0.0,27.5398,71.9153,Bhadla_Solar_Park
2023-10-28 04:00:00,23.6,41,991.8,100,7.1,0.0,0.0,0.0,0.0,27.5398,71.9153,Bhadla_Solar_Park
2023-10-28 05:00:00,24.4,32,992.1,71,11.8,0.0,0.0,0.0,0.0,27.5398,71.9153,Bhadla_Solar_Park
2023-10-28 06:00:00,25.0,33,993.4,100,13.8,0.0,0.0,0.0,0.0,27.5398,71.9153,Bhadla_Solar_Park
2023-10-28 07:00:00,25.2,33,993.8,93,14.2,7.0,0.0,7.0,0.0,27.5398,71.9153,Bhadla_Solar_Park
2023-10-28 08:00:00,26.7,31,994.6,96,14.3,119.0,108.5,93.0,26.0,27.5398,71.9153,Bhadla_Solar_Park
2023-10-28 09:00:00,28.7,29,995.3,69,13.4,225.0,97.1,183.0,42.0,27.5398,71.9153,Bhadla_Solar_Park
2023-10-28 10:00:00,31.5,27,995.5,89,16.8,433.0,348.3,228.0,205.0,27.5398,71.9153,Bhadla_Solar_Park
2023-10-28 11:00:00,33.4,27,995.0,100,14.8,519.0,338.4,283.0,236.0,27.5398,71.9153,Bhadla_Solar_Park
2023-10-28 12:00:00,34.4,22,994.1,100,12.2,584.0,355.2,317.0,267.0,27.5398,71.9153,Bhadla_Solar_Park
2023-10-28 13:00:00,34.5,20,993.2,37,13.4,427.0,111.0,344.0,83.0,27.5398,71.9153,Bhadla_Solar_Park
2023-10-28 14:00:00,35.2,18,992.2,42,10.1,612.0,590.8,207.0,405.0,27.5398,71.9153,Bhadla_Solar_Park
2023-10-28 15:00:00,35.3,18,991.6,25,8.4,488.0,570.6,163.0,325.0,27.5398,71.9153,Bhadla_Solar_Park
2023-10-28 16:00:00,35.2,17,991.5,16,5.8,312.0,451.4,128.0,184.0,27.5398,71.9153,Bhadla_Solar_Park
2023-10-28 17:00:00,33.8,20,992.1,36,6.4,126.0,241.9,75.0,51.0,27.5398,71.9153,Bhadla_Solar_Park
2023-10-28 18:00:00,31.7,22,992.9,21,10.4,10.0,13.4,9.0,1.0,27.5398,71.9153,Bhadla_Solar_Park
2023-10-28 19:00:00,30.0,27,993.4,36,8.9,0.0,0.0,0.0,0.0,27.5398,71.9153,Bhadla_Solar_Park
2023-10-28 20:00:00,28.4,32,993.9,56,8.0,0.0,0.0,0.0,0.0,27.5398,71.9153,Bhadla_Solar_Park
2023-10-28 21:00:00,27.5,32,994.2,61,9.8,0.0,0.0,0.0,0.0,27.5398,71.9153,Bhadla_Solar_Park
2023-10-28 22:00:00,27.2,32,994.0,68,11.9,0.0,0.0,0.0,0.0,27.5398,71.9153,Bhadla_Solar_Park
2023-10-28 23:00:00,24.9,40,994.3,8,8.9,0.0,0.0,0.0,0.0,27.5398,71.9153,Bhadla_Solar_Park
2023-10-29 00:00:00,25.0,44,993.8,0,4.3,0.0,0.0,0.0,0.0,27.5398,71.9153,Bhadla_Solar_Park
2023-10-29 01:00:00,23.3,52,993.2,0,7.3,0.0,0.0,0.0,0.0,27.5398,71.9153,Bhadla_Solar_Park
2023-10-29 02:00:00,22.7,54,992.8,0,8.9,0.0,0.0,0.0,0.0,27.5398,71.9153,Bhadla_Solar_Park
2023-10-29 03:00:00,22.3,55,992.6,0,10.8,0.0,0.0,0.0,0.0,27.5398,71.9153,Bhadla_Solar_Park
2023-10-29 04:00:00,21.0,62,992.6,0,8.2,0.0,0.0,0.0,0.0,27.5398,71.9153,Bhadla_Solar_Park
2023-10-29 05:00:00,20.8,62,992.6,0,8.9,0.0,0.0,0.0,0.0,27.5398,71.9153,Bhadla_Solar_Park
2023-10-29 06:00:00,20.8,63,993.7,0,8.6,0.0,0.0,0.0,0.0,27.5398,71.9153,Bhadla_Solar_Park
2023-10-29 07:00:00,21.5,57,994.4,0,9.2,17.0,34.0,14.0,3.0,27.5398,71.9153,Bhadla_Solar_Park
2023-10-29 08:00:00,24.5,47,995.2,0,7.9,149.0,282.9,82.0,67.0,27.5398,71.9153,Bhadla_Solar_Park
2023-10-29 09:00:00,28.4,39,996.0,0,6.4,338.0,486.9,129.0,209.0,27.5398,71.9153,Bhadla_Solar_Park
2023-10-29 10:00:00,31.6,31,996.0,0,8.9,514.0,606.7,159.0,355.0,27.5398,71.9153,Bhadla_Solar_Park
2023-10-29 11:00:00,33.7,24,995.6,0,10.1,642.0,671.6,176.0,466.0,27.5398,71.9153,Bhadla_Solar_Park
2023-10-29 12:00:00,34.8,18,994.7,0,11.9,705.0,697.9,183.0,522.0,27.5398,71.9153,Bhadla_Solar_Park
2023-10-29 13:00:00,35.2,17,993.6,1,11.5,702.0,696.4,184.0,518.0,27.5398,71.9153,Bhadla_Solar_Park
2023-10-29 14:00:00,35.3,17,992.9,1,10.2,625.0,661.6,174.0,451.0,27.5398,71.9153,Bhadla_Solar_Park
2023-10-29 15:00:00,35.3,17,992.4,1,10.0,491.0,593.8,155.0,336.0,27.5398,71.9153,Bhadla_Solar_Park
2023-10-29 16:00:00,34.9,18,992.2,1,11.2,312.0,465.2,124.0,188.0,27.5398,71.9153,Bhadla_Solar_Park
2023-10-29 17:00:00,33.7,19,992.6,0,14.5,125.0,255.3,72.0,53.0,27.5398,71.9153,Bhadla_Solar_Park
2023-10-29 18:00:00,32.0,22,993.2,11,11.3,9.0,13.7,8.0,1.0,27.5398,71.9153,Bhadla_Solar_Park
2023-10-29 19:00:00,30.6,25,993.4,3,11.5,0.0,0.0,0.0,0.0,27.5398,71.9153,Bhadla_Solar_Park
2023-10-29 20:00:00,28.7,30,993.8,9,9.0,0.0,0.0,0.0,0.0,27.5398,71.9153,Bhadla_Solar_Park
2023-10-29 21:00:00,29.3,28,994.4,1,2.5,0.0,0.0,0.0,0.0,27.5398,71.9153,Bhadla_Solar_Park
2023-10-29 22:00:00,26.8,35,994.6,1,11.1,0.0,0.0,0.0,0.0,27.5398,71.9153,Bhadla_Solar_Park
2023-10-29 23:00:00,27.6,33,994.4,0,4.7,0.0,0.0,0.0,0.0,27.5398,71.9153,Bhadla_Solar_Park
2023-10-30 00:00:00,28.5,30,993.9,0,2.7,0.0,0.0,0.0,0.0,27.5398,71.9153,Bhadla_Solar_Park
2023-10-30 01:00:00,27.7,32,993.5,0,3.1,0.0,0.0,0.0,0.0,27.5398,71.9153,Bhadla_Solar_Park
2023-10-30 02:00:00,23.3,47,993.0,0,8.7,0.0,0.0,0.0,0.0,27.5398,71.9153,Bhadla_Solar_Park
2023-10-30 03:00:00,23.0,46,992.7,0,9.7,0.0,0.0,0.0,0.0,27.5398,71.9153,Bhadla_Solar_Park
2023-10-30 04:00:00,22.7,49,992.9,0,6.4,0.0,0.0,0.0,0.0,27.5398,71.9153,Bhadla_Solar_Park
2023-10-30 05:00:00,24.0,41,993.4,0,2.6,0.0,0.0,0.0,0.0,27.5398,71.9153,Bhadla_Solar_Park
2023-10-30 06:00:00,21.9,55,994.4,0,10.6,0.0,0.0,0.0,0.0,27.5398,71.9153,Bhadla_Solar_Park
2023-10-30 07:00:00,22.6,55,994.8,0,6.1,16.0,34.5,13.0,3.0,27.5398,71.9153,Bhadla_Solar_Park
2023-10-30 08:00:00,25.0,47,995.8,0,8.9,147.0,282.1,81.0,66.0,27.5398,71.9153,Bhadla_Solar_Park
2023-10-30 09:00:00,28.5,38,996.3,0,5.1,335.0,483.5,129.0,206.0,27.5398,71.9153,Bhadla_Solar_Park
2023-10-30 10:00:00,31.4,31,996.5,0,4.6,508.0,601.7,158.0,350.0,27.5398,71.9153,Bhadla_Solar_Park
2023-10-30 11:00:00,33.4,25,996.1,9,4.1,635.0,666.5,175.0,460.0,27.5398,71.9153,Bhadla_Solar_Park
2023-10-30 12:00:00,34.6,19,995.0,47,3.7,684.0,663.8,190.0,494.0,27.5398,71.9153,Bhadla_Solar_Park
2023-10-30 13:00:00,35.0,18,993.9,100,3.3,666.0,643.2,190.0,476.0,27.5398,71.9153,Bhadla_Solar_Park
2023-10-30 14:00:00,35.2,17,993.1,100,3.6,615.0,635.8,184.0,431.0,27.5398,71.9153,Bhadla_Solar_Park
2023-10-30 15:00:00,35.2,17,992.6,100,3.9,469.0,535.4,168.0,301.0,27.5398,71.9153,Bhadla_Solar_Park
2023-10-30 16:00:00,34.8,18,992.5,100,2.5,261.0,332.0,128.0,133.0,27.5398,71.9153,Bhadla_Solar_Park
2023-10-30 17:00:00,33.9,26,993.0,100,1.5,104.0,132.1,77.0,27.0,27.5398,71.9153,Bhadla_Solar_Park
2023-10-30 18:00:00,31.3,23,993.9,100,7.7,9.0,14.0,8.0,1.0,27.5398,71.9153,Bhadla_Solar_Park
2023-10-30 19:00:00,30.2,24,994.3,98,10.1,0.0,0.0,0.0,0.0,27.5398,71.9153,Bhadla_Solar_Park
2023-10-30 20:00:00,28.9,29,994.6,100,7.6,0.0,0.0,0.0,0.0,27.5398,71.9153,Bhadla_Solar_Park
2023-10-30 21:00:00,27.9,27,994.8,100,11.4,0.0,0.0,0.0,0.0,27.5398,71.9153,Bhadla_Solar_Park
2023-10-30 22:00:00,26.6,30,994.9,0,11.2,0.0,0.0,0.0,0.0,27.5398,71.9153,Bhadla_Solar_Park
2023-10-30 23:00:00,26.2,29,995.0,1,13.0,0.0,0.0,0.0,0.0,27.5398,71.9153,Bhadla_Solar_Park
2023-10-31 00:00:00,24.7,33,995.2,7,14.5,0.0,0.0,0.0,0.0,27.5398,71.9153,Bhadla_Solar_Park
2023-10-31 01:00:00,24.1,37,994.6,7,5.7,0.0,0.0,0.0,0.0,27.5398,71.9153,Bhadla_Solar_Park
2023-10-31 02:00:00,26.0,29,994.4,0,1.8,0.0,0.0,0.0,0.0,27.5398,71.9153,Bhadla_Solar_Park
2023-10-31 03:00:00,22.7,38,994.0,0,11.3,0.0,0.0,0.0,0.0,27.5398,71.9153,Bhadla_Solar_Park
2023-10-31 04:00:00,21.7,41,994.2,0,9.2,0.0,0.0,0.0,0.0,27.5398,71.9153,Bhadla_Solar_Park
2023-10-31 05:00:00,21.5,41,994.5,0,13.5,0.0,0.0,0.0,0.0,27.5398,71.9153,Bhadla_Solar_Park
2023-10-31 06:00:00,22.5,42,995.4,1,11.9,0.0,0.0,0.0,0.0,27.5398,71.9153,Bhadla_Solar_Park
2023-10-31 07:00:00,22.6,42,996.1,11,12.3,15.0,35.1,12.0,3.0,27.5398,71.9153,Bhadla_Solar_Park
2023-10-31 08:00:00,25.3,36,996.8,2,9.8,144.0,276.9,80.0,64.0,27.5398,71.9153,Bhadla_Solar_Park
2023-10-31 09:00:00,28.7,29,997.6,9,10.3,331.0,477.6,129.0,202.0,27.5398,71.9153,Bhadla_Solar_Park
2023-10-31 10:00:00,31.7,24,997.6,8,12.1,492.0,563.8,166.0,326.0,27.5398,71.9153,Bhadla_Solar_Park
2023-10-31 11:00:00,34.2,18,996.9,15,15.2,616.0,630.7,183.0,433.0,27.5398,71.9153,Bhadla_Solar_Park
2023-10-31 12:00:00,35.0,16,995.8,7,12.2,656.0,622.6,195.0,461.0,27.5398,71.9153,Bhadla_Solar_Park
2023-10-31 13:00:00,35.2,15,994.8,4,9.7,669.0,649.3,191.0,478.0,27.5398,71.9153,Bhadla_Solar_Park
2023-10-31 14:00:00,35.3,15,994.1,2,8.0,609.0,636.3,180.0,429.0,27.5398,71.9153,Bhadla_Solar_Park
2023-10-31 15:00:00,35.3,15,993.8,2,8.6,479.0,574.7,158.0,321.0,27.5398,71.9153,Bhadla_Solar_Park
2023-10-31 16:00:00,35.0,15,993.6,10,10.5,304.0,458.2,122.0,182.0,27.5398,71.9153,Bhadla_Solar_Park
2023-10-31 17:00:00,33.9,16,993.9,16,10.5,120.0,248.5,70.0,50.0,27.5398,71.9153,Bhadla_Solar_Park
2023-10-31 18:00:00,31.9,24,994.5,34,5.1,8.0,14.4,7.0,1.0,27.5398,71.9153,Bhadla_Solar_Park
2023-10-31 19:00:00,31.7,22,995.3,46,4.1,0.0,0.0,0.0,0.0,27.5398,71.9153,Bhadla_Solar_Park
2023-10-31 20:00:00,28.9,29,995.6,22,6.9,0.0,0.0,0.0,0.0,27.5398,71.9153,Bhadla_Solar_Park
2023-10-31 21:00:00,27.4,31,995.8,2,6.5,0.0,0.0,0.0,0.0,27.5398,71.9153,Bhadla_Solar_Park
2023-10-31 22:00:00,26.4,31,995.9,2,8.8,0.0,0.0,0.0,0.0,27.5398,71.9153,Bhadla_Solar_Park
2023-10-31 23:00:00,25.9,30,995.5,0,10.7,0.0,0.0,0.0,0.0,27.5398,71.9153,Bhadla_Solar_Park
2023-11-01 00:00:00,25.2,34,995.4,0,6.8,0.0,0.0,0.0,0.0,27.5398,71.9153,Bhadla_Solar_Park
2023-11-01 01:00:00,24.1,37,995.5,0,5.4,0.0,0.0,0.0,0.0,27.5398,71.9153,Bhadla_Solar_Park
2023-11-01 02:00:00,22.7,41,995.3,0,7.2,0.0,0.0,0.0,0.0,27.5398,71.9153,Bhadla_Solar_Park
2023-11-01 03:00:00,22.6,38,994.9,0,10.7,0.0,0.0,0.0,0.0,27.5398,71.9153,Bhadla_Solar_Park
2023-11-01 04:00:00,22.4,37,994.8,0,13.3,0.0,0.0,0.0,0.0,27.5398,71.9153,Bhadla_Solar_Park
2023-11-01 05:00:00,21.3,40,995.0,0,12.9,0.0,0.0,0.0,0.0,27.5398,71.9153,Bhadla_Solar_Park
2023-11-01 06:00:00,21.6,45,996.6,1,11.4,0.0,0.0,0.0,0.0,27.5398,71.9153,Bhadla_Solar_Park
2023-11-01 07:00:00,21.7,44,997.0,4,10.2,15.0,35.7,12.0,3.0,27.5398,71.9153,Bhadla_Solar_Park
2023-11-01 08:00:00,24.2,37,997.6,0,8.6,141.0,271.7,79.0,62.0,27.5398,71.9153,Bhadla_Solar_Park
2023-11-01 09:00:00,28.0,29,998.1,1,8.1,327.0,474.1,128.0,199.0,27.5398,71.9153,Bhadla_Solar_Park
2023-11-01 10:00:00,31.3,25,998.0,2,8.9,496.0,584.5,160.0,336.0,27.5398,71.9153,Bhadla_Solar_Park
2023-11-01 11:00:00,33.8,20,997.2,12,11.7,624.0,651.6,179.0,445.0,27.5398,71.9153,Bhadla_Solar_Park
2023-11-01 12:00:00,34.8,16,996.2,10,9.2,654.0,632.6,188.0,466.0,27.5398,71.9153,Bhadla_Solar_Park
2023-11-01 13:00:00,35.1,16,995.2,9,7.8,663.0,639.0,195.0,468.0,27.5398,71.9153,Bhadla_Solar_Park
2023-11-01 14:00:00,35.2,16,994.7,3,7.4,579.0,575.7,193.0,386.0,27.5398,71.9153,Bhadla_Solar_Park
2023-11-01 15:00:00,34.9,15,994.4,22,5.0,397.0,414.4,167.0,230.0,27.5398,71.9153,Bhadla_Solar_Park
2023-11-01 16:00:00,35.0,14,994.4,29,3.3,232.0,307.2,111.0,121.0,27.5398,71.9153,Bhadla_Solar_Park
2023-11-01 17:00:00,33.5,24,994.5,41,3.2,95.0,171.7,61.0,34.0,27.5398,71.9153,Bhadla_Solar_Park
2023-11-01 18:00:00,30.8,24,994.9,90,6.8,7.0,14.7,6.0,1.0,27.5398,71.9153,Bhadla_Solar_Park
2023-11-01 19:00:00,30.0,20,995.5,51,13.3,0.0,0.0,0.0,0.0,27.5398,71.9153,Bhadla_Solar_Park
2023-11-01 20:00:00,28.8,21,995.8,17,14.0,0.0,0.0,0.0,0.0,27.5398,71.9153,Bhadla_Solar_Park
2023-11-01 21:00:00,27.7,23,995.7,35,13.8,0.0,0.0,0.0,0.0,27.5398,71.9153,Bhadla_Solar_Park
2023-11-01 22:00:00,26.3,25,995.8,8,12.1,0.0,0.0,0.0,0.0,27.5398,71.9153,Bhadla_Solar_Park
2023-11-01 23:00:00,24.9,28,995.6,0,11.3,0.0,0.0,0.0,0.0,27.5398,71.9153,Bhadla_Solar_Park
2023-11-02 00:00:00,23.9,30,995.1,0,10.6,0.0,0.0,0.0,0.0,27.5398,71.9153,Bhadla_Solar_Park
2023-11-02 01:00:00,23.4,30,994.8,0,12.4,0.0,0.0,0.0,0.0,27.5398,71.9153,Bhadla_Solar_Park
2023-11-02 02:00:00,22.5,31,994.4,0,11.4,0.0,0.0,0.0,0.0,27.5398,71.9153,Bhadla_Solar_Park
2023-11-02 03:00:00,21.1,36,994.5,0,9.0,0.0,0.0,0.0,0.0,27.5398,71.9153,Bhadla_Solar_Park
2023-11-02 04:00:00,20.1,43,994.4,0,7.3,0.0,0.0,0.0,0.0,27.5398,71.9153,Bhadla_Solar_Park
2023-11-02 05:00:00,20.3,39,994.7,0,9.9,0.0,0.0,0.0,0.0,27.5398,71.9153,Bhadla_Solar_Park
2023-11-02 06:00:00,21.3,48,995.9,0,10.4,0.0,0.0,0.0,0.0,27.5398,71.9153,Bhadla_Solar_Park
2023-11-02 07:00:00,21.6,48,996.2,0,10.9,14.0,24.2,12.0,2.0,27.5398,71.9153,Bhadla_Solar_Park
2023-11-02 08:00:00,23.8,41,996.7,0,9.0,140.0,270.8,79.0,61.0,27.5398,71.9153,Bhadla_Solar_Park
2023-11-02 09:00:00,26.8,33,997.3,0,9.1,326.0,477.8,127.0,199.0,27.5398,71.9153,Bhadla_Solar_Park
2023-11-02 10:00:00,30.1,25,997.2,0,10.2,499.0,600.3,156.0,343.0,27.5398,71.9153,Bhadla_Solar_Park
2023-11-02 11:00:00,32.7,20,996.4,0,10.7,627.0,666.9,174.0,453.0,27.5398,71.9153,Bhadla_Solar_Park
2023-11-02 12:00:00,33.9,19,995.6,0,8.4,692.0,697.2,181.0,511.0,27.5398,71.9153,Bhadla_Solar_Park
2023-11-02 13:00:00,34.4,16,994.6,0,3.1,688.0,695.8,181.0,507.0,27.5398,71.9153,Bhadla_Solar_Park
2023-11-02 14:00:00,34.5,15,993.6,3,2.5,611.0,659.9,171.0,440.0,27.5398,71.9153,Bhadla_Solar_Park
2023-11-02 15:00:00,34.6,15,993.1,6,3.6,472.0,578.5,153.0,319.0,27.5398,71.9153,Bhadla_Solar_Park
2023-11-02 16:00:00,34.2,15,993.0,10,5.9,284.0,409.7,124.0,160.0,27.5398,71.9153,Bhadla_Solar_Park
2023-11-02 17:00:00,33.3,16,992.9,25,6.9,111.0,230.7,66.0,45.0,27.5398,71.9153,Bhadla_Solar_Park
2023-11-02 18:00:00,31.0,20,993.3,11,6.9,7.0,15.0,6.0,1.0,27.5398,71.9153,Bhadla_Solar_Park
2023-11-02 19:00:00,31.7,16,993.6,11,3.1,0.0,0.0,0.0,0.0,27.5398,71.9153,Bhadla_Solar_Park
2023-11-02 20:00:00,29.8,20,993.8,10,4.7,0.0,0.0,0.0,0.0,27.5398,71.9153,Bhadla_Solar_Park
2023-11-02 21:00:00,26.9,24,993.8,0,10.2,0.0,0.0,0.0,0.0,27.5398,71.9153,Bhadla_Solar_Park
2023-11-02 22:00:00,27.1,25,993.8,0,5.8,0.0,0.0,0.0,0.0,27.5398,71.9153,Bhadla_Solar_Park
2023-11-02 23:00:00,26.0,27,993.4,0,5.4,0.0,0.0,0.0,0.0,27.5398,71.9153,Bhadla_Solar_Park
2023-11-03 00:00:00,23.8,29,992.8,0,11.5,0.0,0.0,0.0,0.0,27.5398,71.9153,Bhadla_Solar_Park
2023-11-03 01:00:00,24.4,26,992.8,0,3.4,0.0,0.0,0.0,0.0,27.5398,71.9153,Bhadla_Solar_Park
2023-11-03 02:00:00,24.0,27,992.5,0,3.3,0.0,0.0,0.0,0.0,27.5398,71.9153,Bhadla_Solar_Park
2023-11-03 03:00:00,21.6,31,992.1,0,13.9,0.0,0.0,0.0,0.0,27.5398,71.9153,Bhadla_Solar_Park
2023-11-03 04:00:00,20.4,33,991.8,0,10.8,0.0,0.0,0.0,0.0,27.5398,71.9153,Bhadla_Solar_Park
2023-11-03 05:00:00,19.7,36,991.8,0,9.8,0.0,0.0,0.0,0.0,27.5398,71.9153,Bhadla_Solar_Park
2023-11-03 06:00:00,20.0,50,992.9,0,11.0,0.0,0.0,0.0,0.0,27.5398,71.9153,Bhadla_Solar_Park
2023-11-03 07:00:00,20.9,47,993.3,0,12.5,14.0,24.6,12.0,2.0,27.5398,71.9153,Bhadla_Solar_Park
2023-11-03 08:00:00,24.1,40,993.9,0,12.3,138.0,278.9,76.0,62.0,27.5398,71.9153,Bhadla_Solar_Park
2023-11-03 09:00:00,27.5,34,994.6,0,11.7,324.0,481.5,125.0,199.0,27.5398,71.9153,Bhadla_Solar_Park
2023-11-03 10:00:00,30.3,29,994.5,0,15.0,496.0,602.2,154.0,342.0,27.5398,71.9153,Bhadla_Solar_Park
2023-11-03 11:00:00,32.6,22,993.9,0,13.3,623.0,667.5,172.0,451.0,27.5398,71.9153,Bhadla_Solar_Park
2023-11-03 12:00:00,33.8,18,992.7,0,8.5,687.0,695.3,180.0,507.0,27.5398,71.9153,Bhadla_Solar_Park
2023-11-03 13:00:00,34.2,17,991.5,22,6.6,676.0,682.8,181.0,495.0,27.5398,71.9153,Bhadla_Solar_Park
2023-11-03 14:00:00,34.5,16,990.7,28,6.2,550.0,559.5,179.0,371.0,27.5398,71.9153,Bhadla_Solar_Park
2023-11-03 15:00:00,34.5,16,990.3,2,6.9,459.0,549.3,158.0,301.0,27.5398,71.9153,Bhadla_Solar_Park
2023-11-03 16:00:00,34.2,16,990.1,10,8.0,289.0,431.2,122.0,167.0,27.5398,71.9153,Bhadla_Solar_Park
2023-11-03 17:00:00,33.2,18,990.2,7,7.4,105.0,203.1,66.0,39.0,27.5398,71.9153,Bhadla_Solar_Park
2023-11-03 18:00:00,30.9,19,991.0,12,8.8,6.0,0.0,6.0,0.0,27.5398,71.9153,Bhadla_Solar_Park
2023-11-03 19:00:00,28.5,27,991.6,49,6.8,0.0,0.0,0.0,0.0,27.5398,71.9153,Bhadla_Solar_Park
2023-11-03 20:00:00,27.2,26,991.5,15,9.4,0.0,0.0,0.0,0.0,27.5398,71.9153,Bhadla_Solar_Park
2023-11-03 21:00:00,26.7,26,991.8,13,12.6,0.0,0.0,0.0,0.0,27.5398,71.9153,Bhadla_Solar_Park
2023-11-03 22:00:00,25.9,25,992.0,28,12.6,0.0,0.0,0.0,0.0,27.5398,71.9153,Bhadla_Solar_Park
2023-11-03 23:00:00,25.0,29,992.6,100,23.4,0.0,0.0,0.0,0.0,27.5398,71.9153,Bhadla_Solar_Park
2023-11-04 00:00:00,24.5,32,992.5,100,20.4,0.0,0.0,0.0,0.0,27.5398,71.9153,Bhadla_Solar_Park
2023-11-04 01:00:00,23.6,37,992.1,100,17.6,0.0,0.0,0.0,0.0,27.5398,71.9153,Bhadla_Solar_Park
2023-11-04 02:00:00,22.9,40,991.8,100,18.6,0.0,0.0,0.0,0.0,27.5398,71.9153,Bhadla_Solar_Park
2023-11-04 03:00:00,22.5,41,991.7,100,18.8,0.0,0.0,0.0,0.0,27.5398,71.9153,Bhadla_Solar_Park
2023-11-04 04:00:00,22.1,41,991.7,77,17.2,0.0,0.0,0.0,0.0,27.5398,71.9153,Bhadla_Solar_Park
2023-11-04 05:00:00,21.7,41,991.6,100,17.5,0.0,0.0,0.0,0.0,27.5398,71.9153,Bhadla_Solar_Park
2023-11-04 06:00:00,22.4,41,991.8,100,13.2,0.0,0.0,0.0,0.0,27.5398,71.9153,Bhadla_Solar_Park
2023-11-04 07:00:00,22.7,40,992.1,100,13.9,12.0,0.0,12.0,0.0,27.5398,71.9153,Bhadla_Solar_Park
2023-11-04 08:00:00,24.8,35,992.7,100,13.2,127.0,182.3,87.0,40.0,27.5398,71.9153,Bhadla_Solar_Park
2023-11-04 09:00:00,27.7,29,993.6,100,12.0,307.0,392.7,146.0,161.0,27.5398,71.9153,Bhadla_Solar_Park
2023-11-04 10:00:00,30.6,25,993.6,88,14.8,450.0,427.0,209.0,241.0,27.5398,71.9153,Bhadla_Solar_Park
2023-11-04 11:00:00,33.2,20,992.9,89,15.7,587.0,538.7,225.0,362.0,27.5398,71.9153,Bhadla_Solar_Park
2023-11-04 12:00:00,34.5,17,992.0,64,13.6,656.0,594.1,225.0,431.0,27.5398,71.9153,Bhadla_Solar_Park
2023-11-04 13:00:00,35.2,16,991.3,11,13.0,675.0,680.8,184.0,491.0,27.5398,71.9153,Bhadla_Solar_Park
2023-11-04 14:00:00,35.4,15,990.6,28,12.8,578.0,603.5,180.0,398.0,27.5398,71.9153,Bhadla_Solar_Park
2023-11-04 15:00:00,35.3,14,990.1,35,13.2,428.0,484.8,164.0,264.0,27.5398,71.9153,Bhadla_Solar_Park
2023-11-04 16:00:00,34.8,14,990.2,50,16.2,278.0,403.6,123.0,155.0,27.5398,71.9153,Bhadla_Solar_Park
2023-11-04 17:00:00,33.6,16,990.5,4,14.1,100.0,190.3,64.0,36.0,27.5398,71.9153,Bhadla_Solar_Park
2023-11-04 18:00:00,31.3,17,991.1,14,12.7,6.0,15.7,5.0,1.0,27.5398,71.9153,Bhadla_Solar_Park
2023-11-04 19:00:00,29.8,20,991.8,17,13.0,0.0,0.0,0.0,0.0,27.5398,71.9153,Bhadla_Solar_Park
2023-11-04 20:00:00,28.2,24,992.2,8,11.1,0.0,0.0,0.0,0.0,27.5398,71.9153,Bhadla_Solar_Park
2023-11-04 21:00:00,26.7,28,992.5,4,9.4,0.0,0.0,0.0,0.0,27.5398,71.9153,Bhadla_Solar_Park
2023-11-04 22:00:00,26.2,28,993.0,9,11.2,0.0,0.0,0.0,0.0,27.5398,71.9153,Bhadla_Solar_Park
2023-11-04 23:00:00,24.8,31,992.8,0,9.9,0.0,0.0,0.0,0.0,27.5398,71.9153,Bhadla_Solar_Park
2023-11-05 00:00:00,24.0,32,992.6,0,12.0,0.0,0.0,0.0,0.0,27.5398,71.9153,Bhadla_Solar_Park
2023-11-05 01:00:00,23.1,34,992.4,0,12.6,0.0,0.0,0.0,0.0,27.5398,71.9153,Bhadla_Solar_Park
2023-11-05 02:00:00,22.2,36,992.2,0,10.8,0.0,0.0,0.0,0.0,27.5398,71.9153,Bhadla_Solar_Park
2023-11-05 03:00:00,21.4,38,992.3,0,11.2,0.0,0.0,0.0,0.0,27.5398,71.9153,Bhadla_Solar_Park
2023-11-05 04:00:00,20.1,43,992.3,0,8.0,0.0,0.0,0.0,0.0,27.5398,71.9153,Bhadla_Solar_Park
2023-11-05 05:00:00,19.3,47,992.3,0,7.7,0.0,0.0,0.0,0.0,27.5398,71.9153,Bhadla_Solar_Park
2023-11-05 06:00:00,20.3,69,993.0,0,8.7,0.0,0.0,0.0,0.0,27.5398,71.9153,Bhadla_Solar_Park
2023-11-05 07:00:00,20.9,73,993.3,0,11.0,12.0,25.5,10.0,2.0,27.5398,71.9153,Bhadla_Solar_Park
2023-11-05 08:00:00,23.7,66,994.2,0,9.7,132.0,263.4,75.0,57.0,27.5398,71.9153,Bhadla_Solar_Park
2023-11-05 09:00:00,27.1,56,995.1,0,10.8,315.0,469.5,124.0,191.0,27.5398,71.9153,Bhadla_Solar_Park
2023-11-05 10:00:00,29.8,44,995.3,0,12.2,485.0,591.9,153.0,332.0,27.5398,71.9153,Bhadla_Solar_Park
2023-11-05 11:00:00,32.0,31,994.7,0,12.6,611.0,658.3,171.0,440.0,27.5398,71.9153,Bhadla_Solar_Park
2023-11-05 12:00:00,33.4,23,993.8,7,15.3,664.0,671.9,179.0,485.0,27.5398,71.9153,Bhadla_Solar_Park
2023-11-05 13:00:00,34.0,21,993.0,3,17.0,659.0,671.7,177.0,482.0,27.5398,71.9153,Bhadla_Solar_Park
2023-11-05 14:00:00,34.2,20,992.2,1,16.7,592.0,643.4,170.0,422.0,27.5398,71.9153,Bhadla_Solar_Park
2023-11-05 15:00:00,34.0,20,991.8,2,16.5,462.0,578.4,149.0,313.0,27.5398,71.9153,Bhadla_Solar_Park
2023-11-05 16:00:00,33.5,21,991.9,0,15.2,288.0,448.9,117.0,171.0,27.5398,71.9153,Bhadla_Solar_Park
2023-11-05 17:00:00,32.3,23,992.1,0,12.2,108.0,230.8,65.0,43.0,27.5398,71.9153,Bhadla_Solar_Park
2023-11-05 18:00:00,29.9,27,992.8,0,8.1,6.0,16.0,5.0,1.0,27.5398,71.9153,Bhadla_Solar_Park
2023-11-05 19:00:00,28.3,30,993.3,0,8.1,0.0,0.0,0.0,0.0,27.5398,71.9153,Bhadla_Solar_Park
2023-11-05 20:00:00,28.3,30,993.9,0,4.3,0.0,0.0,0.0,0.0,27.5398,71.9153,Bhadla_Solar_Park
2023-11-05 21:00:00,27.8,30,994.4,0,4.3,0.0,0.0,0.0,0.0,27.5398,71.9153,Bhadla_Solar_Park
2023-11-05 22:00:00,27.9,29,994.6,0,2.1,0.0,0.0,0.0,0.0,27.5398,71.9153,Bhadla_Solar_Park
2023-11-05 23:00:00,25.8,36,994.6,0,5.1,0.0,0.0,0.0,0.0,27.5398,71.9153,Bhadla_Solar_Park
2023-11-06 00:00:00,24.9,38,994.1,0,5.4,0.0,0.0,0.0,0.0,27.5398,71.9153,Bhadla_Solar_Park
2023-11-06 01:00:00,25.0,36,993.7,0,5.3,0.0,0.0,0.0,0.0,27.5398,71.9153,Bhadla_Solar_Park
2023-11-06 02:00:00,23.2,40,993.5,0,12.7,0.0,0.0,0.0,0.0,27.5398,71.9153,Bhadla_Solar_Park
2023-11-06 03:00:00,20.8,51,993.6,0,7.6,0.0,0.0,0.0,0.0,27.5398,71.9153,Bhadla_Solar_Park
2023-11-06 04:00:00,21.4,45,993.8,0,11.6,0.0,0.0,0.0,0.0,27.5398,71.9153,Bhadla_Solar_Park
2023-11-06 05:00:00,20.5,48,993.9,0,10.0,0.0,0.0,0.0,0.0,27.5398,71.9153,Bhadla_Solar_Park
2023-11-06 06:00:00,19.9,58,994.7,0,10.4,0.0,0.0,0.0,0.0,27.5398,71.9153,Bhadla_Solar_Park
2023-11-06 07:00:00,20.1,59,995.3,0,10.5,12.0,26.0,10.0,2.0,27.5398,71.9153,Bhadla_Solar_Park
2023-11-06 08:00:00,22.4,58,996.0,0,8.7,130.0,262.4,74.0,56.0,27.5398,71.9153,Bhadla_Solar_Park
2023-11-06 09:00:00,25.4,57,996.7,0,7.9,313.0,468.4,124.0,189.0,27.5398,71.9153,Bhadla_Solar_Park
2023-11-06 10:00:00,28.4,48,996.5,0,8.6,482.0,591.9,152.0,330.0,27.5398,71.9153,Bhadla_Solar_Park
2023-11-06 11:00:00,31.1,35,996.1,0,9.2,607.0,657.3,170.0,437.0,27.5398,71.9153,Bhadla_Solar_Park
2023-11-06 12:00:00,33.0,25,995.2,3,13.0,671.0,686.5,178.0,493.0,27.5398,71.9153,Bhadla_Solar_Park
2023-11-06 13:00:00,33.6,21,994.1,3,11.9,667.0,684.9,178.0,489.0,27.5398,71.9153,Bhadla_Solar_Park
2023-11-06 14:00:00,33.8,20,993.4,7,10.9,594.0,654.5,167.0,427.0,27.5398,71.9153,Bhadla_Solar_Park
2023-11-06 15:00:00,33.7,20,992.9,0,10.4,461.0,580.1,149.0,312.0,27.5398,71.9153,Bhadla_Solar_Park
2023-11-06 16:00:00,33.3,20,992.8,0,11.6,286.0,447.2,117.0,169.0,27.5398,71.9153,Bhadla_Solar_Park
2023-11-06 17:00:00,32.2,21,993.1,3,12.1,106.0,234.2,63.0,43.0,27.5398,71.9153,Bhadla_Solar_Park
2023-11-06 18:00:00,30.1,22,993.7,26,10.0,5.0,16.4,4.0,1.0,27.5398,71.9153,Bhadla_Solar_Park
2023-11-06 19:00:00,28.8,25,994.2,7,9.4,0.0,0.0,0.0,0.0,27.5398,71.9153,Bhadla_Solar_Park
2023-11-06 20:00:00,28.3,27,994.8,0,5.5,0.0,0.0,0.0,0.0,27.5398,71.9153,Bhadla_Solar_Park
2023-11-06 21:00:00,26.3,28,995.1,0,14.2,0.0,0.0,0.0,0.0,27.5398,71.9153,Bhadla_Solar_Park
2023-11-06 22:00:00,25.4,28,995.1,0,12.1,0.0,0.0,0.0,0.0,27.5398,71.9153,Bhadla_Solar_Park
2023-11-06 23:00:00,25.1,30,995.1,0,14.4,0.0,0.0,0.0,0.0,27.5398,71.9153,Bhadla_Solar_Park
2023-11-07 00:00:00,23.9,42,994.8,0,14.7,0.0,0.0,0.0,0.0,27.5398,71.9153,Bhadla_Solar_Park
2023-11-07 01:00:00,23.2,57,994.6,0,13.8,0.0,0.0,0.0,0.0,27.5398,71.9153,Bhadla_Solar_Park
2023-11-07 02:00:00,22.6,63,994.1,0,12.1,0.0,0.0,0.0,0.0,27.5398,71.9153,Bhadla_Solar_Park
2023-11-07 03:00:00,21.6,67,994.1,0,10.5,0.0,0.0,0.0,0.0,27.5398,71.9153,Bhadla_Solar_Park
2023-11-07 04:00:00,20.6,71,994.1,0,8.5,0.0,0.0,0.0,0.0,27.5398,71.9153,Bhadla_Solar_Park
2023-11-07 05:00:00,19.9,74,994.2,0,7.4,0.0,0.0,0.0,0.0,27.5398,71.9153,Bhadla_Solar_Park
2023-11-07 06:00:00,20.2,78,994.9,0,9.7,0.0,0.0,0.0,0.0,27.5398,71.9153,Bhadla_Solar_Park
2023-11-07 07:00:00,20.0,80,995.6,0,7.2,11.0,26.5,9.0,2.0,27.5398,71.9153,Bhadla_Solar_Park
2023-11-07 08:00:00,22.1,70,996.4,0,4.1,126.0,251.8,73.0,53.0,27.5398,71.9153,Bhadla_Solar_Park
2023-11-07 09:00:00,24.7,59,997.0,0,4.1,306.0,459.7,122.0,184.0,27.5398,71.9153,Bhadla_Solar_Park
2023-11-07 10:00:00,27.4,48,997.4,0,12.1,475.0,583.0,152.0,323.0,27.5398,71.9153,Bhadla_Solar_Park
2023-11-07 11:00:00,29.5,38,996.7,0,10.5,599.0,648.8,170.0,429.0,27.5398,71.9153,Bhadla_Solar_Park
2023-11-07 12:00:00,31.4,32,995.8,0,12.4,663.0,678.8,178.0,485.0,27.5398,71.9153,Bhadla_Solar_Park
2023-11-07 13:00:00,32.6,26,994.8,4,9.8,659.0,679.9,176.0,483.0,27.5398,71.9153,Bhadla_Solar_Park
2023-11-07 14:00:00,33.3,21,994.0,15,11.2,555.0,590.2,172.0,383.0,27.5398,71.9153,Bhadla_Solar_Park
2023-11-07 15:00:00,33.2,20,993.6,8,10.9,429.0,514.4,154.0,275.0,27.5398,71.9153,Bhadla_Solar_Park
2023-11-07 16:00:00,33.0,20,993.5,6,10.5,264.0,400.1,114.0,150.0,27.5398,71.9153,Bhadla_Solar_Park
2023-11-07 17:00:00,31.9,22,993.6,6,7.6,102.0,215.5,63.0,39.0,27.5398,71.9153,Bhadla_Solar_Park
2023-11-07 18:00:00,29.5,25,993.8,1,11.5,5.0,0.0,5.0,0.0,27.5398,71.9153,Bhadla_Solar_Park
2023-11-07 19:00:00,28.3,27,994.3,0,11.2,0.0,0.0,0.0,0.0,27.5398,71.9153,Bhadla_Solar_Park
2023-11-07 20:00:00,27.2,29,994.8,0,11.8,0.0,0.0,0.0,0.0,27.5398,71.9153,Bhadla_Solar_Park
2023-11-07 21:00:00,26.3,33,994.9,1,6.5,0.0,0.0,0.0,0.0,27.5398,71.9153,Bhadla_Solar_Park
2023-11-07 22:00:00,25.3,33,995.1,0,14.4,0.0,0.0,0.0,0.0,27.5398,71.9153,Bhadla_Solar_Park
2023-11-07 23:00:00,23.9,40,994.6,0,13.4,0.0,0.0,0.0,0.0,27.5398,71.9153,Bhadla_Solar_Park
2023-11-08 00:00:00,22.8,46,994.1,0,11.2,0.0,0.0,0.0,0.0,27.5398,71.9153,Bhadla_Solar_Park
2023-11-08 01:00:00,22.0,52,993.9,42,10.1,0.0,0.0,0.0,0.0,27.5398,71.9153,Bhadla_Solar_Park
2023-11-08 02:00:00,21.4,57,993.8,87,11.3,0.0,0.0,0.0,0.0,27.5398,71.9153,Bhadla_Solar_Park
2023-11-08 03:00:00,20.7,61,993.8,29,8.2,0.0,0.0,0.0,0.0,27.5398,71.9153,Bhadla_Solar_Park
2023-11-08 04:00:00,20.1,64,993.8,0,5.9,0.0,0.0,0.0,0.0,27.5398,71.9153,Bhadla_Solar_Park
2023-11-08 05:00:00,19.7,64,993.8,3,5.8,0.0,0.0,0.0,0.0,27.5398,71.9153,Bhadla_Solar_Park
2023-11-08 06:00:00,20.2,73,994.3,0,5.9,0.0,0.0,0.0,0.0,27.5398,71.9153,Bhadla_Solar_Park
2023-11-08 07:00:00,20.6,73,994.8,0,3.9,10.0,13.5,9.0,1.0,27.5398,71.9153,Bhadla_Solar_Park
2023-11-08 08:00:00,22.3,66,995.5,11,3.6,124.0,250.6,72.0,52.0,27.5398,71.9153,Bhadla_Solar_Park
2023-11-08 09:00:00,25.5,55,996.2,0,3.1,303.0,453.3,123.0,180.0,27.5398,71.9153,Bhadla_Solar_Park
2023-11-08 10:00:00,28.6,44,996.5,0,1.3,472.0,581.2,152.0,320.0,27.5398,71.9153,Bhadla_Solar_Park
2023-11-08 11:00:00,30.6,31,996.2,35,1.8,596.0,647.8,170.0,426.0,27.5398,71.9153,Bhadla_Solar_Park
2023-11-08 12:00:00,31.7,26,995.1,81,3.6,658.0,670.9,181.0,477.0,27.5398,71.9153,Bhadla_Solar_Park
2023-11-08 13:00:00,32.4,23,994.1,67,6.5,591.0,548.9,203.0,388.0,27.5398,71.9153,Bhadla_Solar_Park
2023-11-08 14:00:00,32.7,21,993.3,94,8.7,534.0,515.8,201.0,333.0,27.5398,71.9153,Bhadla_Solar_Park
2023-11-08 15:00:00,32.6,21,992.9,84,7.6,400.0,440.3,166.0,234.0,27.5398,71.9153,Bhadla_Solar_Park
2023-11-08 16:00:00,32.5,20,992.9,71,9.0,253.0,346.7,124.0,129.0,27.5398,71.9153,Bhadla_Solar_Park
2023-11-08 17:00:00,31.6,22,993.1,97,10.4,92.0,140.1,67.0,25.0,27.5398,71.9153,Bhadla_Solar_Park
2023-11-08 18:00:00,28.9,28,993.7,42,7.6,5.0,0.0,5.0,0.0,27.5398,71.9153,Bhadla_Solar_Park
2023-11-08 19:00:00,28.0,28,994.1,48,11.1,0.0,0.0,0.0,0.0,27.5398,71.9153,Bhadla_Solar_Park
2023-11-08 20:00:00,27.1,31,994.7,76,12.0,0.0,0.0,0.0,0.0,27.5398,71.9153,Bhadla_Solar_Park
2023-11-08 21:00:00,26.2,34,995.0,19,11.1,0.0,0.0,0.0,0.0,27.5398,71.9153,Bhadla_Solar_Park
2023-11-08 22:00:00,24.8,39,994.9,13,9.2,0.0,0.0,0.0,0.0,27.5398,71.9153,Bhadla_Solar_Park
2023-11-08 23:00:00,23.9,43,994.3,16,7.9,0.0,0.0,0.0,0.0,27.5398,71.9153,Bhadla_Solar_Park
2023-11-09 00:00:00,23.8,41,993.9,29,11.9,0.0,0.0,0.0,0.0,27.5398,71.9153,Bhadla_Solar_Park
2023-11-09 01:00:00,22.6,46,993.6,34,9.3,0.0,0.0,0.0,0.0,27.5398,71.9153,Bhadla_Solar_Park
2023-11-09 02:00:00,21.8,50,993.4,43,8.2,0.0,0.0,0.0,0.0,27.5398,71.9153,Bhadla_Solar_Park
2023-11-09 03:00:00,21.5,53,993.2,48,5.8,0.0,0.0,0.0,0.0,27.5398,71.9153,Bhadla_Solar_Park
2023-11-09 04:00:00,21.7,51,993.5,35,4.3,0.0,0.0,0.0,0.0,27.5398,71.9153,Bhadla_Solar_Park
2023-11-09 05:00:00,21.0,55,993.6,22,4.8,0.0,0.0,0.0,0.0,27.5398,71.9153,Bhadla_Solar_Park
2023-11-09 06:00:00,21.1,59,994.5,29,10.4,0.0,0.0,0.0,0.0,27.5398,71.9153,Bhadla_Solar_Park
2023-11-09 07:00:00,21.6,58,995.1,18,11.9,8.0,13.8,7.0,1.0,27.5398,71.9153,Bhadla_Solar_Park
2023-11-09 08:00:00,23.7,51,995.9,12,10.6,109.0,190.7,70.0,39.0,27.5398,71.9153,Bhadla_Solar_Park
2023-11-09 09:00:00,26.5,42,996.5,27,9.4,279.0,383.4,128.0,151.0,27.5398,71.9153,Bhadla_Solar_Park
2023-11-09 10:00:00,28.4,35,997.2,95,8.5,421.0,455.1,172.0,249.0,27.5398,71.9153,Bhadla_Solar_Park
2023-11-09 11:00:00,26.6,44,997.2,97,16.2,359.0,207.9,223.0,136.0,27.5398,71.9153,Bhadla_Solar_Park
2023-11-09 12:00:00,27.5,38,996.3,75,8.1,314.0,93.3,248.0,66.0,27.5398,71.9153,Bhadla_Solar_Park
2023-11-09 13:00:00,28.9,34,994.5,8,12.2,412.0,260.2,229.0,183.0,27.5398,71.9153,Bhadla_Solar_Park
2023-11-09 14:00:00,30.9,28,993.4,5,17.4,559.0,583.9,184.0,375.0,27.5398,71.9153,Bhadla_Solar_Park
2023-11-09 15:00:00,31.0,27,992.9,12,18.2,441.0,550.8,150.0,291.0,27.5398,71.9153,Bhadla_Solar_Park
2023-11-09 16:00:00,30.8,28,993.1,31,14.7,267.0,390.0,123.0,144.0,27.5398,71.9153,Bhadla_Solar_Park
2023-11-09 17:00:00,29.0,34,993.9,63,18.7,88.0,170.5,58.0,30.0,27.5398,71.9153,Bhadla_Solar_Park
2023-11-09 18:00:00,27.9,49,993.3,3,3.8,4.0,0.0,4.0,0.0,27.5398,71.9153,Bhadla_Solar_Park
2023-11-09 19:00:00,26.2,54,994.0,3,5.4,0.0,0.0,0.0,0.0,27.5398,71.9153,Bhadla_Solar_Park
2023-11-09 20:00:00,25.9,50,994.5,6,4.0,0.0,0.0,0.0,0.0,27.5398,71.9153,Bhadla_Solar_Park
2023-11-09 21:00:00,25.8,47,994.8,6,3.7,0.0,0.0,0.0,0.0,27.5398,71.9153,Bhadla_Solar_Park
2023-11-09 22:00:00,23.6,51,994.7,0,12.5,0.0,0.0,0.0,0.0,27.5398,71.9153,Bhadla_Solar_Park
2023-11-09 23:00:00,22.8,51,994.3,0,11.5,0.0,0.0,0.0,0.0,27.5398,71.9153,Bhadla_Solar_Park
2023-11-10 00:00:00,22.4,51,994.1,1,12.2,0.0,0.0,0.0,0.0,27.5398,71.9153,Bhadla_Solar_Park
2023-11-10 01:00:00,22.1,51,993.7,0,12.9,0.0,0.0,0.0,0.0,27.5398,71.9153,Bhadla_Solar_Park
2023-11-10 02:00:00,21.4,54,993.5,0,12.6,0.0,0.0,0.0,0.0,27.5398,71.9153,Bhadla_Solar_Park
2023-11-10 03:00:00,20.8,55,993.3,0,12.2,0.0,0.0,0.0,0.0,27.5398,71.9153,Bhadla_Solar_Park
2023-11-10 04:00:00,20.2,58,993.3,0,10.1,0.0,0.0,0.0,0.0,27.5398,71.9153,Bhadla_Solar_Park
2023-11-10 05:00:00,19.7,61,993.6,0,9.2,0.0,0.0,0.0,0.0,27.5398,71.9153,Bhadla_Solar_Park
2023-11-10 06:00:00,19.4,69,993.8,0,9.4,0.0,0.0,0.0,0.0,27.5398,71.9153,Bhadla_Solar_Park
2023-11-10 07:00:00,19.6,67,994.7,0,10.0,9.0,14.1,8.0,1.0,27.5398,71.9153,Bhadla_Solar_Park
2023-11-10 08:00:00,22.2,56,995.6,0,8.6,123.0,258.0,71.0,52.0,27.5398,71.9153,Bhadla_Solar_Park
2023-11-10 09:00:00,25.7,45,996.8,0,8.1,303.0,466.0,121.0,182.0,27.5398,71.9153,Bhadla_Solar_Park
2023-11-10 10:00:00,28.0,39,997.3,0,12.7,469.0,583.0,152.0,317.0,27.5398,71.9153,Bhadla_Solar_Park
2023-11-10 11:00:00,28.8,34,997.1,0,19.2,595.0,653.2,170.0,425.0,27.5398,71.9153,Bhadla_Solar_Park
2023-11-10 12:00:00,29.3,30,996.3,0,19.8,662.0,687.6,178.0,484.0,27.5398,71.9153,Bhadla_Solar_Park
2023-11-10 13:00:00,29.1,31,995.6,0,21.4,661.0,691.5,177.0,484.0,27.5398,71.9153,Bhadla_Solar_Park
2023-11-10 14:00:00,29.1,31,995.1,0,21.8,589.0,660.4,167.0,422.0,27.5398,71.9153,Bhadla_Solar_Park
2023-11-10 15:00:00,29.0,29,995.0,0,22.9,457.0,588.2,148.0,309.0,27.5398,71.9153,Bhadla_Solar_Park
2023-11-10 16:00:00,28.3,30,995.3,0,22.7,282.0,452.9,116.0,166.0,27.5398,71.9153,Bhadla_Solar_Park
2023-11-10 17:00:00,27.0,34,995.8,0,20.3,102.0,230.5,62.0,40.0,27.5398,71.9153,Bhadla_Solar_Park
2023-11-10 18:00:00,25.7,28,996.5,0,17.4,4.0,0.0,4.0,0.0,27.5398,71.9153,Bhadla_Solar_Park
2023-11-10 19:00:00,24.4,33,997.4,0,16.2,0.0,0.0,0.0,0.0,27.5398,71.9153,Bhadla_Solar_Park
2023-11-10 20:00:00,23.1,40,998.2,0,15.3,0.0,0.0,0.0,0.0,27.5398,71.9153,Bhadla_Solar_Park
2023-11-10 21:00:00,22.1,50,998.7,0,14.8,0.0,0.0,0.0,0.0,27.5398,71.9153,Bhadla_Solar_Park
2023-11-10 22:00:00,21.1,58,998.8,0,13.2,0.0,0.0,0.0,0.0,27.5398,71.9153,Bhadla_Solar_Park
2023-11-10 23:00:00,20.1,64,998.9,0,12.5,0.0,0.0,0.0,0.0,27.5398,71.9153,Bhadla_Solar_Park
2023-11-11 00:00:00,19.0,71,998.5,0,11.2,0.0,0.0,0.0,0.0,27.5398,71.9153,Bhadla_Solar_Park
2023-11-11 01:00:00,18.1,75,998.4,0,10.5,0.0,0.0,0.0,0.0,27.5398,71.9153,Bhadla_Solar_Park
2023-11-11 02:00:00,17.2,80,998.2,0,10.0,0.0,0.0,0.0,0.0,27.5398,71.9153,Bhadla_Solar_Park
2023-11-11 03:00:00,16.5,85,998.1,0,10.8,0.0,0.0,0.0,0.0,27.5398,71.9153,Bhadla_Solar_Park
2023-11-11 04:00:00,15.9,89,998.1,0,11.0,0.0,0.0,0.0,0.0,27.5398,71.9153,Bhadla_Solar_Park
2023-11-11 05:00:00,15.5,92,998.4,0,11.8,0.0,0.0,0.0,0.0,27.5398,71.9153,Bhadla_Solar_Park
2023-11-11 06:00:00,15.2,95,999.5,0,8.9,0.0,0.0,0.0,0.0,27.5398,71.9153,Bhadla_Solar_Park
2023-11-11 07:00:00,15.1,96,1000.1,0,7.9,9.0,14.4,8.0,1.0,27.5398,71.9153,Bhadla_Solar_Park
2023-11-11 08:00:00,17.0,88,1000.8,0,7.4,121.0,246.8,72.0,49.0,27.5398,71.9153,Bhadla_Solar_Park
2023-11-11 09:00:00,19.5,76,1001.6,0,7.9,301.0,459.5,123.0,178.0,27.5398,71.9153,Bhadla_Solar_Park
2023-11-11 10:00:00,22.2,62,1002.0,0,8.6,473.0,590.3,154.0,319.0,27.5398,71.9153,Bhadla_Solar_Park
2023-11-11 11:00:00,24.2,51,1001.4,0,9.5,599.0,661.3,171.0,428.0,27.5398,71.9153,Bhadla_Solar_Park
2023-11-11 12:00:00,25.7,42,1000.3,0,9.9,664.0,692.4,179.0,485.0,27.5398,71.9153,Bhadla_Solar_Park
2023-11-11 13:00:00,26.8,35,999.3,0,10.6,661.0,691.9,179.0,482.0,27.5398,71.9153,Bhadla_Solar_Park
2023-11-11 14:00:00,27.4,32,998.6,0,12.1,588.0,660.5,168.0,420.0,27.5398,71.9153,Bhadla_Solar_Park
2023-11-11 15:00:00,27.6,31,998.0,0,12.8,455.0,587.7,148.0,307.0,27.5398,71.9153,Bhadla_Solar_Park
2023-11-11 16:00:00,27.3,31,998.0,0,12.4,279.0,447.9,116.0,163.0,27.5398,71.9153,Bhadla_Solar_Park
2023-11-11 17:00:00,26.6,32,998.1,0,11.4,100.0,227.7,61.0,39.0,27.5398,71.9153,Bhadla_Solar_Park
2023-11-11 18:00:00,24.8,38,998.8,0,9.4,4.0,0.0,4.0,0.0,27.5398,71.9153,Bhadla_Solar_Park
2023-11-11 19:00:00,23.4,43,999.4,0,10.3,0.0,0.0,0.0,0.0,27.5398,71.9153,Bhadla_Solar_Park
2023-11-11 20:00:00,22.2,49,999.8,0,10.6,0.0,0.0,0.0,0.0,27.5398,71.9153,Bhadla_Solar_Park
2023-11-11 21:00:00,21.2,53,1000.3,0,10.5,0.0,0.0,0.0,0.0,27.5398,71.9153,Bhadla_Solar_Park
2023-11-11 22:00:00,20.4,56,1000.3,0,11.0,0.0,0.0,0.0,0.0,27.5398,71.9153,Bhadla_Solar_Park
2023-11-11 23:00:00,19.7,59,999.7,0,11.9,0.0,0.0,0.0,0.0,27.5398,71.9153,Bhadla_Solar_Park
2023-11-12 00:00:00,18.7,63,999.5,0,11.1,0.0,0.0,0.0,0.0,27.5398,71.9153,Bhadla_Solar_Park
2023-11-12 01:00:00,17.6,70,999.1,0,9.5,0.0,0.0,0.0,0.0,27.5398,71.9153,Bhadla_Solar_Park
2023-11-12 02:00:00,16.6,76,999.1,0,8.2,0.0,0.0,0.0,0.0,27.5398,71.9153,Bhadla_Solar_Park
2023-11-12 03:00:00,15.9,81,999.0,0,7.6,0.0,0.0,0.0,0.0,27.5398,71.9153,Bhadla_Solar_Park
2023-11-12 04:00:00,15.7,83,998.7,0,9.2,0.0,0.0,0.0,0.0,27.5398,71.9153,Bhadla_Solar_Park
2023-11-12 05:00:00,15.3,86,998.7,0,10.0,0.0,0.0,0.0,0.0,27.5398,71.9153,Bhadla_Solar_Park
2023-11-12 06:00:00,15.0,90,999.6,0,11.0,0.0,0.0,0.0,0.0,27.5398,71.9153,Bhadla_Solar_Park
2023-11-12 07:00:00,15.1,89,1000.2,0,11.0,8.0,14.7,7.0,1.0,27.5398,71.9153,Bhadla_Solar_Park
2023-11-12 08:00:00,17.5,75,1000.9,0,9.7,119.0,245.4,71.0,48.0,27.5398,71.9153,Bhadla_Solar_Park
2023-11-12 09:00:00,20.9,59,1001.4,0,9.4,300.0,463.3,122.0,178.0,27.5398,71.9153,Bhadla_Solar_Park
2023-11-12 10:00:00,23.7,46,1001.3,0,12.1,472.0,594.0,153.0,319.0,27.5398,71.9153,Bhadla_Solar_Park
2023-11-12 11:00:00,25.3,37,1000.7,0,9.4,600.0,666.4,171.0,429.0,27.5398,71.9153,Bhadla_Solar_Park
2023-11-12 12:00:00,26.3,32,999.6,0,5.6,666.0,698.6,179.0,487.0,27.5398,71.9153,Bhadla_Solar_Park
2023-11-12 13:00:00,27.2,29,998.6,0,2.9,663.0,701.0,177.0,486.0,27.5398,71.9153,Bhadla_Solar_Park
2023-11-12 14:00:00,27.8,27,997.8,0,2.3,590.0,668.5,167.0,423.0,27.5398,71.9153,Bhadla_Solar_Park
2023-11-12 15:00:00,28.0,26,997.4,0,2.6,457.0,594.7,148.0,309.0,27.5398,71.9153,Bhadla_Solar_Park
2023-11-12 16:00:00,27.8,25,997.0,3,4.3,280.0,453.7,116.0,164.0,27.5398,71.9153,Bhadla_Solar_Park
2023-11-12 17:00:00,27.0,26,997.2,0,6.5,100.0,230.6,61.0,39.0,27.5398,71.9153,Bhadla_Solar_Park
2023-11-12 18:00:00,25.1,30,997.6,1,7.6,4.0,0.0,4.0,0.0,27.5398,71.9153,Bhadla_Solar_Park
2023-11-12 19:00:00,23.5,34,998.1,1,7.2,0.0,0.0,0.0,0.0,27.5398,71.9153,Bhadla_Solar_Park
2023-11-12 20:00:00,22.3,38,998.5,5,7.0,0.0,0.0,0.0,0.0,27.5398,71.9153,Bhadla_Solar_Park
2023-11-12 21:00:00,21.3,43,999.0,33,9.4,0.0,0.0,0.0,0.0,27.5398,71.9153,Bhadla_Solar_Park
2023-11-12 22:00:00,20.4,46,998.9,41,11.6,0.0,0.0,0.0,0.0,27.5398,71.9153,Bhadla_Solar_Park
2023-11-12 23:00:00,19.4,50,998.6,38,11.5,0.0,0.0,0.0,0.0,27.5398,71.9153,Bhadla_Solar_Park
2023-11-13 00:00:00,18.7,53,998.2,39,11.6,0.0,0.0,0.0,0.0,27.5398,71.9153,Bhadla_Solar_Park
2023-11-13 01:00:00,18.0,57,997.7,10,11.6,0.0,0.0,0.0,0.0,27.5398,71.9153,Bhadla_Solar_Park
2023-11-13 02:00:00,17.3,60,997.3,32,11.6,0.0,0.0,0.0,0.0,27.5398,71.9153,Bhadla_Solar_Park
2023-11-13 03:00:00,16.8,64,996.9,1,11.9,0.0,0.0,0.0,0.0,27.5398,71.9153,Bhadla_Solar_Park
2023-11-13 04:00:00,16.3,67,996.8,0,12.4,0.0,0.0,0.0,0.0,27.5398,71.9153,Bhadla_Solar_Park
2023-11-13 05:00:00,15.9,69,997.0,2,13.4,0.0,0.0,0.0,0.0,27.5398,71.9153,Bhadla_Solar_Park
2023-11-13 06:00:00,15.7,77,998.2,96,13.5,0.0,0.0,0.0,0.0,27.5398,71.9153,Bhadla_Solar_Park
2023-11-13 07:00:00,15.7,77,999.0,81,13.4,8.0,15.0,7.0,1.0,27.5398,71.9153,Bhadla_Solar_Park
2023-11-13 08:00:00,17.7,68,999.7,90,12.6,116.0,238.8,70.0,46.0,27.5398,71.9153,Bhadla_Solar_Park
2023-11-13 09:00:00,20.5,57,1000.6,99,13.1,293.0,438.3,126.0,167.0,27.5398,71.9153,Bhadla_Solar_Park
2023-11-13 10:00:00,23.5,48,1000.5,100,15.4,460.0,552.7,165.0,295.0,27.5398,71.9153,Bhadla_Solar_Park
2023-11-13 11:00:00,25.6,38,999.9,100,16.5,580.0,601.2,195.0,385.0,27.5398,71.9153,Bhadla_Solar_Park
2023-11-13 12:00:00,26.8,30,998.9,100,11.8,635.0,595.3,222.0,413.0,27.5398,71.9153,Bhadla_Solar_Park
2023-11-13 13:00:00,27.5,26,997.8,100,9.3,618.0,541.9,244.0,374.0,27.5398,71.9153,Bhadla_Solar_Park
2023-11-13 14:00:00,27.9,24,996.9,100,8.6,529.0,449.3,246.0,283.0,27.5398,71.9153,Bhadla_Solar_Park
2023-11-13 15:00:00,28.0,22,996.4,100,8.8,378.0,321.2,212.0,166.0,27.5398,71.9153,Bhadla_Solar_Park
2023-11-13 16:00:00,27.9,21,996.3,100,9.4,234.0,222.8,154.0,80.0,27.5398,71.9153,Bhadla_Solar_Park
2023-11-13 17:00:00,27.1,21,996.6,100,9.0,85.0,89.8,70.0,15.0,27.5398,71.9153,Bhadla_Solar_Park
2023-11-13 18:00:00,25.3,26,997.0,100,6.9,3.0,0.0,3.0,0.0,27.5398,71.9153,Bhadla_Solar_Park
2023-11-13 19:00:00,24.4,28,997.5,100,9.4,0.0,0.0,0.0,0.0,27.5398,71.9153,Bhadla_Solar_Park
2023-11-13 20:00:00,23.5,29,997.9,100,11.5,0.0,0.0,0.0,0.0,27.5398,71.9153,Bhadla_Solar_Park
2023-11-13 21:00:00,22.9,30,998.3,100,13.2,0.0,0.0,0.0,0.0,27.5398,71.9153,Bhadla_Solar_Park
2023-11-13 22:00:00,22.4,32,998.1,100,13.6,0.0,0.0,0.0,0.0,27.5398,71.9153,Bhadla_Solar_Park
2023-11-13 23:00:00,21.6,35,997.9,100,13.7,0.0,0.0,0.0,0.0,27.5398,71.9153,Bhadla_Solar_Park
2023-11-14 00:00:00,20.6,39,997.5,100,14.1,0.0,0.0,0.0,0.0,27.5398,71.9153,Bhadla_Solar_Park
2023-11-14 01:00:00,19.7,44,997.2,100,13.2,0.0,0.0,0.0,0.0,27.5398,71.9153,Bhadla_Solar_Park
2023-11-14 02:00:00,18.9,49,997.1,100,13.2,0.0,0.0,0.0,0.0,27.5398,71.9153,Bhadla_Solar_Park
2023-11-14 03:00:00,18.5,54,996.7,100,13.2,0.0,0.0,0.0,0.0,27.5398,71.9153,Bhadla_Solar_Park
2023-11-14 04:00:00,18.0,57,996.9,100,13.6,0.0,0.0,0.0,0.0,27.5398,71.9153,Bhadla_Solar_Park
2023-11-14 05:00:00,17.8,59,997.2,100,13.6,0.0,0.0,0.0,0.0,27.5398,71.9153,Bhadla_Solar_Park
2023-11-14 06:00:00,17.1,64,997.7,100,13.0,0.0,0.0,0.0,0.0,27.5398,71.9153,Bhadla_Solar_Park
2023-11-14 07:00:00,17.0,66,998.5,100,12.2,7.0,0.0,7.0,0.0,27.5398,71.9153,Bhadla_Solar_Park
2023-11-14 08:00:00,19.0,60,999.5,90,11.7,107.0,147.6,79.0,28.0,27.5398,71.9153,Bhadla_Solar_Park
2023-11-14 09:00:00,21.4,53,1000.3,80,11.9,274.0,344.0,144.0,130.0,27.5398,71.9153,Bhadla_Solar_Park
2023-11-14 10:00:00,24.1,46,1000.4,99,14.2,437.0,469.4,188.0,249.0,27.5398,71.9153,Bhadla_Solar_Park
2023-11-14 11:00:00,26.2,38,999.7,53,16.9,567.0,566.6,206.0,361.0,27.5398,71.9153,Bhadla_Solar_Park
2023-11-14 12:00:00,27.5,31,998.5,13,15.1,652.0,679.2,183.0,469.0,27.5398,71.9153,Bhadla_Solar_Park
2023-11-14 13:00:00,28.3,27,997.3,61,15.5,654.0,701.6,172.0,482.0,27.5398,71.9153,Bhadla_Solar_Park
2023-11-14 14:00:00,28.7,25,996.4,11,15.9,577.0,649.2,170.0,407.0,27.5398,71.9153,Bhadla_Solar_Park
2023-11-14 15:00:00,28.8,23,995.9,0,15.8,448.0,591.1,144.0,304.0,27.5398,71.9153,Bhadla_Solar_Park
2023-11-14 16:00:00,28.4,22,995.9,2,15.5,274.0,451.3,113.0,161.0,27.5398,71.9153,Bhadla_Solar_Park
2023-11-14 17:00:00,27.2,24,996.2,0,13.0,96.0,224.0,59.0,37.0,27.5398,71.9153,Bhadla_Solar_Park
2023-11-14 18:00:00,25.4,26,997.0,0,11.8,3.0,0.0,3.0,0.0,27.5398,71.9153,Bhadla_Solar_Park
2023-11-14 19:00:00,23.9,30,997.5,0,12.7,0.0,0.0,0.0,0.0,27.5398,71.9153,Bhadla_Solar_Park
2023-11-14 20:00:00,22.7,35,997.9,0,13.4,0.0,0.0,0.0,0.0,27.5398,71.9153,Bhadla_Solar_Park
2023-11-14 21:00:00,21.8,41,998.3,0,14.6,0.0,0.0,0.0,0.0,27.5398,71.9153,Bhadla_Solar_Park
2023-11-14 22:00:00,21.1,46,998.7,0,14.8,0.0,0.0,0.0,0.0,27.5398,71.9153,Bhadla_Solar_Park
2023-11-14 23:00:00,20.4,49,998.7,0,14.7,0.0,0.0,0.0,0.0,27.5398,71.9153,Bhadla_Solar_Park
2023-11-15 00:00:00,19.7,52,998.2,0,14.2,0.0,0.0,0.0,0.0,27.5398,71.9153,Bhadla_Solar_Park
2023-11-15 01:00:00,19.1,54,997.7,0,14.6,0.0,0.0,0.0,0.0,27.5398,71.9153,Bhadla_Solar_Park
2023-11-15 02:00:00,18.8,55,997.5,0,14.6,0.0,0.0,0.0,0.0,27.5398,71.9153,Bhadla_Solar_Park
2023-11-15 03:00:00,18.3,57,997.2,0,13.5,0.0,0.0,0.0,0.0,27.5398,71.9153,Bhadla_Solar_Park
2023-11-15 04:00:00,17.4,60,997.3,0,12.0,0.0,0.0,0.0,0.0,27.5398,71.9153,Bhadla_Solar_Park
2023-11-15 05:00:00,16.4,64,997.6,0,10.8,0.0,0.0,0.0,0.0,27.5398,71.9153,Bhadla_Solar_Park
2023-11-15 06:00:00,15.3,72,998.4,0,10.1,0.0,0.0,0.0,0.0,27.5398,71.9153,Bhadla_Solar_Park
2023-11-15 07:00:00,15.4,72,999.1,0,10.8,7.0,15.7,6.0,1.0,27.5398,71.9153,Bhadla_Solar_Park
2023-11-15 08:00:00,17.7,62,999.7,0,9.4,113.0,246.3,67.0,46.0,27.5398,71.9153,Bhadla_Solar_Park
2023-11-15 09:00:00,20.8,51,1000.3,2,9.0,293.0,464.3,119.0,174.0,27.5398,71.9153,Bhadla_Solar_Park
2023-11-15 10:00:00,23.8,41,1000.4,3,10.8,465.0,595.6,151.0,314.0,27.5398,71.9153,Bhadla_Solar_Park
2023-11-15 11:00:00,25.6,34,999.9,1,12.3,592.0,667.4,169.0,423.0,27.5398,71.9153,Bhadla_Solar_Park
2023-11-15 12:00:00,26.5,32,998.8,1,11.8,657.0,698.4,177.0,480.0,27.5398,71.9153,Bhadla_Solar_Park
2023-11-15 13:00:00,27.3,30,997.7,0,11.8,652.0,696.0,176.0,476.0,27.5398,71.9153,Bhadla_Solar_Park
2023-11-15 14:00:00,27.9,27,996.8,0,13.0,579.0,661.8,166.0,413.0,27.5398,71.9153,Bhadla_Solar_Park
2023-11-15 15:00:00,27.8,27,996.4,0,13.6,446.0,588.2,145.0,301.0,27.5398,71.9153,Bhadla_Solar_Park
2023-11-15 16:00:00,27.5,28,996.3,0,12.9,271.0,445.6,113.0,158.0,27.5398,71.9153,Bhadla_Solar_Park
2023-11-15 17:00:00,26.5,31,996.4,0,11.3,95.0,220.4,59.0,36.0,27.5398,71.9153,Bhadla_Solar_Park
2023-11-15 18:00:00,25.0,34,997.1,0,12.1,3.0,0.0,3.0,0.0,27.5398,71.9153,Bhadla_Solar_Park
2023-11-15 19:00:00,23.6,39,997.5,30,11.8,0.0,0.0,0.0,0.0,27.5398,71.9153,Bhadla_Solar_Park
2023-11-15 20:00:00,22.4,43,997.7,42,10.9,0.0,0.0,0.0,0.0,27.5398,71.9153,Bhadla_Solar_Park
2023-11-15 21:00:00,21.2,47,998.0,85,10.3,0.0,0.0,0.0,0.0,27.5398,71.9153,Bhadla_Solar_Park
2023-11-15 22:00:00,20.5,50,998.1,43,9.5,0.0,0.0,0.0,0.0,27.5398,71.9153,Bhadla_Solar_Park
2023-11-15 23:00:00,19.6,54,997.9,9,10.6,0.0,0.0,0.0,0.0,27.5398,71.9153,Bhadla_Solar_Park
2023-11-16 00:00:00,18.5,58,997.5,0,10.1,0.0,0.0,0.0,0.0,27.5398,71.9153,Bhadla_Solar_Park
2023-11-16 01:00:00,17.9,61,997.1,0,10.8,0.0,0.0,0.0,0.0,27.5398,71.9153,Bhadla_Solar_Park
2023-11-16 02:00:00,17.3,64,996.8,0,10.8,0.0,0.0,0.0,0.0,27.5398,71.9153,Bhadla_Solar_Park
2023-11-16 03:00:00,16.5,68,997.0,0,10.7,0.0,0.0,0.0,0.0,27.5398,71.9153,Bhadla_Solar_Park
2023-11-16 04:00:00,15.7,72,996.9,16,10.5,0.0,0.0,0.0,0.0,27.5398,71.9153,Bhadla_Solar_Park
2023-11-16 05:00:00,15.2,74,997.0,21,9.8,0.0,0.0,0.0,0.0,27.5398,71.9153,Bhadla_Solar_Park
2023-11-16 06:00:00,14.5,82,997.9,35,11.0,0.0,0.0,0.0,0.0,27.5398,71.9153,Bhadla_Solar_Park
2023-11-16 07:00:00,14.6,81,998.7,80,11.4,6.0,16.1,5.0,1.0,27.5398,71.9153,Bhadla_Solar_Park
2023-11-16 08:00:00,17.0,68,999.5,0,9.7,108.0,217.6,68.0,40.0,27.5398,71.9153,Bhadla_Solar_Park
2023-11-16 09:00:00,20.3,55,1000.5,0,8.4,288.0,457.5,118.0,170.0,27.5398,71.9153,Bhadla_Solar_Park
2023-11-16 10:00:00,23.4,45,1000.7,0,9.9,459.0,589.7,150.0,309.0,27.5398,71.9153,Bhadla_Solar_Park
2023-11-16 11:00:00,25.1,38,1000.0,0,11.2,585.0,661.3,168.0,417.0,27.5398,71.9153,Bhadla_Solar_Park
2023-11-16 12:00:00,26.0,35,999.0,0,11.3,651.0,694.4,176.0,475.0,27.5398,71.9153,Bhadla_Solar_Park
2023-11-16 13:00:00,26.8,32,997.9,0,10.6,648.0,696.1,174.0,474.0,27.5398,71.9153,Bhadla_Solar_Park
2023-11-16 14:00:00,27.5,28,997.2,0,10.5,577.0,663.1,165.0,412.0,27.5398,71.9153,Bhadla_Solar_Park
2023-11-16 15:00:00,27.8,25,997.2,0,11.4,444.0,587.1,145.0,299.0,27.5398,71.9153,Bhadla_Solar_Park
2023-11-16 16:00:00,27.5,24,997.1,0,14.9,270.0,445.4,113.0,157.0,27.5398,71.9153,Bhadla_Solar_Park
2023-11-16 17:00:00,26.3,26,997.5,0,12.2,94.0,222.8,58.0,36.0,27.5398,71.9153,Bhadla_Solar_Park
2023-11-16 18:00:00,24.5,26,998.0,0,11.2,3.0,0.0,3.0,0.0,27.5398,71.9153,Bhadla_Solar_Park
2023-11-16 19:00:00,22.9,30,998.4,0,11.5,0.0,0.0,0.0,0.0,27.5398,71.9153,Bhadla_Solar_Park
2023-11-16 20:00:00,21.4,33,998.6,0,11.2,0.0,0.0,0.0,0.0,27.5398,71.9153,Bhadla_Solar_Park
2023-11-16 21:00:00,20.1,36,998.9,0,11.5,0.0,0.0,0.0,0.0,27.5398,71.9153,Bhadla_Solar_Park
2023-11-16 22:00:00,19.0,39,998.8,20,11.6,0.0,0.0,0.0,0.0,27.5398,71.9153,Bhadla_Solar_Park
2023-11-16 23:00:00,18.2,42,998.9,1,11.8,0.0,0.0,0.0,0.0,27.5398,71.9153,Bhadla_Solar_Park
2023-11-17 00:00:00,17.9,45,999.0,0,12.1,0.0,0.0,0.0,0.0,27.5398,71.9153,Bhadla_Solar_Park
2023-11-17 01:00:00,17.4,48,998.6,59,13.4,0.0,0.0,0.0,0.0,27.5398,71.9153,Bhadla_Solar_Park
2023-11-17 02:00:00,17.0,51,998.1,55,14.3,0.0,0.0,0.0,0.0,27.5398,71.9153,Bhadla_Solar_Park
2023-11-17 03:00:00,16.5,53,997.8,77,13.2,0.0,0.0,0.0,0.0,27.5398,71.9153,Bhadla_Solar_Park
2023-11-17 04:00:00,15.8,57,997.8,49,12.6,0.0,0.0,0.0,0.0,27.5398,71.9153,Bhadla_Solar_Park
2023-11-17 05:00:00,15.3,62,998.1,6,12.8,0.0,0.0,0.0,0.0,27.5398,71.9153,Bhadla_Solar_Park
2023-11-17 06:00:00,14.6,71,999.2,0,13.0,0.0,0.0,0.0,0.0,27.5398,71.9153,Bhadla_Solar_Park
2023-11-17 07:00:00,14.5,73,999.5,11,13.0,6.0,16.5,5.0,1.0,27.5398,71.9153,Bhadla_Solar_Park
2023-11-17 08:00:00,16.6,64,999.9,0,10.8,108.0,237.8,65.0,43.0,27.5398,71.9153,Bhadla_Solar_Park
2023-11-17 09:00:00,19.4,53,1000.7,0,9.4,284.0,450.6,118.0,166.0,27.5398,71.9153,Bhadla_Solar_Park
2023-11-17 10:00:00,22.1,46,1000.7,0,9.1,454.0,585.8,149.0,305.0,27.5398,71.9153,Bhadla_Solar_Park
2023-11-17 11:00:00,24.7,39,1000.1,0,8.3,582.0,661.6,167.0,415.0,27.5398,71.9153,Bhadla_Solar_Park
2023-11-17 12:00:00,26.6,29,998.9,0,8.7,648.0,696.1,174.0,474.0,27.5398,71.9153,Bhadla_Solar_Park
2023-11-17 13:00:00,27.2,25,997.9,59,7.4,646.0,696.2,174.0,472.0,27.5398,71.9153,Bhadla_Solar_Park
2023-11-17 14:00:00,27.5,23,996.9,100,8.5,574.0,662.8,164.0,410.0,27.5398,71.9153,Bhadla_Solar_Park
2023-11-17 15:00:00,27.6,23,996.5,100,10.1,418.0,471.5,179.0,239.0,27.5398,71.9153,Bhadla_Solar_Park
2023-11-17 16:00:00,27.3,25,996.2,1,11.5,241.0,276.8,144.0,97.0,27.5398,71.9153,Bhadla_Solar_Park
2023-11-17 17:00:00,26.3,29,996.2,0,9.7,92.0,218.9,57.0,35.0,27.5398,71.9153,Bhadla_Solar_Park
2023-11-17 18:00:00,24.7,33,996.9,0,12.1,3.0,0.0,3.0,0.0,27.5398,71.9153,Bhadla_Solar_Park
2023-11-17 19:00:00,23.7,34,997.2,0,15.1,0.0,0.0,0.0,0.0,27.5398,71.9153,Bhadla_Solar_Park
2023-11-17 20:00:00,22.8,37,997.1,0,13.8,0.0,0.0,0.0,0.0,27.5398,71.9153,Bhadla_Solar_Park
2023-11-17 21:00:00,21.3,43,997.4,1,10.2,0.0,0.0,0.0,0.0,27.5398,71.9153,Bhadla_Solar_Park
2023-11-17 22:00:00,20.1,47,997.4,0,11.0,0.0,0.0,0.0,0.0,27.5398,71.9153,Bhadla_Solar_Park
2023-11-17 23:00:00,19.7,53,997.1,0,12.3,0.0,0.0,0.0,0.0,27.5398,71.9153,Bhadla_Solar_Park
2023-11-18 00:00:00,19.6,58,996.6,0,13.0,0.0,0.0,0.0,0.0,27.5398,71.9153,Bhadla_Solar_Park
2023-11-18 01:00:00,19.0,61,996.3,0,12.8,0.0,0.0,0.0,0.0,27.5398,71.9153,Bhadla_Solar_Park
2023-11-18 02:00:00,18.4,61,996.1,0,13.6,0.0,0.0,0.0,0.0,27.5398,71.9153,Bhadla_Solar_Park
2023-11-18 03:00:00,17.6,62,995.9,0,13.0,0.0,0.0,0.0,0.0,27.5398,71.9153,Bhadla_Solar_Park
2023-11-18 04:00:00,17.0,63,995.7,0,12.3,0.0,0.0,0.0,0.0,27.5398,71.9153,Bhadla_Solar_Park
2023-11-18 05:00:00,16.2,65,995.7,0,10.3,0.0,0.0,0.0,0.0,27.5398,71.9153,Bhadla_Solar_Park
2023-11-18 06:00:00,14.5,76,996.9,0,7.6,0.0,0.0,0.0,0.0,27.5398,71.9153,Bhadla_Solar_Park
2023-11-18 07:00:00,14.4,76,997.5,0,7.8,5.0,16.9,4.0,1.0,27.5398,71.9153,Bhadla_Solar_Park
2023-11-18 08:00:00,16.3,67,997.8,0,5.9,105.0,230.6,64.0,41.0,27.5398,71.9153,Bhadla_Solar_Park
2023-11-18 09:00:00,19.5,54,998.4,0,6.5,280.0,446.3,117.0,163.0,27.5398,71.9153,Bhadla_Solar_Park
2023-11-18 10:00:00,22.6,46,998.7,0,6.6,449.0,581.7,148.0,301.0,27.5398,71.9153,Bhadla_Solar_Park
2023-11-18 11:00:00,25.2,39,997.9,0,5.3,575.0,655.4,166.0,409.0,27.5398,71.9153,Bhadla_Solar_Park
2023-11-18 12:00:00,26.2,33,996.8,0,3.6,641.0,689.0,174.0,467.0,27.5398,71.9153,Bhadla_Solar_Park
2023-11-18 13:00:00,26.8,30,995.8,0,3.7,640.0,691.8,173.0,467.0,27.5398,71.9153,Bhadla_Solar_Park
2023-11-18 14:00:00,27.1,28,994.9,0,5.1,569.0,659.2,163.0,406.0,27.5398,71.9153,Bhadla_Solar_Park
2023-11-18 15:00:00,27.2,27,994.5,0,6.6,438.0,582.7,144.0,294.0,27.5398,71.9153,Bhadla_Solar_Park
2023-11-18 16:00:00,26.9,26,994.7,0,7.9,265.0,441.9,111.0,154.0,27.5398,71.9153,Bhadla_Solar_Park
2023-11-18 17:00:00,26.1,26,995.0,0,7.4,91.0,214.7,57.0,34.0,27.5398,71.9153,Bhadla_Solar_Park
2023-11-18 18:00:00,24.0,35,995.0,0,6.5,3.0,0.0,3.0,0.0,27.5398,71.9153,Bhadla_Solar_Park
2023-11-18 19:00:00,23.3,34,995.6,0,5.3,0.0,0.0,0.0,0.0,27.5398,71.9153,Bhadla_Solar_Park
2023-11-18 20:00:00,23.0,34,996.0,0,4.6,0.0,0.0,0.0,0.0,27.5398,71.9153,Bhadla_Solar_Park
2023-11-18 21:00:00,21.6,38,996.2,0,5.3,0.0,0.0,0.0,0.0,27.5398,71.9153,Bhadla_Solar_Park
2023-11-18 22:00:00,19.5,45,996.3,0,8.5,0.0,0.0,0.0,0.0,27.5398,71.9153,Bhadla_Solar_Park
2023-11-18 23:00:00,18.7,46,996.0,0,8.7,0.0,0.0,0.0,0.0,27.5398,71.9153,Bhadla_Solar_Park
2023-11-19 00:00:00,18.4,49,995.6,0,10.9,0.0,0.0,0.0,0.0,27.5398,71.9153,Bhadla_Solar_Park
2023-11-19 01:00:00,17.8,53,995.2,0,11.2,0.0,0.0,0.0,0.0,27.5398,71.9153,Bhadla_Solar_Park
2023-11-19 02:00:00,16.8,57,995.1,0,9.0,0.0,0.0,0.0,0.0,27.5398,71.9153,Bhadla_Solar_Park
2023-11-19 03:00:00,16.3,60,995.0,0,7.4,0.0,0.0,0.0,0.0,27.5398,71.9153,Bhadla_Solar_Park
2023-11-19 04:00:00,16.0,63,995.2,0,7.6,0.0,0.0,0.0,0.0,27.5398,71.9153,Bhadla_Solar_Park
2023-11-19 05:00:00,15.7,62,995.6,0,10.7,0.0,0.0,0.0,0.0,27.5398,71.9153,Bhadla_Solar_Park
2023-11-19 06:00:00,14.5,72,996.1,0,7.3,0.0,0.0,0.0,0.0,27.5398,71.9153,Bhadla_Solar_Park
2023-11-19 07:00:00,15.1,70,996.6,0,6.4,5.0,0.0,5.0,0.0,27.5398,71.9153,Bhadla_Solar_Park
2023-11-19 08:00:00,17.2,59,997.3,0,7.6,101.0,228.8,61.0,40.0,27.5398,71.9153,Bhadla_Solar_Park
2023-11-19 09:00:00,20.6,45,998.2,0,5.3,274.0,441.9,114.0,160.0,27.5398,71.9153,Bhadla_Solar_Park
2023-11-19 10:00:00,23.9,36,998.5,0,2.6,442.0,575.7,146.0,296.0,27.5398,71.9153,Bhadla_Solar_Park
2023-11-19 11:00:00,26.1,30,998.1,0,2.9,567.0,649.1,164.0,403.0,27.5398,71.9153,Bhadla_Solar_Park
2023-11-19 12:00:00,27.5,26,997.4,0,3.5,632.0,681.8,172.0,460.0,27.5398,71.9153,Bhadla_Solar_Park
2023-11-19 13:00:00,28.0,24,996.5,0,3.8,629.0,681.4,171.0,458.0,27.5398,71.9153,Bhadla_Solar_Park
2023-11-19 14:00:00,28.3,24,995.8,0,5.0,559.0,648.9,161.0,398.0,27.5398,71.9153,Bhadla_Solar_Park
2023-11-19 15:00:00,28.5,23,995.5,0,6.9,430.0,575.3,141.0,289.0,27.5398,71.9153,Bhadla_Solar_Park
2023-11-19 16:00:00,28.2,24,995.6,0,7.9,260.0,432.8,110.0,150.0,27.5398,71.9153,Bhadla_Solar_Park
2023-11-19 17:00:00,27.1,26,995.8,0,7.3,88.0,210.4,55.0,33.0,27.5398,71.9153,Bhadla_Solar_Park
2023-11-19 18:00:00,24.6,33,996.1,0,7.8,3.0,0.0,3.0,0.0,27.5398,71.9153,Bhadla_Solar_Park
2023-11-19 19:00:00,23.4,35,996.8,0,9.4,0.0,0.0,0.0,0.0,27.5398,71.9153,Bhadla_Solar_Park
2023-11-19 20:00:00,22.3,35,997.3,0,10.6,0.0,0.0,0.0,0.0,27.5398,71.9153,Bhadla_Solar_Park
2023-11-19 21:00:00,21.3,35,997.4,0,10.6,0.0,0.0,0.0,0.0,27.5398,71.9153,Bhadla_Solar_Park
2023-11-19 22:00:00,20.3,37,997.4,0,10.2,0.0,0.0,0.0,0.0,27.5398,71.9153,Bhadla_Solar_Park
2023-11-19 23:00:00,19.7,39,997.2,0,11.0,0.0,0.0,0.0,0.0,27.5398,71.9153,Bhadla_Solar_Park
2023-11-20 00:00:00,19.2,41,997.0,0,14.6,0.0,0.0,0.0,0.0,27.5398,71.9153,Bhadla_Solar_Park
2023-11-20 01:00:00,18.4,47,996.8,0,14.8,0.0,0.0,0.0,0.0,27.5398,71.9153,Bhadla_Solar_Park
2023-11-20 02:00:00,17.9,53,996.9,0,14.5,0.0,0.0,0.0,0.0,27.5398,71.9153,Bhadla_Solar_Park
2023-11-20 03:00:00,17.3,56,996.6,0,13.2,0.0,0.0,0.0,0.0,27.5398,71.9153,Bhadla_Solar_Park
2023-11-20 04:00:00,16.9,58,996.8,0,12.4,0.0,0.0,0.0,0.0,27.5398,71.9153,Bhadla_Solar_Park
2023-11-20 05:00:00,16.5,59,997.0,0,11.8,0.0,0.0,0.0,0.0,27.5398,71.9153,Bhadla_Solar_Park
2023-11-20 06:00:00,16.0,62,997.9,0,12.6,0.0,0.0,0.0,0.0,27.5398,71.9153,Bhadla_Solar_Park
2023-11-20 07:00:00,15.8,63,998.7,0,12.7,5.0,0.0,5.0,0.0,27.5398,71.9153,Bhadla_Solar_Park
2023-11-20 08:00:00,17.8,56,999.3,0,12.0,100.0,227.0,61.0,39.0,27.5398,71.9153,Bhadla_Solar_Park
2023-11-20 09:00:00,20.6,47,1000.1,0,9.8,273.0,443.0,114.0,159.0,27.5398,71.9153,Bhadla_Solar_Park
2023-11-20 10:00:00,23.8,39,1000.2,0,10.8,440.0,577.4,145.0,295.0,27.5398,71.9153,Bhadla_Solar_Park
2023-11-20 11:00:00,26.5,32,999.8,0,13.5,565.0,652.5,162.0,403.0,27.5398,71.9153,Bhadla_Solar_Park
2023-11-20 12:00:00,27.7,26,998.9,0,13.3,631.0,684.9,171.0,460.0,27.5398,71.9153,Bhadla_Solar_Park
2023-11-20 13:00:00,28.4,24,997.7,0,14.3,629.0,685.8,170.0,459.0,27.5398,71.9153,Bhadla_Solar_Park
2023-11-20 14:00:00,28.6,23,997.0,0,16.3,559.0,653.2,160.0,399.0,27.5398,71.9153,Bhadla_Solar_Park
2023-11-20 15:00:00,28.5,22,996.7,0,17.2,430.0,577.8,141.0,289.0,27.5398,71.9153,Bhadla_Solar_Park
2023-11-20 16:00:00,28.0,22,996.8,0,17.9,260.0,435.0,110.0,150.0,27.5398,71.9153,Bhadla_Solar_Park
2023-11-20 17:00:00,26.7,25,996.9,0,15.7,88.0,212.3,55.0,33.0,27.5398,71.9153,Bhadla_Solar_Park
2023-11-20 18:00:00,24.9,29,997.1,0,13.5,2.0,0.0,2.0,0.0,27.5398,71.9153,Bhadla_Solar_Park
2023-11-20 19:00:00,23.6,32,997.7,0,13.5,0.0,0.0,0.0,0.0,27.5398,71.9153,Bhadla_Solar_Park
2023-11-20 20:00:00,22.5,35,998.2,0,14.2,0.0,0.0,0.0,0.0,27.5398,71.9153,Bhadla_Solar_Park
2023-11-20 21:00:00,21.5,38,998.3,0,14.3,0.0,0.0,0.0,0.0,27.5398,71.9153,Bhadla_Solar_Park
2023-11-20 22:00:00,20.5,40,998.4,0,12.8,0.0,0.0,0.0,0.0,27.5398,71.9153,Bhadla_Solar_Park
2023-11-20 23:00:00,19.3,44,998.3,0,11.5,0.0,0.0,0.0,0.0,27.5398,71.9153,Bhadla_Solar_Park
2023-11-21 00:00:00,18.3,49,998.2,0,10.2,0.0,0.0,0.0,0.0,27.5398,71.9153,Bhadla_Solar_Park
2023-11-21 01:00:00,17.3,53,997.9,0,9.4,0.0,0.0,0.0,0.0,27.5398,71.9153,Bhadla_Solar_Park
2023-11-21 02:00:00,16.5,56,997.6,0,9.9,0.0,0.0,0.0,0.0,27.5398,71.9153,Bhadla_Solar_Park
2023-11-21 03:00:00,15.9,58,996.9,0,10.6,0.0,0.0,0.0,0.0,27.5398,71.9153,Bhadla_Solar_Park
2023-11-21 04:00:00,15.4,60,997.1,0,10.3,0.0,0.0,0.0,0.0,27.5398,71.9153,Bhadla_Solar_Park
2023-11-21 05:00:00,15.1,61,997.4,2,10.8,0.0,0.0,0.0,0.0,27.5398,71.9153,Bhadla_Solar_Park
2023-11-21 06:00:00,15.0,68,997.7,1,12.3,0.0,0.0,0.0,0.0,27.5398,71.9153,Bhadla_Solar_Park
2023-11-21 07:00:00,14.7,71,998.8,21,10.3,4.0,0.0,4.0,0.0,27.5398,71.9153,Bhadla_Solar_Park
2023-11-21 08:00:00,16.7,65,999.3,22,9.3,97.0,213.3,61.0,36.0,27.5398,71.9153,Bhadla_Solar_Park
2023-11-21 09:00:00,19.6,55,1000.2,73,8.9,264.0,402.0,121.0,143.0,27.5398,71.9153,Bhadla_Solar_Park
2023-11-21 10:00:00,22.5,47,1000.2,100,9.1,422.0,504.2,166.0,256.0,27.5398,71.9153,Bhadla_Solar_Park
2023-11-21 11:00:00,24.4,40,999.4,76,9.0,410.0,200.2,287.0,123.0,27.5398,71.9153,Bhadla_Solar_Park
2023-11-21 12:00:00,26.1,32,998.6,6,6.8,596.0,572.8,213.0,383.0,27.5398,71.9153,Bhadla_Solar_Park
2023-11-21 13:00:00,27.1,28,997.4,34,7.3,623.0,679.6,170.0,453.0,27.5398,71.9153,Bhadla_Solar_Park
2023-11-21 14:00:00,27.6,28,996.5,5,10.1,553.0,642.7,162.0,391.0,27.5398,71.9153,Bhadla_Solar_Park
2023-11-21 15:00:00,27.8,28,996.1,0,11.9,426.0,570.2,142.0,284.0,27.5398,71.9153,Bhadla_Solar_Park
2023-11-21 16:00:00,27.4,28,995.9,0,13.0,257.0,431.3,109.0,148.0,27.5398,71.9153,Bhadla_Solar_Park
2023-11-21 17:00:00,26.3,31,996.0,0,10.8,87.0,207.6,55.0,32.0,27.5398,71.9153,Bhadla_Solar_Park
2023-11-21 18:00:00,24.3,36,996.6,0,9.9,2.0,0.0,2.0,0.0,27.5398,71.9153,Bhadla_Solar_Park
2023-11-21 19:00:00,22.8,40,996.9,0,10.2,0.0,0.0,0.0,0.0,27.5398,71.9153,Bhadla_Solar_Park
2023-11-21 20:00:00,21.7,43,996.9,0,11.0,0.0,0.0,0.0,0.0,27.5398,71.9153,Bhadla_Solar_Park
2023-11-21 21:00:00,20.4,47,997.3,0,9.4,0.0,0.0,0.0,0.0,27.5398,71.9153,Bhadla_Solar_Park
2023-11-21 22:00:00,19.2,52,997.1,0,9.0,0.0,0.0,0.0,0.0,27.5398,71.9153,Bhadla_Solar_Park
2023-11-21 23:00:00,18.1,56,996.6,0,8.3,0.0,0.0,0.0,0.0,27.5398,71.9153,Bhadla_Solar_Park
2023-11-22 00:00:00,17.3,58,995.8,0,9.0,0.0,0.0,0.0,0.0,27.5398,71.9153,Bhadla_Solar_Park
2023-11-22 01:00:00,16.6,60,995.1,0,9.3,0.0,0.0,0.0,0.0,27.5398,71.9153,Bhadla_Solar_Park
2023-11-22 02:00:00,15.9,61,994.7,0,9.3,0.0,0.0,0.0,0.0,27.5398,71.9153,Bhadla_Solar_Park
2023-11-22 03:00:00,15.2,63,994.5,0,9.6,0.0,0.0,0.0,0.0,27.5398,71.9153,Bhadla_Solar_Park
2023-11-22 04:00:00,14.5,65,994.5,0,8.9,0.0,0.0,0.0,0.0,27.5398,71.9153,Bhadla_Solar_Park
2023-11-22 05:00:00,14.0,67,994.7,0,8.4,0.0,0.0,0.0,0.0,27.5398,71.9153,Bhadla_Solar_Park
2023-11-22 06:00:00,13.4,69,995.2,0,9.0,0.0,0.0,0.0,0.0,27.5398,71.9153,Bhadla_Solar_Park
2023-11-22 07:00:00,13.2,69,995.8,0,8.9,4.0,0.0,4.0,0.0,27.5398,71.9153,Bhadla_Solar_Park
2023-11-22 08:00:00,15.7,59,996.6,0,7.3,98.0,229.2,60.0,38.0,27.5398,71.9153,Bhadla_Solar_Park
2023-11-22 09:00:00,19.9,45,997.5,0,8.0,273.0,453.8,113.0,160.0,27.5398,71.9153,Bhadla_Solar_Park
2023-11-22 10:00:00,23.7,36,997.4,0,9.6,442.0,590.6,144.0,298.0,27.5398,71.9153,Bhadla_Solar_Park
2023-11-22 11:00:00,25.5,32,996.8,0,9.8,569.0,667.4,161.0,408.0,27.5398,71.9153,Bhadla_Solar_Park
2023-11-22 12:00:00,26.7,28,995.8,0,9.7,636.0,701.5,169.0,467.0,27.5398,71.9153,Bhadla_Solar_Park
2023-11-22 13:00:00,27.7,24,994.9,0,10.4,634.0,701.9,168.0,466.0,27.5398,71.9153,Bhadla_Solar_Park
2023-11-22 14:00:00,28.3,21,994.1,0,10.5,564.0,669.9,158.0,406.0,27.5398,71.9153,Bhadla_Solar_Park
2023-11-22 15:00:00,28.5,20,993.5,0,10.5,435.0,594.7,140.0,295.0,27.5398,71.9153,Bhadla_Solar_Park
2023-11-22 16:00:00,28.2,20,993.4,0,9.4,263.0,450.9,109.0,154.0,27.5398,71.9153,Bhadla_Solar_Park
2023-11-22 17:00:00,26.2,25,993.5,0,6.9,88.0,222.3,54.0,34.0,27.5398,71.9153,Bhadla_Solar_Park
2023-11-22 18:00:00,24.5,28,993.6,0,7.1,2.0,0.0,2.0,0.0,27.5398,71.9153,Bhadla_Solar_Park
2023-11-22 19:00:00,23.9,29,994.0,0,5.8,0.0,0.0,0.0,0.0,27.5398,71.9153,Bhadla_Solar_Park
2023-11-22 20:00:00,24.8,25,994.4,0,4.0,0.0,0.0,0.0,0.0,27.5398,71.9153,Bhadla_Solar_Park
2023-11-22 21:00:00,23.7,27,994.6,0,1.8,0.0,0.0,0.0,0.0,27.5398,71.9153,Bhadla_Solar_Park
2023-11-22 22:00:00,22.6,29,994.2,0,4.3,0.0,0.0,0.0,0.0,27.5398,71.9153,Bhadla_Solar_Park
2023-11-22 23:00:00,18.9,39,993.6,0,7.9,0.0,0.0,0.0,0.0,27.5398,71.9153,Bhadla_Solar_Park
2023-11-23 00:00:00,18.3,40,993.0,0,8.3,0.0,0.0,0.0,0.0,27.5398,71.9153,Bhadla_Solar_Park
2023-11-23 01:00:00,17.9,40,992.7,0,11.1,0.0,0.0,0.0,0.0,27.5398,71.9153,Bhadla_Solar_Park
2023-11-23 02:00:00,17.1,41,992.3,0,12.1,0.0,0.0,0.0,0.0,27.5398,71.9153,Bhadla_Solar_Park
2023-11-23 03:00:00,16.1,45,992.1,0,11.4,0.0,0.0,0.0,0.0,27.5398,71.9153,Bhadla_Solar_Park
2023-11-23 04:00:00,15.5,48,992.0,0,11.2,0.0,0.0,0.0,0.0,27.5398,71.9153,Bhadla_Solar_Park
2023-11-23 05:00:00,15.3,48,992.1,0,11.7,0.0,0.0,0.0,0.0,27.5398,71.9153,Bhadla_Solar_Park
2023-11-23 06:00:00,14.8,52,992.7,0,12.2,0.0,0.0,0.0,0.0,27.5398,71.9153,Bhadla_Solar_Park
2023-11-23 07:00:00,15.2,50,993.3,0,13.5,3.0,0.0,3.0,0.0,27.5398,71.9153,Bhadla_Solar_Park
2023-11-23 08:00:00,17.7,42,993.9,0,13.5,94.0,227.3,57.0,37.0,27.5398,71.9153,Bhadla_Solar_Park
2023-11-23 09:00:00,21.6,33,994.7,0,12.6,265.0,443.5,110.0,155.0,27.5398,71.9153,Bhadla_Solar_Park
2023-11-23 10:00:00,25.0,26,994.8,0,16.1,432.0,582.3,140.0,292.0,27.5398,71.9153,Bhadla_Solar_Park
2023-11-23 11:00:00,27.8,22,994.2,0,19.4,558.0,657.6,158.0,400.0,27.5398,71.9153,Bhadla_Solar_Park
2023-11-23 12:00:00,29.2,20,993.1,0,18.9,624.0,691.0,166.0,458.0,27.5398,71.9153,Bhadla_Solar_Park
2023-11-23 13:00:00,29.8,19,991.9,0,16.1,623.0,692.6,165.0,458.0,27.5398,71.9153,Bhadla_Solar_Park
2023-11-23 14:00:00,30.2,19,991.1,0,14.0,555.0,660.9,156.0,399.0,27.5398,71.9153,Bhadla_Solar_Park
2023-11-23 15:00:00,30.2,19,990.5,0,11.6,427.0,586.8,137.0,290.0,27.5398,71.9153,Bhadla_Solar_Park
2023-11-23 16:00:00,29.9,20,990.4,0,9.4,257.0,444.1,106.0,151.0,27.5398,71.9153,Bhadla_Solar_Park
2023-11-23 17:00:00,27.7,25,990.7,0,8.3,86.0,217.4,53.0,33.0,27.5398,71.9153,Bhadla_Solar_Park
2023-11-23 18:00:00,26.2,27,991.2,0,11.2,2.0,0.0,2.0,0.0,27.5398,71.9153,Bhadla_Solar_Park
2023-11-23 19:00:00,24.8,30,991.8,0,11.7,0.0,0.0,0.0,0.0,27.5398,71.9153,Bhadla_Solar_Park
2023-11-23 20:00:00,23.5,32,992.2,0,12.1,0.0,0.0,0.0,0.0,27.5398,71.9153,Bhadla_Solar_Park
2023-11-23 21:00:00,22.4,35,992.8,0,12.2,0.0,0.0,0.0,0.0,27.5398,71.9153,Bhadla_Solar_Park
2023-11-23 22:00:00,21.7,36,993.1,0,13.2,0.0,0.0,0.0,0.0,27.5398,71.9153,Bhadla_Solar_Park
2023-11-23 23:00:00,21.2,37,993.2,0,14.1,0.0,0.0,0.0,0.0,27.5398,71.9153,Bhadla_Solar_Park
2023-11-24 00:00:00,20.4,38,992.9,0,13.6,0.0,0.0,0.0,0.0,27.5398,71.9153,Bhadla_Solar_Park
2023-11-24 01:00:00,19.6,40,992.7,0,12.6,0.0,0.0,0.0,0.0,27.5398,71.9153,Bhadla_Solar_Park
2023-11-24 02:00:00,18.4,43,992.5,5,9.6,0.0,0.0,0.0,0.0,27.5398,71.9153,Bhadla_Solar_Park
2023-11-24 03:00:00,19.2,41,992.9,4,3.9,0.0,0.0,0.0,0.0,27.5398,71.9153,Bhadla_Solar_Park
2023-11-24 04:00:00,17.0,49,993.0,25,6.7,0.0,0.0,0.0,0.0,27.5398,71.9153,Bhadla_Solar_Park
2023-11-24 05:00:00,16.7,48,993.2,0,11.4,0.0,0.0,0.0,0.0,27.5398,71.9153,Bhadla_Solar_Park
2023-11-24 06:00:00,15.4,54,994.1,0,12.0,0.0,0.0,0.0,0.0,27.5398,71.9153,Bhadla_Solar_Park
2023-11-24 07:00:00,15.1,54,995.0,0,11.5,3.0,0.0,3.0,0.0,27.5398,71.9153,Bhadla_Solar_Park
2023-11-24 08:00:00,17.0,47,996.2,0,12.2,92.0,219.0,57.0,35.0,27.5398,71.9153,Bhadla_Solar_Park
2023-11-24 09:00:00,20.1,40,997.3,1,9.4,262.0,438.8,110.0,152.0,27.5398,71.9153,Bhadla_Solar_Park
2023-11-24 10:00:00,23.7,33,997.7,8,8.9,428.0,575.9,141.0,287.0,27.5398,71.9153,Bhadla_Solar_Park
2023-11-24 11:00:00,27.1,28,997.6,0,8.4,553.0,649.3,160.0,393.0,27.5398,71.9153,Bhadla_Solar_Park
2023-11-24 12:00:00,28.9,23,996.4,0,8.4,619.0,686.4,166.0,453.0,27.5398,71.9153,Bhadla_Solar_Park
2023-11-24 13:00:00,29.7,21,995.3,0,8.3,619.0,687.7,166.0,453.0,27.5398,71.9153,Bhadla_Solar_Park
2023-11-24 14:00:00,30.1,20,994.7,0,11.4,551.0,655.0,157.0,394.0,27.5398,71.9153,Bhadla_Solar_Park
2023-11-24 15:00:00,30.0,20,994.3,0,14.3,423.0,578.9,138.0,285.0,27.5398,71.9153,Bhadla_Solar_Park
2023-11-24 16:00:00,29.6,20,994.4,32,13.2,255.0,437.1,107.0,148.0,27.5398,71.9153,Bhadla_Solar_Park
2023-11-24 17:00:00,28.1,22,994.8,28,10.2,84.0,199.0,54.0,30.0,27.5398,71.9153,Bhadla_Solar_Park
2023-11-24 18:00:00,26.0,25,995.5,28,13.8,2.0,0.0,2.0,0.0,27.5398,71.9153,Bhadla_Solar_Park
2023-11-24 19:00:00,24.9,27,996.2,0,17.4,0.0,0.0,0.0,0.0,27.5398,71.9153,Bhadla_Solar_Park
2023-11-24 20:00:00,23.9,30,996.8,0,20.2,0.0,0.0,0.0,0.0,27.5398,71.9153,Bhadla_Solar_Park
2023-11-24 21:00:00,22.8,38,997.3,14,24.6,0.0,0.0,0.0,0.0,27.5398,71.9153,Bhadla_Solar_Park
2023-11-24 22:00:00,21.8,43,997.4,100,23.0,0.0,0.0,0.0,0.0,27.5398,71.9153,Bhadla_Solar_Park
2023-11-24 23:00:00,20.9,48,997.3,62,21.2,0.0,0.0,0.0,0.0,27.5398,71.9153,Bhadla_Solar_Park
2023-11-25 00:00:00,20.0,51,996.8,100,19.0,0.0,0.0,0.0,0.0,27.5398,71.9153,Bhadla_Solar_Park
2023-11-25 01:00:00,19.6,52,996.3,99,17.4,0.0,0.0,0.0,0.0,27.5398,71.9153,Bhadla_Solar_Park
2023-11-25 02:00:00,18.7,53,996.1,100,15.4,0.0,0.0,0.0,0.0,27.5398,71.9153,Bhadla_Solar_Park
2023-11-25 03:00:00,17.8,55,996.1,79,13.7,0.0,0.0,0.0,0.0,27.5398,71.9153,Bhadla_Solar_Park
2023-11-25 04:00:00,17.4,56,996.1,99,13.4,0.0,0.0,0.0,0.0,27.5398,71.9153,Bhadla_Solar_Park
2023-11-25 05:00:00,16.8,59,996.2,100,12.6,0.0,0.0,0.0,0.0,27.5398,71.9153,Bhadla_Solar_Park
2023-11-25 06:00:00,16.3,64,996.9,100,13.4,0.0,0.0,0.0,0.0,27.5398,71.9153,Bhadla_Solar_Park
2023-11-25 07:00:00,16.0,67,997.4,100,13.0,3.0,0.0,3.0,0.0,27.5398,71.9153,Bhadla_Solar_Park
2023-11-25 08:00:00,17.2,64,998.4,100,11.2,81.0,108.4,64.0,17.0,27.5398,71.9153,Bhadla_Solar_Park
2023-11-25 09:00:00,19.2,58,999.4,48,10.6,215.0,174.8,155.0,60.0,27.5398,71.9153,Bhadla_Solar_Park
2023-11-25 10:00:00,21.7,50,999.7,44,12.7,420.0,535.1,155.0,265.0,27.5398,71.9153,Bhadla_Solar_Park
2023-11-25 11:00:00,24.1,44,998.8,27,13.8,547.0,622.6,172.0,375.0,27.5398,71.9153,Bhadla_Solar_Park
2023-11-25 12:00:00,25.9,35,997.5,71,14.8,619.0,678.6,173.0,446.0,27.5398,71.9153,Bhadla_Solar_Park
2023-11-25 13:00:00,27.0,29,996.3,87,15.0,608.0,632.4,193.0,415.0,27.5398,71.9153,Bhadla_Solar_Park
2023-11-25 14:00:00,27.7,25,995.6,100,13.9,533.0,567.2,193.0,340.0,27.5398,71.9153,Bhadla_Solar_Park
2023-11-25 15:00:00,27.8,24,995.3,100,15.0,426.0,578.9,142.0,284.0,27.5398,71.9153,Bhadla_Solar_Park
2023-11-25 16:00:00,27.3,25,995.3,100,15.5,156.0,65.2,134.0,22.0,27.5398,71.9153,Bhadla_Solar_Park
2023-11-25 17:00:00,26.3,27,995.4,100,13.0,46.0,6.7,45.0,1.0,27.5398,71.9153,Bhadla_Solar_Park
2023-11-25 18:00:00,24.9,30,995.8,100,13.9,2.0,0.0,2.0,0.0,27.5398,71.9153,Bhadla_Solar_Park
2023-11-25 19:00:00,24.2,31,996.2,100,15.3,0.0,0.0,0.0,0.0,27.5398,71.9153,Bhadla_Solar_Park
2023-11-25 20:00:00,23.2,33,996.2,100,15.3,0.0,0.0,0.0,0.0,27.5398,71.9153,Bhadla_Solar_Park
2023-11-25 21:00:00,22.7,35,996.6,100,14.5,0.0,0.0,0.0,0.0,27.5398,71.9153,Bhadla_Solar_Park
2023-11-25 22:00:00,21.9,37,996.7,100,13.6,0.0,0.0,0.0,0.0,27.5398,71.9153,Bhadla_Solar_Park
2023-11-25 23:00:00,21.1,40,996.6,100,13.0,0.0,0.0,0.0,0.0,27.5398,71.9153,Bhadla_Solar_Park
2023-11-26 00:00:00,20.3,42,996.3,100,13.0,0.0,0.0,0.0,0.0,27.5398,71.9153,Bhadla_Solar_Park
2023-11-26 01:00:00,19.5,46,996.1,99,13.6,0.0,0.0,0.0,0.0,27.5398,71.9153,Bhadla_Solar_Park
2023-11-26 02:00:00,19.0,49,995.6,100,14.7,0.0,0.0,0.0,0.0,27.5398,71.9153,Bhadla_Solar_Park
2023-11-26 03:00:00,18.8,51,995.3,100,14.9,0.0,0.0,0.0,0.0,27.5398,71.9153,Bhadla_Solar_Park
2023-11-26 04:00:00,18.6,53,994.9,100,15.6,0.0,0.0,0.0,0.0,27.5398,71.9153,Bhadla_Solar_Park
2023-11-26 05:00:00,18.3,55,994.9,96,15.6,0.0,0.0,0.0,0.0,27.5398,71.9153,Bhadla_Solar_Park
2023-11-26 06:00:00,17.2,59,995.4,97,14.1,0.0,0.0,0.0,0.0,27.5398,71.9153,Bhadla_Solar_Park
2023-11-26 07:00:00,17.3,58,996.2,99,13.4,2.0,0.0,2.0,0.0,27.5398,71.9153,Bhadla_Solar_Park
2023-11-26 08:00:00,18.5,54,997.1,100,11.5,59.0,39.0,53.0,6.0,27.5398,71.9153,Bhadla_Solar_Park
2023-11-26 09:00:00,19.9,50,998.0,100,10.7,143.0,26.4,134.0,9.0,27.5398,71.9153,Bhadla_Solar_Park
2023-11-26 10:00:00,21.3,48,998.6,100,16.1,219.0,54.9,192.0,27.0,27.5398,71.9153,Bhadla_Solar_Park
2023-11-26 11:00:00,21.1,51,998.1,100,10.2,270.0,46.7,242.0,28.0,27.5398,71.9153,Bhadla_Solar_Park
2023-11-26 12:00:00,20.8,57,997.7,100,7.5,327.0,93.2,266.0,61.0,27.5398,71.9153,Bhadla_Solar_Park
2023-11-26 13:00:00,20.2,62,996.5,100,9.8,214.0,18.4,202.0,12.0,27.5398,71.9153,Bhadla_Solar_Park
2023-11-26 14:00:00,19.3,68,995.8,100,11.3,172.0,10.0,166.0,6.0,27.5398,71.9153,Bhadla_Solar_Park
2023-11-26 15:00:00,18.9,73,995.4,100,18.0,112.0,2.0,111.0,1.0,27.5398,71.9153,Bhadla_Solar_Park
2023-11-26 16:00:00,18.5,77,994.5,100,14.8,87.0,0.0,87.0,0.0,27.5398,71.9153,Bhadla_Solar_Park
2023-11-26 17:00:00,18.5,79,994.8,100,10.9,41.0,0.0,41.0,0.0,27.5398,71.9153,Bhadla_Solar_Park
2023-11-26 18:00:00,18.1,82,995.8,100,16.6,1.0,0.0,1.0,0.0,27.5398,71.9153,Bhadla_Solar_Park
2023-11-26 19:00:00,17.8,85,995.6,100,11.6,0.0,0.0,0.0,0.0,27.5398,71.9153,Bhadla_Solar_Park
2023-11-26 20:00:00,17.7,85,995.6,100,14.0,0.0,0.0,0.0,0.0,27.5398,71.9153,Bhadla_Solar_Park
2023-11-26 21:00:00,17.6,87,996.3,100,8.3,0.0,0.0,0.0,0.0,27.5398,71.9153,Bhadla_Solar_Park
2023-11-26 22:00:00,17.3,90,996.6,100,7.1,0.0,0.0,0.0,0.0,27.5398,71.9153,Bhadla_Solar_Park
2023-11-26 23:00:00,17.2,91,996.7,100,5.1,0.0,0.0,0.0,0.0,27.5398,71.9153,Bhadla_Solar_Park
2023-11-27 00:00:00,17.1,92,996.1,100,9.2,0.0,0.0,0.0,0.0,27.5398,71.9153,Bhadla_Solar_Park
2023-11-27 01:00:00,17.1,92,995.6,100,12.8,0.0,0.0,0.0,0.0,27.5398,71.9153,Bhadla_Solar_Park
2023-11-27 02:00:00,17.2,91,995.2,100,12.3,0.0,0.0,0.0,0.0,27.5398,71.9153,Bhadla_Solar_Park
2023-11-27 03:00:00,17.2,90,994.5,100,15.2,0.0,0.0,0.0,0.0,27.5398,71.9153,Bhadla_Solar_Park
2023-11-27 04:00:00,16.9,91,994.0,100,15.5,0.0,0.0,0.0,0.0,27.5398,71.9153,Bhadla_Solar_Park
2023-11-27 05:00:00,16.8,90,994.1,100,12.7,0.0,0.0,0.0,0.0,27.5398,71.9153,Bhadla_Solar_Park
2023-11-27 06:00:00,16.2,91,995.1,91,6.7,0.0,0.0,0.0,0.0,27.5398,71.9153,Bhadla_Solar_Park
2023-11-27 07:00:00,16.2,90,995.3,96,10.7,2.0,0.0,2.0,0.0,27.5398,71.9153,Bhadla_Solar_Park
2023-11-27 08:00:00,16.9,88,995.8,7,7.9,56.0,72.8,45.0,11.0,27.5398,71.9153,Bhadla_Solar_Park
2023-11-27 09:00:00,18.2,84,996.6,100,10.9,231.0,329.1,120.0,111.0,27.5398,71.9153,Bhadla_Solar_Park
2023-11-27 10:00:00,18.8,81,997.4,100,12.3,244.0,198.3,147.0,97.0,27.5398,71.9153,Bhadla_Solar_Park
2023-11-27 11:00:00,19.7,77,996.3,66,14.3,336.0,207.9,212.0,124.0,27.5398,71.9153,Bhadla_Solar_Park
2023-11-27 12:00:00,20.9,72,995.5,3,13.5,582.0,582.9,202.0,380.0,27.5398,71.9153,Bhadla_Solar_Park
2023-11-27 13:00:00,21.6,68,994.6,1,9.4,592.0,649.3,169.0,423.0,27.5398,71.9153,Bhadla_Solar_Park
2023-11-27 14:00:00,21.8,67,993.9,26,12.3,524.0,604.6,164.0,360.0,27.5398,71.9153,Bhadla_Solar_Park
2023-11-27 15:00:00,21.1,72,993.9,35,16.3,389.0,473.9,158.0,231.0,27.5398,71.9153,Bhadla_Solar_Park
2023-11-27 16:00:00,20.5,73,993.6,2,14.8,222.0,340.4,108.0,114.0,27.5398,71.9153,Bhadla_Solar_Park
2023-11-27 17:00:00,19.4,79,993.8,0,12.1,79.0,182.1,52.0,27.0,27.5398,71.9153,Bhadla_Solar_Park
2023-11-27 18:00:00,18.3,83,994.7,1,13.0,2.0,0.0,2.0,0.0,27.5398,71.9153,Bhadla_Solar_Park
2023-11-27 19:00:00,17.4,85,995.4,4,11.4,0.0,0.0,0.0,0.0,27.5398,71.9153,Bhadla_Solar_Park
2023-11-27 20:00:00,16.7,89,995.7,0,13.1,0.0,0.0,0.0,0.0,27.5398,71.9153,Bhadla_Solar_Park
2023-11-27 21:00:00,16.3,89,996.0,4,11.1,0.0,0.0,0.0,0.0,27.5398,71.9153,Bhadla_Solar_Park
2023-11-27 22:00:00,15.8,90,996.0,1,10.4,0.0,0.0,0.0,0.0,27.5398,71.9153,Bhadla_Solar_Park
2023-11-27 23:00:00,15.2,90,995.8,0,9.9,0.0,0.0,0.0,0.0,27.5398,71.9153,Bhadla_Solar_Park
2023-11-28 00:00:00,14.6,91,995.3,0,10.0,0.0,0.0,0.0,0.0,27.5398,71.9153,Bhadla_Solar_Park
2023-11-28 01:00:00,14.2,91,994.9,4,9.9,0.0,0.0,0.0,0.0,27.5398,71.9153,Bhadla_Solar_Park
2023-11-28 02:00:00,13.8,92,994.8,0,8.3,0.0,0.0,0.0,0.0,27.5398,71.9153,Bhadla_Solar_Park
2023-11-28 03:00:00,13.6,92,994.7,0,8.7,0.0,0.0,0.0,0.0,27.5398,71.9153,Bhadla_Solar_Park
2023-11-28 04:00:00,13.4,93,994.6,0,10.3,0.0,0.0,0.0,0.0,27.5398,71.9153,Bhadla_Solar_Park
2023-11-28 05:00:00,13.2,93,994.7,0,9.9,0.0,0.0,0.0,0.0,27.5398,71.9153,Bhadla_Solar_Park
2023-11-28 06:00:00,13.3,95,995.4,1,7.0,0.0,0.0,0.0,0.0,27.5398,71.9153,Bhadla_Solar_Park
2023-11-28 07:00:00,13.3,95,995.9,0,8.5,2.0,0.0,2.0,0.0,27.5398,71.9153,Bhadla_Solar_Park
2023-11-28 08:00:00,14.5,93,996.4,0,6.6,80.0,182.2,53.0,27.0,27.5398,71.9153,Bhadla_Solar_Park
2023-11-28 09:00:00,16.3,88,997.0,0,5.4,241.0,391.8,110.0,131.0,27.5398,71.9153,Bhadla_Solar_Park
2023-11-28 10:00:00,17.9,82,997.3,1,5.4,403.0,536.6,142.0,261.0,27.5398,71.9153,Bhadla_Solar_Park
2023-11-28 11:00:00,19.2,77,996.8,0,6.0,527.0,613.0,163.0,364.0,27.5398,71.9153,Bhadla_Solar_Park
2023-11-28 12:00:00,20.5,70,996.0,0,8.4,592.0,646.8,172.0,420.0,27.5398,71.9153,Bhadla_Solar_Park
2023-11-28 13:00:00,21.3,66,994.8,0,9.7,592.0,650.0,170.0,422.0,27.5398,71.9153,Bhadla_Solar_Park
2023-11-28 14:00:00,21.8,64,994.2,0,10.3,527.0,616.6,161.0,366.0,27.5398,71.9153,Bhadla_Solar_Park
2023-11-28 15:00:00,21.8,63,993.8,0,12.9,403.0,539.1,141.0,262.0,27.5398,71.9153,Bhadla_Solar_Park
2023-11-28 16:00:00,21.2,66,993.7,3,13.4,241.0,395.4,109.0,132.0,27.5398,71.9153,Bhadla_Solar_Park
2023-11-28 17:00:00,19.8,76,993.7,6,11.6,78.0,182.9,51.0,27.0,27.5398,71.9153,Bhadla_Solar_Park
2023-11-28 18:00:00,19.0,84,994.4,6,10.9,2.0,0.0,2.0,0.0,27.5398,71.9153,Bhadla_Solar_Park
2023-11-28 19:00:00,18.2,86,994.6,2,9.8,0.0,0.0,0.0,0.0,27.5398,71.9153,Bhadla_Solar_Park
2023-11-28 20:00:00,17.5,87,994.9,0,9.3,0.0,0.0,0.0,0.0,27.5398,71.9153,Bhadla_Solar_Park
2023-11-28 21:00:00,16.6,90,995.4,0,8.0,0.0,0.0,0.0,0.0,27.5398,71.9153,Bhadla_Solar_Park
2023-11-28 22:00:00,16.0,91,995.8,14,7.7,0.0,0.0,0.0,0.0,27.5398,71.9153,Bhadla_Solar_Park
2023-11-28 23:00:00,15.5,93,995.4,0,7.2,0.0,0.0,0.0,0.0,27.5398,71.9153,Bhadla_Solar_Park
2023-11-29 00:00:00,15.0,94,995.0,0,7.1,0.0,0.0,0.0,0.0,27.5398,71.9153,Bhadla_Solar_Park
2023-11-29 01:00:00,14.6,95,994.9,0,6.2,0.0,0.0,0.0,0.0,27.5398,71.9153,Bhadla_Solar_Park
2023-11-29 02:00:00,14.5,95,994.8,0,5.0,0.0,0.0,0.0,0.0,27.5398,71.9153,Bhadla_Solar_Park
2023-11-29 03:00:00,13.8,96,994.7,0,6.3,0.0,0.0,0.0,0.0,27.5398,71.9153,Bhadla_Solar_Park
2023-11-29 04:00:00,13.8,96,994.4,0,5.3,0.0,0.0,0.0,0.0,27.5398,71.9153,Bhadla_Solar_Park
2023-11-29 05:00:00,14.0,96,994.5,0,4.1,0.0,0.0,0.0,0.0,27.5398,71.9153,Bhadla_Solar_Park
2023-11-29 06:00:00,14.8,94,995.3,0,3.3,0.0,0.0,0.0,0.0,27.5398,71.9153,Bhadla_Solar_Park
2023-11-29 07:00:00,14.5,95,995.9,0,3.3,2.0,0.0,2.0,0.0,27.5398,71.9153,Bhadla_Solar_Park
2023-11-29 08:00:00,15.1,94,996.8,0,3.3,79.0,192.6,51.0,28.0,27.5398,71.9153,Bhadla_Solar_Park
2023-11-29 09:00:00,17.2,89,997.7,0,0.0,240.0,398.2,108.0,132.0,27.5398,71.9153,Bhadla_Solar_Park
2023-11-29 10:00:00,19.2,82,998.1,0,0.8,402.0,539.8,141.0,261.0,27.5398,71.9153,Bhadla_Solar_Park
2023-11-29 11:00:00,20.8,75,997.5,0,1.5,527.0,619.2,161.0,366.0,27.5398,71.9153,Bhadla_Solar_Park
2023-11-29 12:00:00,22.1,67,996.5,0,2.1,594.0,657.0,169.0,425.0,27.5398,71.9153,Bhadla_Solar_Park
2023-11-29 13:00:00,22.8,59,995.1,7,2.7,595.0,659.8,168.0,427.0,27.5398,71.9153,Bhadla_Solar_Park
2023-11-29 14:00:00,23.1,56,994.5,7,4.0,514.0,598.2,160.0,354.0,27.5398,71.9153,Bhadla_Solar_Park
2023-11-29 15:00:00,23.2,55,994.3,4,5.2,396.0,528.3,140.0,256.0,27.5398,71.9153,Bhadla_Solar_Park
2023-11-29 16:00:00,22.8,58,994.4,3,6.2,240.0,399.5,107.0,133.0,27.5398,71.9153,Bhadla_Solar_Park
2023-11-29 17:00:00,20.8,76,994.6,2,7.3,80.0,190.4,52.0,28.0,27.5398,71.9153,Bhadla_Solar_Park
2023-11-29 18:00:00,19.5,80,994.9,4,10.1,2.0,0.0,2.0,0.0,27.5398,71.9153,Bhadla_Solar_Park
2023-11-29 19:00:00,18.6,83,995.3,5,9.9,0.0,0.0,0.0,0.0,27.5398,71.9153,Bhadla_Solar_Park
2023-11-29 20:00:00,17.7,87,995.8,4,8.5,0.0,0.0,0.0,0.0,27.5398,71.9153,Bhadla_Solar_Park
2023-11-29 21:00:00,16.9,90,996.0,1,7.9,0.0,0.0,0.0,0.0,27.5398,71.9153,Bhadla_Solar_Park
2023-11-29 22:00:00,16.3,92,996.1,1,7.3,0.0,0.0,0.0,0.0,27.5398,71.9153,Bhadla_Solar_Park
2023-11-29 23:00:00,15.8,93,995.7,1,7.6,0.0,0.0,0.0,0.0,27.5398,71.9153,Bhadla_Solar_Park
2023-11-30 00:00:00,15.6,93,995.4,0,8.5,0.0,0.0,0.0,0.0,27.5398,71.9153,Bhadla_Solar_Park
2023-11-30 01:00:00,15.1,95,995.1,0,7.7,0.0,0.0,0.0,0.0,27.5398,71.9153,Bhadla_Solar_Park
2023-11-30 02:00:00,14.6,95,994.9,0,6.4,0.0,0.0,0.0,0.0,27.5398,71.9153,Bhadla_Solar_Park
2023-11-30 03:00:00,14.5,94,995.0,1,4.8,0.0,0.0,0.0,0.0,27.5398,71.9153,Bhadla_Solar_Park
2023-11-30 04:00:00,14.0,95,995.0,2,5.6,0.0,0.0,0.0,0.0,27.5398,71.9153,Bhadla_Solar_Park
2023-11-30 05:00:00,14.5,93,995.4,0,3.7,0.0,0.0,0.0,0.0,27.5398,71.9153,Bhadla_Solar_Park
2023-11-30 06:00:00,14.1,95,995.6,0,5.9,0.0,0.0,0.0,0.0,27.5398,71.9153,Bhadla_Solar_Park
2023-11-30 07:00:00,14.0,96,996.2,0,7.9,1.0,0.0,1.0,0.0,27.5398,71.9153,Bhadla_Solar_Park
2023-11-30 08:00:00,15.4,93,997.1,0,5.6,76.0,174.9,51.0,25.0,27.5398,71.9153,Bhadla_Solar_Park
2023-11-30 09:00:00,17.6,89,997.8,0,3.9,235.0,383.4,109.0,126.0,27.5398,71.9153,Bhadla_Solar_Park
2023-11-30 10:00:00,19.7,82,998.2,0,3.0,397.0,528.4,143.0,254.0,27.5398,71.9153,Bhadla_Solar_Park
2023-11-30 11:00:00,21.3,75,997.7,0,5.2,521.0,610.0,162.0,359.0,27.5398,71.9153,Bhadla_Solar_Park
2023-11-30 12:00:00,22.6,66,996.7,0,8.7,588.0,648.5,170.0,418.0,27.5398,71.9153,Bhadla_Solar_Park
2023-11-30 13:00:00,23.3,60,995.8,7,12.3,589.0,649.5,170.0,419.0,27.5398,71.9153,Bhadla_Solar_Park
2023-11-30 14:00:00,23.5,59,995.3,9,14.4,514.0,596.5,162.0,352.0,27.5398,71.9153,Bhadla_Solar_Park
2023-11-30 15:00:00,23.3,60,994.9,10,14.4,388.0,511.0,141.0,247.0,27.5398,71.9153,Bhadla_Solar_Park
2023-11-30 16:00:00,22.7,65,995.1,5,12.1,234.0,382.4,107.0,127.0,27.5398,71.9153,Bhadla_Solar_Park
2023-11-30 17:00:00,21.0,75,995.5,1,10.4,78.0,184.2,51.0,27.0,27.5398,71.9153,Bhadla_Solar_Park
2023-11-30 18:00:00,20.1,79,996.1,3,10.7,2.0,0.0,2.0,0.0,27.5398,71.9153,Bhadla_Solar_Park
2023-11-30 19:00:00,19.1,84,996.8,2,9.8,0.0,0.0,0.0,0.0,27.5398,71.9153,Bhadla_Solar_Park
2023-11-30 20:00:00,18.2,87,997.3,7,9.9,0.0,0.0,0.0,0.0,27.5398,71.9153,Bhadla_Solar_Park
2023-11-30 21:00:00,17.7,88,997.7,21,10.8,0.0,0.0,0.0,0.0,27.5398,71.9153,Bhadla_Solar_Park
2023-11-30 22:00:00,17.4,88,997.7,33,10.4,0.0,0.0,0.0,0.0,27.5398,71.9153,Bhadla_Solar_Park
2023-11-30 23:00:00,16.6,90,997.6,69,9.2,0.0,0.0,0.0,0.0,27.5398,71.9153,Bhadla_Solar_Park
2023-12-01 00:00:00,16.3,90,997.3,67,9.6,0.0,0.0,0.0,0.0,27.5398,71.9153,Bhadla_Solar_Park
2023-12-01 01:00:00,16.2,89,997.0,61,11.3,0.0,0.0,0.0,0.0,27.5398,71.9153,Bhadla_Solar_Park
2023-12-01 02:00:00,15.6,90,996.9,11,9.8,0.0,0.0,0.0,0.0,27.5398,71.9153,Bhadla_Solar_Park
2023-12-01 03:00:00,14.6,93,996.9,0,8.7,0.0,0.0,0.0,0.0,27.5398,71.9153,Bhadla_Solar_Park
2023-12-01 04:00:00,14.0,94,997.0,0,8.0,0.0,0.0,0.0,0.0,27.5398,71.9153,Bhadla_Solar_Park
2023-12-01 05:00:00,13.7,95,997.3,0,8.7,0.0,0.0,0.0,0.0,27.5398,71.9153,Bhadla_Solar_Park
2023-12-01 06:00:00,14.2,94,997.7,0,9.9,0.0,0.0,0.0,0.0,27.5398,71.9153,Bhadla_Solar_Park
2023-12-01 07:00:00,14.3,93,998.2,0,11.5,1.0,0.0,1.0,0.0,27.5398,71.9153,Bhadla_Solar_Park
2023-12-01 08:00:00,15.6,90,998.9,0,11.3,76.0,183.8,50.0,26.0,27.5398,71.9153,Bhadla_Solar_Park
2023-12-01 09:00:00,17.8,85,999.5,0,8.4,237.0,402.0,106.0,131.0,27.5398,71.9153,Bhadla_Solar_Park
2023-12-01 10:00:00,20.2,78,1000.0,0,10.6,401.0,548.1,139.0,262.0,27.5398,71.9153,Bhadla_Solar_Park
2023-12-01 11:00:00,22.2,67,999.5,0,15.2,528.0,629.8,159.0,369.0,27.5398,71.9153,Bhadla_Solar_Park
2023-12-01 12:00:00,23.4,57,998.4,0,19.2,595.0,667.9,166.0,429.0,27.5398,71.9153,Bhadla_Solar_Park
2023-12-01 13:00:00,24.0,49,997.4,0,21.2,597.0,671.7,165.0,432.0,27.5398,71.9153,Bhadla_Solar_Park
2023-12-01 14:00:00,24.3,45,996.7,0,21.8,534.0,640.5,157.0,377.0,27.5398,71.9153,Bhadla_Solar_Park
2023-12-01 15:00:00,24.0,46,996.3,0,21.4,410.0,564.1,138.0,272.0,27.5398,71.9153,Bhadla_Solar_Park
2023-12-01 16:00:00,23.0,53,996.2,0,17.8,246.0,422.5,106.0,140.0,27.5398,71.9153,Bhadla_Solar_Park
2023-12-01 17:00:00,21.1,64,996.6,0,15.3,81.0,205.2,51.0,30.0,27.5398,71.9153,Bhadla_Solar_Park
2023-12-01 18:00:00,19.5,74,997.1,2,12.5,2.0,0.0,2.0,0.0,27.5398,71.9153,Bhadla_Solar_Park
2023-12-01 19:00:00,18.4,78,997.4,1,12.0,0.0,0.0,0.0,0.0,27.5398,71.9153,Bhadla_Solar_Park
2023-12-01 20:00:00,17.7,78,997.8,0,12.0,0.0,0.0,0.0,0.0,27.5398,71.9153,Bhadla_Solar_Park
2023-12-01 21:00:00,17.2,76,998.3,0,12.5,0.0,0.0,0.0,0.0,27.5398,71.9153,Bhadla_Solar_Park
2023-12-01 22:00:00,16.7,74,998.3,0,12.5,0.0,0.0,0.0,0.0,27.5398,71.9153,Bhadla_Solar_Park
2023-12-01 23:00:00,16.0,75,998.0,0,11.9,0.0,0.0,0.0,0.0,27.5398,71.9153,Bhadla_Solar_Park
2023-12-02 00:00:00,15.2,78,997.6,0,11.0,0.0,0.0,0.0,0.0,27.5398,71.9153,Bhadla_Solar_Park
2023-12-02 01:00:00,14.3,82,997.3,0,9.8,0.0,0.0,0.0,0.0,27.5398,71.9153,Bhadla_Solar_Park
2023-12-02 02:00:00,13.7,84,997.1,0,9.7,0.0,0.0,0.0,0.0,27.5398,71.9153,Bhadla_Solar_Park
2023-12-02 03:00:00,13.2,86,997.1,0,10.0,0.0,0.0,0.0,0.0,27.5398,71.9153,Bhadla_Solar_Park
2023-12-02 04:00:00,12.8,86,997.1,0,9.7,0.0,0.0,0.0,0.0,27.5398,71.9153,Bhadla_Solar_Park
2023-12-02 05:00:00,12.4,88,997.3,0,9.2,0.0,0.0,0.0,0.0,27.5398,71.9153,Bhadla_Solar_Park
2023-12-02 06:00:00,13.0,89,998.4,0,9.2,0.0,0.0,0.0,0.0,27.5398,71.9153,Bhadla_Solar_Park
2023-12-02 07:00:00,12.9,89,998.8,0,9.9,1.0,0.0,1.0,0.0,27.5398,71.9153,Bhadla_Solar_Park
2023-12-02 08:00:00,14.3,85,999.3,0,8.9,75.0,185.6,49.0,26.0,27.5398,71.9153,Bhadla_Solar_Park
2023-12-02 09:00:00,16.7,79,999.9,0,7.8,237.0,405.3,106.0,131.0,27.5398,71.9153,Bhadla_Solar_Park
2023-12-02 10:00:00,19.1,71,1000.2,0,8.2,402.0,553.2,139.0,263.0,27.5398,71.9153,Bhadla_Solar_Park
2023-12-02 11:00:00,21.2,63,999.5,0,10.0,528.0,634.1,158.0,370.0,27.5398,71.9153,Bhadla_Solar_Park
2023-12-02 12:00:00,22.7,55,998.6,0,13.0,596.0,673.3,165.0,431.0,27.5398,71.9153,Bhadla_Solar_Park
2023-12-02 13:00:00,23.7,49,997.5,0,15.8,598.0,675.2,165.0,433.0,27.5398,71.9153,Bhadla_Solar_Park
2023-12-02 14:00:00,23.9,48,996.9,0,18.3,534.0,643.8,156.0,378.0,27.5398,71.9153,Bhadla_Solar_Park
2023-12-02 15:00:00,23.6,50,996.4,0,18.6,411.0,567.4,138.0,273.0,27.5398,71.9153,Bhadla_Solar_Park
2023-12-02 16:00:00,22.8,55,996.2,0,16.9,246.0,423.4,106.0,140.0,27.5398,71.9153,Bhadla_Solar_Park
2023-12-02 17:00:00,20.9,63,996.3,0,14.9,82.0,205.6,52.0,30.0,27.5398,71.9153,Bhadla_Solar_Park
2023-12-02 18:00:00,19.3,72,997.1,0,13.4,2.0,0.0,2.0,0.0,27.5398,71.9153,Bhadla_Solar_Park
2023-12-02 19:00:00,18.1,78,997.7,0,12.0,0.0,0.0,0.0,0.0,27.5398,71.9153,Bhadla_Solar_Park
2023-12-02 20:00:00,17.1,82,998.0,0,11.0,0.0,0.0,0.0,0.0,27.5398,71.9153,Bhadla_Solar_Park
2023-12-02 21:00:00,16.5,84,998.1,0,11.2,0.0,0.0,0.0,0.0,27.5398,71.9153,Bhadla_Solar_Park
2023-12-02 22:00:00,16.0,84,998.2,0,11.9,0.0,0.0,0.0,0.0,27.5398,71.9153,Bhadla_Solar_Park
2023-12-02 23:00:00,15.4,84,998.1,0,12.2,0.0,0.0,0.0,0.0,27.5398,71.9153,Bhadla_Solar_Park
2023-12-03 00:00:00,14.8,85,998.0,0,12.0,0.0,0.0,0.0,0.0,27.5398,71.9153,Bhadla_Solar_Park
2023-12-03 01:00:00,14.5,84,997.6,0,12.0,0.0,0.0,0.0,0.0,27.5398,71.9153,Bhadla_Solar_Park
2023-12-03 02:00:00,14.1,85,997.4,0,11.6,0.0,0.0,0.0,0.0,27.5398,71.9153,Bhadla_Solar_Park
2023-12-03 03:00:00,13.6,86,997.2,0,11.3,0.0,0.0,0.0,0.0,27.5398,71.9153,Bhadla_Solar_Park
2023-12-03 04:00:00,13.1,87,997.2,0,11.1,0.0,0.0,0.0,0.0,27.5398,71.9153,Bhadla_Solar_Park
2023-12-03 05:00:00,12.4,89,997.3,0,10.2,0.0,0.0,0.0,0.0,27.5398,71.9153,Bhadla_Solar_Park
2023-12-03 06:00:00,12.5,89,998.0,0,10.2,0.0,0.0,0.0,0.0,27.5398,71.9153,Bhadla_Solar_Park
2023-12-03 07:00:00,12.2,90,998.6,0,10.1,1.0,0.0,1.0,0.0,27.5398,71.9153,Bhadla_Solar_Park
2023-12-03 08:00:00,13.9,84,999.4,0,8.6,75.0,194.7,48.0,27.0,27.5398,71.9153,Bhadla_Solar_Park
2023-12-03 09:00:00,16.7,75,1000.2,0,8.2,239.0,418.0,105.0,134.0,27.5398,71.9153,Bhadla_Solar_Park
2023-12-03 10:00:00,19.4,66,1000.5,0,8.4,406.0,568.9,137.0,269.0,27.5398,71.9153,Bhadla_Solar_Park
2023-12-03 11:00:00,21.9,56,999.8,0,10.7,533.0,650.4,155.0,378.0,27.5398,71.9153,Bhadla_Solar_Park
2023-12-03 12:00:00,23.5,46,998.7,0,12.7,602.0,686.5,164.0,438.0,27.5398,71.9153,Bhadla_Solar_Park
2023-12-03 13:00:00,24.3,41,997.6,0,13.0,604.0,689.5,163.0,441.0,27.5398,71.9153,Bhadla_Solar_Park
2023-12-03 14:00:00,24.6,38,996.6,0,13.6,539.0,655.6,155.0,384.0,27.5398,71.9153,Bhadla_Solar_Park
2023-12-03 15:00:00,24.5,37,996.2,0,15.1,415.0,578.9,137.0,278.0,27.5398,71.9153,Bhadla_Solar_Park
2023-12-03 16:00:00,23.6,42,996.1,0,15.6,250.0,436.2,106.0,144.0,27.5398,71.9153,Bhadla_Solar_Park
2023-12-03 17:00:00,21.3,52,996.0,0,14.7,83.0,212.7,52.0,31.0,27.5398,71.9153,Bhadla_Solar_Park
2023-12-03 18:00:00,19.7,60,996.9,0,13.2,2.0,0.0,2.0,0.0,27.5398,71.9153,Bhadla_Solar_Park
2023-12-03 19:00:00,18.2,68,997.4,0,11.9,0.0,0.0,0.0,0.0,27.5398,71.9153,Bhadla_Solar_Park
2023-12-03 20:00:00,17.1,74,997.7,0,11.3,0.0,0.0,0.0,0.0,27.5398,71.9153,Bhadla_Solar_Park
2023-12-03 21:00:00,15.9,79,997.9,0,10.2,0.0,0.0,0.0,0.0,27.5398,71.9153,Bhadla_Solar_Park
2023-12-03 22:00:00,14.9,83,997.8,0,9.4,0.0,0.0,0.0,0.0,27.5398,71.9153,Bhadla_Solar_Park
2023-12-03 23:00:00,14.3,84,997.6,0,9.5,0.0,0.0,0.0,0.0,27.5398,71.9153,Bhadla_Solar_Park
2023-12-04 00:00:00,14.0,83,997.1,0,10.2,0.0,0.0,0.0,0.0,27.5398,71.9153,Bhadla_Solar_Park
2023-12-04 01:00:00,13.4,84,996.7,0,10.0,0.0,0.0,0.0,0.0,27.5398,71.9153,Bhadla_Solar_Park
2023-12-04 02:00:00,12.8,86,996.3,0,9.9,0.0,0.0,0.0,0.0,27.5398,71.9153,Bhadla_Solar_Park
2023-12-04 03:00:00,11.8,89,996.1,0,8.9,0.0,0.0,0.0,0.0,27.5398,71.9153,Bhadla_Solar_Park
2023-12-04 04:00:00,11.1,90,995.9,0,7.4,0.0,0.0,0.0,0.0,27.5398,71.9153,Bhadla_Solar_Park
2023-12-04 05:00:00,11.4,87,995.9,0,6.4,0.0,0.0,0.0,0.0,27.5398,71.9153,Bhadla_Solar_Park
2023-12-04 06:00:00,11.6,84,996.8,0,5.8,0.0,0.0,0.0,0.0,27.5398,71.9153,Bhadla_Solar_Park
2023-12-04 07:00:00,11.2,84,997.4,0,5.8,1.0,0.0,1.0,0.0,27.5398,71.9153,Bhadla_Solar_Park
2023-12-04 08:00:00,12.9,80,998.1,0,7.2,73.0,189.3,47.0,26.0,27.5398,71.9153,Bhadla_Solar_Park
2023-12-04 09:00:00,15.6,72,999.2,0,5.2,236.0,418.2,103.0,133.0,27.5398,71.9153,Bhadla_Solar_Park
2023-12-04 10:00:00,18.8,61,999.3,0,4.0,402.0,565.5,136.0,266.0,27.5398,71.9153,Bhadla_Solar_Park
2023-12-04 11:00:00,21.4,50,998.8,0,4.2,528.0,644.3,155.0,373.0,27.5398,71.9153,Bhadla_Solar_Park
2023-12-04 12:00:00,23.3,39,997.8,0,7.1,597.0,682.4,163.0,434.0,27.5398,71.9153,Bhadla_Solar_Park
2023-12-04 13:00:00,24.2,36,996.9,0,10.8,600.0,686.6,162.0,438.0,27.5398,71.9153,Bhadla_Solar_Park
2023-12-04 14:00:00,24.5,34,996.1,0,13.9,536.0,655.2,153.0,383.0,27.5398,71.9153,Bhadla_Solar_Park
2023-12-04 15:00:00,24.4,34,995.7,0,15.6,413.0,579.9,135.0,278.0,27.5398,71.9153,Bhadla_Solar_Park
2023-12-04 16:00:00,23.7,37,995.7,0,16.0,249.0,436.7,105.0,144.0,27.5398,71.9153,Bhadla_Solar_Park
2023-12-04 17:00:00,21.5,49,995.9,0,11.9,83.0,212.8,52.0,31.0,27.5398,71.9153,Bhadla_Solar_Park
2023-12-04 18:00:00,19.3,58,996.8,0,10.5,2.0,0.0,2.0,0.0,27.5398,71.9153,Bhadla_Solar_Park
2023-12-04 19:00:00,18.2,63,997.2,0,11.3,0.0,0.0,0.0,0.0,27.5398,71.9153,Bhadla_Solar_Park
2023-12-04 20:00:00,17.2,68,997.4,0,11.0,0.0,0.0,0.0,0.0,27.5398,71.9153,Bhadla_Solar_Park
2023-12-04 21:00:00,15.8,75,997.6,0,8.3,0.0,0.0,0.0,0.0,27.5398,71.9153,Bhadla_Solar_Park
2023-12-04 22:00:00,15.5,74,997.5,0,7.6,0.0,0.0,0.0,0.0,27.5398,71.9153,Bhadla_Solar_Park
2023-12-04 23:00:00,14.6,78,997.1,0,8.1,0.0,0.0,0.0,0.0,27.5398,71.9153,Bhadla_Solar_Park
2023-12-05 00:00:00,14.3,78,996.6,0,7.1,0.0,0.0,0.0,0.0,27.5398,71.9153,Bhadla_Solar_Park
2023-12-05 01:00:00,16.2,68,996.5,0,4.1,0.0,0.0,0.0,0.0,27.5398,71.9153,Bhadla_Solar_Park
2023-12-05 02:00:00,15.6,69,996.3,0,3.3,0.0,0.0,0.0,0.0,27.5398,71.9153,Bhadla_Solar_Park
2023-12-05 03:00:00,15.2,70,996.1,0,3.3,0.0,0.0,0.0,0.0,27.5398,71.9153,Bhadla_Solar_Park
2023-12-05 04:00:00,12.6,81,995.8,0,6.5,0.0,0.0,0.0,0.0,27.5398,71.9153,Bhadla_Solar_Park
2023-12-05 05:00:00,11.1,87,995.8,0,8.2,0.0,0.0,0.0,0.0,27.5398,71.9153,Bhadla_Solar_Park
2023-12-05 06:00:00,10.8,86,996.2,0,11.0,0.0,0.0,0.0,0.0,27.5398,71.9153,Bhadla_Solar_Park
2023-12-05 07:00:00,10.2,87,996.9,0,8.5,1.0,0.0,1.0,0.0,27.5398,71.9153,Bhadla_Solar_Park
2023-12-05 08:00:00,12.1,81,997.8,0,7.5,72.0,191.2,46.0,26.0,27.5398,71.9153,Bhadla_Solar_Park
2023-12-05 09:00:00,14.7,71,998.6,0,6.1,237.0,421.6,104.0,133.0,27.5398,71.9153,Bhadla_Solar_Park
2023-12-05 10:00:00,17.7,61,998.7,0,6.6,405.0,574.8,136.0,269.0,27.5398,71.9153,Bhadla_Solar_Park
2023-12-05 11:00:00,20.2,50,998.2,0,8.2,533.0,657.2,154.0,379.0,27.5398,71.9153,Bhadla_Solar_Park
2023-12-05 12:00:00,21.9,43,997.1,0,8.6,602.0,692.3,163.0,439.0,27.5398,71.9153,Bhadla_Solar_Park
2023-12-05 13:00:00,23.0,36,996.2,0,11.1,605.0,696.1,162.0,443.0,27.5398,71.9153,Bhadla_Solar_Park
2023-12-05 14:00:00,23.4,35,995.6,0,12.3,541.0,663.3,154.0,387.0,27.5398,71.9153,Bhadla_Solar_Park
2023-12-05 15:00:00,23.5,35,995.4,0,14.0,416.0,587.0,135.0,281.0,27.5398,71.9153,Bhadla_Solar_Park
2023-12-05 16:00:00,22.9,37,995.4,0,15.5,251.0,440.2,106.0,145.0,27.5398,71.9153,Bhadla_Solar_Park
2023-12-05 17:00:00,20.9,46,995.8,0,12.5,83.0,219.6,51.0,32.0,27.5398,71.9153,Bhadla_Solar_Park
2023-12-05 18:00:00,19.5,52,996.3,0,11.7,2.0,0.0,2.0,0.0,27.5398,71.9153,Bhadla_Solar_Park
2023-12-05 19:00:00,18.0,59,996.7,0,10.8,0.0,0.0,0.0,0.0,27.5398,71.9153,Bhadla_Solar_Park
2023-12-05 20:00:00,16.5,68,997.0,0,9.3,0.0,0.0,0.0,0.0,27.5398,71.9153,Bhadla_Solar_Park
2023-12-05 21:00:00,15.3,75,997.3,0,7.7,0.0,0.0,0.0,0.0,27.5398,71.9153,Bhadla_Solar_Park
2023-12-05 22:00:00,14.8,77,997.3,0,7.4,0.0,0.0,0.0,0.0,27.5398,71.9153,Bhadla_Solar_Park
2023-12-05 23:00:00,14.0,79,997.2,0,8.8,0.0,0.0,0.0,0.0,27.5398,71.9153,Bhadla_Solar_Park
2023-12-06 00:00:00,13.8,79,997.0,0,11.5,0.0,0.0,0.0,0.0,27.5398,71.9153,Bhadla_Solar_Park
2023-12-06 01:00:00,12.9,82,996.7,0,11.0,0.0,0.0,0.0,0.0,27.5398,71.9153,Bhadla_Solar_Park
2023-12-06 02:00:00,12.5,84,996.5,0,10.7,0.0,0.0,0.0,0.0,27.5398,71.9153,Bhadla_Solar_Park
2023-12-06 03:00:00,12.3,84,996.2,0,11.5,0.0,0.0,0.0,0.0,27.5398,71.9153,Bhadla_Solar_Park
2023-12-06 04:00:00,11.8,86,996.0,0,11.3,0.0,0.0,0.0,0.0,27.5398,71.9153,Bhadla_Solar_Park
2023-12-06 05:00:00,11.1,87,996.2,0,10.7,0.0,0.0,0.0,0.0,27.5398,71.9153,Bhadla_Solar_Park
2023-12-06 06:00:00,11.1,86,996.8,0,12.2,0.0,0.0,0.0,0.0,27.5398,71.9153,Bhadla_Solar_Park
2023-12-06 07:00:00,11.0,85,997.5,0,12.5,1.0,0.0,1.0,0.0,27.5398,71.9153,Bhadla_Solar_Park
2023-12-06 08:00:00,12.7,76,998.2,0,12.0,70.0,185.7,45.0,25.0,27.5398,71.9153,Bhadla_Solar_Park
2023-12-06 09:00:00,15.7,63,999.4,0,10.0,234.0,418.5,103.0,131.0,27.5398,71.9153,Bhadla_Solar_Park
2023-12-06 10:00:00,18.7,53,999.6,0,10.6,400.0,569.1,135.0,265.0,27.5398,71.9153,Bhadla_Solar_Park
2023-12-06 11:00:00,21.1,44,998.9,0,13.0,528.0,650.9,154.0,374.0,27.5398,71.9153,Bhadla_Solar_Park
2023-12-06 12:00:00,22.6,37,997.9,0,15.2,599.0,691.1,162.0,437.0,27.5398,71.9153,Bhadla_Solar_Park
2023-12-06 13:00:00,23.6,34,996.8,0,15.6,603.0,694.5,162.0,441.0,27.5398,71.9153,Bhadla_Solar_Park
2023-12-06 14:00:00,24.1,34,995.8,0,16.6,539.0,662.8,153.0,386.0,27.5398,71.9153,Bhadla_Solar_Park
2023-12-06 15:00:00,24.1,35,995.7,0,17.9,415.0,585.7,135.0,280.0,27.5398,71.9153,Bhadla_Solar_Park
2023-12-06 16:00:00,23.5,38,995.9,0,18.8,250.0,437.4,106.0,144.0,27.5398,71.9153,Bhadla_Solar_Park
2023-12-06 17:00:00,21.9,44,996.2,0,15.7,83.0,212.5,52.0,31.0,27.5398,71.9153,Bhadla_Solar_Park
2023-12-06 18:00:00,20.4,50,996.7,0,12.7,2.0,0.0,2.0,0.0,27.5398,71.9153,Bhadla_Solar_Park
2023-12-06 19:00:00,18.9,58,997.4,0,11.0,0.0,0.0,0.0,0.0,27.5398,71.9153,Bhadla_Solar_Park
2023-12-06 20:00:00,17.2,68,997.6,0,8.4,0.0,0.0,0.0,0.0,27.5398,71.9153,Bhadla_Solar_Park
2023-12-06 21:00:00,16.1,74,998.0,0,7.7,0.0,0.0,0.0,0.0,27.5398,71.9153,Bhadla_Solar_Park
2023-12-06 22:00:00,15.6,76,997.9,0,9.3,0.0,0.0,0.0,0.0,27.5398,71.9153,Bhadla_Solar_Park
2023-12-06 23:00:00,15.1,77,997.8,0,10.7,0.0,0.0,0.0,0.0,27.5398,71.9153,Bhadla_Solar_Park
2023-12-07 00:00:00,14.6,78,997.3,0,12.0,0.0,0.0,0.0,0.0,27.5398,71.9153,Bhadla_Solar_Park
2023-12-07 01:00:00,13.7,79,996.9,0,11.3,0.0,0.0,0.0,0.0,27.5398,71.9153,Bhadla_Solar_Park
2023-12-07 02:00:00,13.0,80,996.6,0,10.6,0.0,0.0,0.0,0.0,27.5398,71.9153,Bhadla_Solar_Park
2023-12-07 03:00:00,12.5,81,996.4,0,10.4,0.0,0.0,0.0,0.0,27.5398,71.9153,Bhadla_Solar_Park
2023-12-07 04:00:00,12.1,83,996.4,0,10.5,0.0,0.0,0.0,0.0,27.5398,71.9153,Bhadla_Solar_Park
2023-12-07 05:00:00,11.4,85,996.4,0,9.3,0.0,0.0,0.0,0.0,27.5398,71.9153,Bhadla_Solar_Park
2023-12-07 06:00:00,11.2,86,997.3,0,9.8,0.0,0.0,0.0,0.0,27.5398,71.9153,Bhadla_Solar_Park
2023-12-07 07:00:00,11.0,86,998.0,0,10.8,0.0,0.0,0.0,0.0,27.5398,71.9153,Bhadla_Solar_Park
2023-12-07 08:00:00,12.8,78,998.5,0,8.9,68.0,180.0,44.0,24.0,27.5398,71.9153,Bhadla_Solar_Park
2023-12-07 09:00:00,15.9,64,999.3,0,7.1,231.0,415.4,102.0,129.0,27.5398,71.9153,Bhadla_Solar_Park
2023-12-07 10:00:00,18.9,53,999.4,0,6.0,398.0,569.8,134.0,264.0,27.5398,71.9153,Bhadla_Solar_Park
2023-12-07 11:00:00,21.2,46,998.6,0,6.0,527.0,651.5,154.0,373.0,27.5398,71.9153,Bhadla_Solar_Park
2023-12-07 12:00:00,22.7,40,997.7,0,6.9,598.0,691.4,162.0,436.0,27.5398,71.9153,Bhadla_Solar_Park
2023-12-07 13:00:00,23.6,36,996.7,0,9.1,603.0,696.0,162.0,441.0,27.5398,71.9153,Bhadla_Solar_Park
2023-12-07 14:00:00,24.1,34,995.7,0,12.0,540.0,665.6,153.0,387.0,27.5398,71.9153,Bhadla_Solar_Park
2023-12-07 15:00:00,24.2,33,995.3,0,13.5,418.0,592.6,135.0,283.0,27.5398,71.9153,Bhadla_Solar_Park
2023-12-07 16:00:00,23.7,35,995.4,0,14.3,253.0,449.7,105.0,148.0,27.5398,71.9153,Bhadla_Solar_Park
2023-12-07 17:00:00,22.2,40,995.4,0,11.8,85.0,225.8,52.0,33.0,27.5398,71.9153,Bhadla_Solar_Park
2023-12-07 18:00:00,20.6,44,995.7,0,10.2,2.0,0.0,2.0,0.0,27.5398,71.9153,Bhadla_Solar_Park
2023-12-07 19:00:00,19.0,50,996.3,0,9.8,0.0,0.0,0.0,0.0,27.5398,71.9153,Bhadla_Solar_Park
2023-12-07 20:00:00,17.6,57,996.5,0,9.8,0.0,0.0,0.0,0.0,27.5398,71.9153,Bhadla_Solar_Park
2023-12-07 21:00:00,16.3,63,996.8,0,9.1,0.0,0.0,0.0,0.0,27.5398,71.9153,Bhadla_Solar_Park
2023-12-07 22:00:00,15.2,69,996.6,0,7.9,0.0,0.0,0.0,0.0,27.5398,71.9153,Bhadla_Solar_Park
2023-12-07 23:00:00,15.4,67,996.3,0,7.0,0.0,0.0,0.0,0.0,27.5398,71.9153,Bhadla_Solar_Park
2023-12-08 00:00:00,15.2,68,995.7,0,6.6,0.0,0.0,0.0,0.0,27.5398,71.9153,Bhadla_Solar_Park
2023-12-08 01:00:00,14.1,72,995.6,0,7.4,0.0,0.0,0.0,0.0,27.5398,71.9153,Bhadla_Solar_Park
2023-12-08 02:00:00,12.9,78,995.4,0,8.3,0.0,0.0,0.0,0.0,27.5398,71.9153,Bhadla_Solar_Park
2023-12-08 03:00:00,12.4,80,995.2,0,9.7,0.0,0.0,0.0,0.0,27.5398,71.9153,Bhadla_Solar_Park
2023-12-08 04:00:00,12.2,79,995.2,0,7.9,0.0,0.0,0.0,0.0,27.5398,71.9153,Bhadla_Solar_Park
2023-12-08 05:00:00,11.5,82,995.2,0,8.7,0.0,0.0,0.0,0.0,27.5398,71.9153,Bhadla_Solar_Park
2023-12-08 06:00:00,10.7,87,995.7,0,10.2,0.0,0.0,0.0,0.0,27.5398,71.9153,Bhadla_Solar_Park
2023-12-08 07:00:00,9.9,90,996.4,0,9.2,0.0,0.0,0.0,0.0,27.5398,71.9153,Bhadla_Solar_Park
2023-12-08 08:00:00,11.6,83,997.4,0,6.2,68.0,181.8,44.0,24.0,27.5398,71.9153,Bhadla_Solar_Park
2023-12-08 09:00:00,15.5,66,998.2,0,4.1,231.0,421.9,101.0,130.0,27.5398,71.9153,Bhadla_Solar_Park
2023-12-08 10:00:00,19.5,51,998.1,0,5.3,399.0,576.9,133.0,266.0,27.5398,71.9153,Bhadla_Solar_Park
2023-12-08 11:00:00,22.0,42,997.5,0,3.4,529.0,662.6,151.0,378.0,27.5398,71.9153,Bhadla_Solar_Park
2023-12-08 12:00:00,23.5,34,996.5,0,2.2,602.0,702.8,160.0,442.0,27.5398,71.9153,Bhadla_Solar_Park
2023-12-08 13:00:00,24.3,30,995.4,0,2.0,607.0,706.9,160.0,447.0,27.5398,71.9153,Bhadla_Solar_Park
2023-12-08 14:00:00,24.9,27,994.6,0,2.5,544.0,676.9,151.0,393.0,27.5398,71.9153,Bhadla_Solar_Park
2023-12-08 15:00:00,25.1,26,994.1,0,2.7,421.0,601.4,134.0,287.0,27.5398,71.9153,Bhadla_Solar_Park
2023-12-08 16:00:00,25.0,26,994.2,0,3.8,255.0,458.8,104.0,151.0,27.5398,71.9153,Bhadla_Solar_Park
2023-12-08 17:00:00,23.3,30,994.5,0,4.7,86.0,232.0,52.0,34.0,27.5398,71.9153,Bhadla_Solar_Park
2023-12-08 18:00:00,21.9,32,994.7,0,8.9,2.0,0.0,2.0,0.0,27.5398,71.9153,Bhadla_Solar_Park
2023-12-08 19:00:00,20.3,36,995.3,0,9.4,0.0,0.0,0.0,0.0,27.5398,71.9153,Bhadla_Solar_Park
2023-12-08 20:00:00,18.8,45,995.6,0,10.5,0.0,0.0,0.0,0.0,27.5398,71.9153,Bhadla_Solar_Park
2023-12-08 21:00:00,17.4,56,995.8,0,9.8,0.0,0.0,0.0,0.0,27.5398,71.9153,Bhadla_Solar_Park
2023-12-08 22:00:00,16.2,61,996.1,0,9.9,0.0,0.0,0.0,0.0,27.5398,71.9153,Bhadla_Solar_Park
2023-12-08 23:00:00,15.3,63,996.1,0,10.3,0.0,0.0,0.0,0.0,27.5398,71.9153,Bhadla_Solar_Park
2023-12-09 00:00:00,14.2,68,995.8,0,9.7,0.0,0.0,0.0,0.0,27.5398,71.9153,Bhadla_Solar_Park
2023-12-09 01:00:00,13.6,72,995.6,0,10.6,0.0,0.0,0.0,0.0,27.5398,71.9153,Bhadla_Solar_Park
2023-12-09 02:00:00,12.8,76,995.5,0,10.4,0.0,0.0,0.0,0.0,27.5398,71.9153,Bhadla_Solar_Park
2023-12-09 03:00:00,12.4,77,995.6,0,11.2,0.0,0.0,0.0,0.0,27.5398,71.9153,Bhadla_Solar_Park
2023-12-09 04:00:00,11.8,75,995.7,0,10.0,0.0,0.0,0.0,0.0,27.5398,71.9153,Bhadla_Solar_Park
2023-12-09 05:00:00,11.2,74,996.0,0,9.4,0.0,0.0,0.0,0.0,27.5398,71.9153,Bhadla_Solar_Park
2023-12-09 06:00:00,10.5,69,996.5,0,10.8,0.0,0.0,0.0,0.0,27.5398,71.9153,Bhadla_Solar_Park
2023-12-09 07:00:00,10.3,69,997.3,0,10.9,0.0,0.0,0.0,0.0,27.5398,71.9153,Bhadla_Solar_Park
2023-12-09 08:00:00,12.4,60,998.0,0,9.2,66.0,183.6,42.0,24.0,27.5398,71.9153,Bhadla_Solar_Park
2023-12-09 09:00:00,16.3,47,999.0,0,7.0,229.0,422.0,100.0,129.0,27.5398,71.9153,Bhadla_Solar_Park
2023-12-09 10:00:00,20.4,36,999.6,0,5.1,397.0,577.5,132.0,265.0,27.5398,71.9153,Bhadla_Solar_Park
2023-12-09 11:00:00,23.2,30,998.9,1,4.6,526.0,661.4,150.0,376.0,27.5398,71.9153,Bhadla_Solar_Park
2023-12-09 12:00:00,24.9,25,997.7,0,6.6,598.0,699.8,159.0,439.0,27.5398,71.9153,Bhadla_Solar_Park
2023-12-09 13:00:00,25.6,23,996.8,0,8.7,603.0,703.4,159.0,444.0,27.5398,71.9153,Bhadla_Solar_Park
2023-12-09 14:00:00,25.9,22,996.1,0,9.1,541.0,672.5,151.0,390.0,27.5398,71.9153,Bhadla_Solar_Park
2023-12-09 15:00:00,25.9,23,995.8,0,9.3,418.0,597.6,133.0,285.0,27.5398,71.9153,Bhadla_Solar_Park
2023-12-09 16:00:00,25.5,25,995.5,0,9.8,254.0,455.5,104.0,150.0,27.5398,71.9153,Bhadla_Solar_Park
2023-12-09 17:00:00,23.6,30,995.3,0,8.4,85.0,224.5,52.0,33.0,27.5398,71.9153,Bhadla_Solar_Park
2023-12-09 18:00:00,21.8,35,995.8,5,11.7,2.0,0.0,2.0,0.0,27.5398,71.9153,Bhadla_Solar_Park
2023-12-09 19:00:00,20.3,39,996.3,1,11.1,0.0,0.0,0.0,0.0,27.5398,71.9153,Bhadla_Solar_Park
2023-12-09 20:00:00,19.1,44,996.5,29,11.6,0.0,0.0,0.0,0.0,27.5398,71.9153,Bhadla_Solar_Park
2023-12-09 21:00:00,17.5,50,996.5,21,10.0,0.0,0.0,0.0,0.0,27.5398,71.9153,Bhadla_Solar_Park
2023-12-09 22:00:00,16.1,58,996.4,24,9.0,0.0,0.0,0.0,0.0,27.5398,71.9153,Bhadla_Solar_Park
2023-12-09 23:00:00,15.1,64,996.5,0,8.6,0.0,0.0,0.0,0.0,27.5398,71.9153,Bhadla_Solar_Park
2023-12-10 00:00:00,14.5,67,995.9,5,6.3,0.0,0.0,0.0,0.0,27.5398,71.9153,Bhadla_Solar_Park
2023-12-10 01:00:00,15.7,61,995.5,27,3.6,0.0,0.0,0.0,0.0,27.5398,71.9153,Bhadla_Solar_Park
2023-12-10 02:00:00,15.5,62,995.3,33,1.1,0.0,0.0,0.0,0.0,27.5398,71.9153,Bhadla_Solar_Park
2023-12-10 03:00:00,15.1,64,995.1,4,1.9,0.0,0.0,0.0,0.0,27.5398,71.9153,Bhadla_Solar_Park
2023-12-10 04:00:00,14.4,67,995.0,2,4.2,0.0,0.0,0.0,0.0,27.5398,71.9153,Bhadla_Solar_Park
2023-12-10 05:00:00,12.5,76,994.8,19,5.4,0.0,0.0,0.0,0.0,27.5398,71.9153,Bhadla_Solar_Park
2023-12-10 06:00:00,12.0,79,995.4,0,5.0,0.0,0.0,0.0,0.0,27.5398,71.9153,Bhadla_Solar_Park
2023-12-10 07:00:00,12.6,77,995.9,0,2.5,0.0,0.0,0.0,0.0,27.5398,71.9153,Bhadla_Solar_Park
2023-12-10 08:00:00,12.7,77,996.4,0,1.5,65.0,177.6,42.0,23.0,27.5398,71.9153,Bhadla_Solar_Park
2023-12-10 09:00:00,14.8,68,997.4,0,2.1,228.0,422.0,100.0,128.0,27.5398,71.9153,Bhadla_Solar_Park
2023-12-10 10:00:00,17.5,59,997.9,5,1.5,396.0,578.1,132.0,264.0,27.5398,71.9153,Bhadla_Solar_Park
2023-12-10 11:00:00,20.0,52,997.3,60,1.3,527.0,661.8,152.0,375.0,27.5398,71.9153,Bhadla_Solar_Park
2023-12-10 12:00:00,21.9,44,996.6,100,4.6,599.0,701.5,160.0,439.0,27.5398,71.9153,Bhadla_Solar_Park
2023-12-10 13:00:00,22.9,38,995.7,0,5.4,579.0,599.9,201.0,378.0,27.5398,71.9153,Bhadla_Solar_Park
2023-12-10 14:00:00,23.7,34,994.7,0,5.0,544.0,678.4,151.0,393.0,27.5398,71.9153,Bhadla_Solar_Park
2023-12-10 15:00:00,24.0,33,994.1,0,6.6,422.0,606.2,133.0,289.0,27.5398,71.9153,Bhadla_Solar_Park
2023-12-10 16:00:00,23.7,33,994.1,0,9.1,257.0,464.3,104.0,153.0,27.5398,71.9153,Bhadla_Solar_Park
2023-12-10 17:00:00,22.2,38,994.1,0,8.1,87.0,230.3,53.0,34.0,27.5398,71.9153,Bhadla_Solar_Park
2023-12-10 18:00:00,20.3,44,994.3,0,7.5,2.0,0.0,2.0,0.0,27.5398,71.9153,Bhadla_Solar_Park
2023-12-10 19:00:00,18.7,50,995.0,0,7.7,0.0,0.0,0.0,0.0,27.5398,71.9153,Bhadla_Solar_Park
2023-12-10 20:00:00,17.8,52,995.1,0,6.8,0.0,0.0,0.0,0.0,27.5398,71.9153,Bhadla_Solar_Park
2023-12-10 21:00:00,18.5,48,995.5,0,4.7,0.0,0.0,0.0,0.0,27.5398,71.9153,Bhadla_Solar_Park
2023-12-10 22:00:00,18.5,48,995.7,0,3.4,0.0,0.0,0.0,0.0,27.5398,71.9153,Bhadla_Solar_Park
2023-12-10 23:00:00,17.8,50,995.5,0,0.8,0.0,0.0,0.0,0.0,27.5398,71.9153,Bhadla_Solar_Park
2023-12-11 00:00:00,14.9,61,994.6,0,6.1,0.0,0.0,0.0,0.0,27.5398,71.9153,Bhadla_Solar_Park
2023-12-11 01:00:00,12.9,69,993.9,0,9.0,0.0,0.0,0.0,0.0,27.5398,71.9153,Bhadla_Solar_Park
2023-12-11 02:00:00,12.3,71,993.5,0,9.0,0.0,0.0,0.0,0.0,27.5398,71.9153,Bhadla_Solar_Park
2023-12-11 03:00:00,11.7,73,993.3,0,9.0,0.0,0.0,0.0,0.0,27.5398,71.9153,Bhadla_Solar_Park
2023-12-11 04:00:00,11.3,74,993.3,0,9.7,0.0,0.0,0.0,0.0,27.5398,71.9153,Bhadla_Solar_Park
2023-12-11 05:00:00,10.6,78,993.4,0,9.8,0.0,0.0,0.0,0.0,27.5398,71.9153,Bhadla_Solar_Park
2023-12-11 06:00:00,9.7,86,994.3,0,9.7,0.0,0.0,0.0,0.0,27.5398,71.9153,Bhadla_Solar_Park
2023-12-11 07:00:00,9.5,87,994.9,0,10.4,0.0,0.0,0.0,0.0,27.5398,71.9153,Bhadla_Solar_Park
2023-12-11 08:00:00,10.8,81,995.6,0,8.9,64.0,179.4,41.0,23.0,27.5398,71.9153,Bhadla_Solar_Park
2023-12-11 09:00:00,15.3,62,996.5,0,7.9,228.0,428.5,99.0,129.0,27.5398,71.9153,Bhadla_Solar_Park
2023-12-11 10:00:00,19.4,48,997.0,0,8.1,398.0,587.4,131.0,267.0,27.5398,71.9153,Bhadla_Solar_Park
2023-12-11 11:00:00,22.1,38,996.4,0,9.7,529.0,672.7,149.0,380.0,27.5398,71.9153,Bhadla_Solar_Park
2023-12-11 12:00:00,23.9,28,995.4,0,10.3,603.0,712.7,158.0,445.0,27.5398,71.9153,Bhadla_Solar_Park
2023-12-11 13:00:00,25.1,22,994.4,0,10.3,609.0,718.5,157.0,452.0,27.5398,71.9153,Bhadla_Solar_Park
2023-12-11 14:00:00,25.8,19,993.7,0,10.2,549.0,689.4,150.0,399.0,27.5398,71.9153,Bhadla_Solar_Park
2023-12-11 15:00:00,26.0,18,993.4,0,9.7,427.0,616.8,133.0,294.0,27.5398,71.9153,Bhadla_Solar_Park
2023-12-11 16:00:00,25.6,18,993.3,0,9.2,260.0,476.0,103.0,157.0,27.5398,71.9153,Bhadla_Solar_Park
2023-12-11 17:00:00,22.9,26,993.4,0,8.4,88.0,242.8,52.0,36.0,27.5398,71.9153,Bhadla_Solar_Park
2023-12-11 18:00:00,21.2,26,993.8,0,8.9,2.0,0.0,2.0,0.0,27.5398,71.9153,Bhadla_Solar_Park
2023-12-11 19:00:00,19.8,30,994.2,0,7.4,0.0,0.0,0.0,0.0,27.5398,71.9153,Bhadla_Solar_Park
2023-12-11 20:00:00,20.5,29,994.6,2,4.9,0.0,0.0,0.0,0.0,27.5398,71.9153,Bhadla_Solar_Park
2023-12-11 21:00:00,20.4,29,994.7,2,4.1,0.0,0.0,0.0,0.0,27.5398,71.9153,Bhadla_Solar_Park
2023-12-11 22:00:00,15.6,41,994.7,0,8.8,0.0,0.0,0.0,0.0,27.5398,71.9153,Bhadla_Solar_Park
2023-12-11 23:00:00,14.5,45,994.3,10,8.6,0.0,0.0,0.0,0.0,27.5398,71.9153,Bhadla_Solar_Park
2023-12-12 00:00:00,14.1,45,993.7,6,10.2,0.0,0.0,0.0,0.0,27.5398,71.9153,Bhadla_Solar_Park
2023-12-12 01:00:00,13.4,45,993.3,62,9.6,0.0,0.0,0.0,0.0,27.5398,71.9153,Bhadla_Solar_Park
2023-12-12 02:00:00,13.1,44,992.8,52,10.3,0.0,0.0,0.0,0.0,27.5398,71.9153,Bhadla_Solar_Park
2023-12-12 03:00:00,12.2,45,992.6,73,10.6,0.0,0.0,0.0,0.0,27.5398,71.9153,Bhadla_Solar_Park
2023-12-12 04:00:00,11.0,49,992.3,84,10.4,0.0,0.0,0.0,0.0,27.5398,71.9153,Bhadla_Solar_Park
2023-12-12 05:00:00,10.3,51,992.1,26,10.2,0.0,0.0,0.0,0.0,27.5398,71.9153,Bhadla_Solar_Park
2023-12-12 06:00:00,10.7,60,992.7,79,11.2,0.0,0.0,0.0,0.0,27.5398,71.9153,Bhadla_Solar_Park
2023-12-12 07:00:00,11.1,59,993.3,13,12.0,0.0,0.0,0.0,0.0,27.5398,71.9153,Bhadla_Solar_Park
2023-12-12 08:00:00,13.3,53,994.1,23,12.0,62.0,181.1,39.0,23.0,27.5398,71.9153,Bhadla_Solar_Park
2023-12-12 09:00:00,16.7,45,995.0,30,9.9,224.0,425.1,97.0,127.0,27.5398,71.9153,Bhadla_Solar_Park
2023-12-12 10:00:00,19.9,37,995.6,76,8.2,392.0,583.4,128.0,264.0,27.5398,71.9153,Bhadla_Solar_Park
2023-12-12 11:00:00,22.4,31,994.9,49,10.4,523.0,667.7,147.0,376.0,27.5398,71.9153,Bhadla_Solar_Park
2023-12-12 12:00:00,24.3,26,994.0,40,10.0,596.0,706.2,156.0,440.0,27.5398,71.9153,Bhadla_Solar_Park
2023-12-12 13:00:00,25.3,23,993.2,25,11.8,603.0,711.5,156.0,447.0,27.5398,71.9153,Bhadla_Solar_Park
2023-12-12 14:00:00,25.6,24,992.7,69,13.2,542.0,681.3,148.0,394.0,27.5398,71.9153,Bhadla_Solar_Park
2023-12-12 15:00:00,25.4,24,992.5,94,14.3,421.0,606.3,132.0,289.0,27.5398,71.9153,Bhadla_Solar_Park
2023-12-12 16:00:00,24.7,26,992.5,41,13.0,257.0,463.3,104.0,153.0,27.5398,71.9153,Bhadla_Solar_Park
2023-12-12 17:00:00,22.7,31,992.5,82,9.3,87.0,234.8,52.0,35.0,27.5398,71.9153,Bhadla_Solar_Park
2023-12-12 18:00:00,20.9,37,992.9,99,10.2,2.0,0.0,2.0,0.0,27.5398,71.9153,Bhadla_Solar_Park
2023-12-12 19:00:00,19.1,43,993.5,99,9.2,0.0,0.0,0.0,0.0,27.5398,71.9153,Bhadla_Solar_Park
2023-12-12 20:00:00,17.6,51,993.8,100,8.4,0.0,0.0,0.0,0.0,27.5398,71.9153,Bhadla_Solar_Park
2023-12-12 21:00:00,16.5,56,994.3,100,8.2,0.0,0.0,0.0,0.0,27.5398,71.9153,Bhadla_Solar_Park
2023-12-12 22:00:00,15.7,59,994.8,100,8.9,0.0,0.0,0.0,0.0,27.5398,71.9153,Bhadla_Solar_Park
2023-12-12 23:00:00,14.7,63,994.7,100,8.0,0.0,0.0,0.0,0.0,27.5398,71.9153,Bhadla_Solar_Park
2023-12-13 00:00:00,14.5,63,994.5,29,6.5,0.0,0.0,0.0,0.0,27.5398,71.9153,Bhadla_Solar_Park
2023-12-13 01:00:00,13.8,66,994.2,0,6.2,0.0,0.0,0.0,0.0,27.5398,71.9153,Bhadla_Solar_Park
2023-12-13 02:00:00,12.9,69,994.3,0,6.2,0.0,0.0,0.0,0.0,27.5398,71.9153,Bhadla_Solar_Park
2023-12-13 03:00:00,12.5,71,994.2,0,5.9,0.0,0.0,0.0,0.0,27.5398,71.9153,Bhadla_Solar_Park
2023-12-13 04:00:00,11.4,76,994.3,0,6.8,0.0,0.0,0.0,0.0,27.5398,71.9153,Bhadla_Solar_Park
2023-12-13 05:00:00,10.6,79,994.5,2,7.3,0.0,0.0,0.0,0.0,27.5398,71.9153,Bhadla_Solar_Park
2023-12-13 06:00:00,10.2,81,995.4,30,8.9,0.0,0.0,0.0,0.0,27.5398,71.9153,Bhadla_Solar_Park
2023-12-13 07:00:00,9.8,82,996.2,37,8.2,0.0,0.0,0.0,0.0,27.5398,71.9153,Bhadla_Solar_Park
2023-12-13 08:00:00,12.1,70,996.8,9,7.4,60.0,166.9,39.0,21.0,27.5398,71.9153,Bhadla_Solar_Park
2023-12-13 09:00:00,15.4,57,997.7,0,4.0,221.0,414.7,98.0,123.0,27.5398,71.9153,Bhadla_Solar_Park
2023-12-13 10:00:00,19.1,45,998.2,0,4.1,390.0,577.1,130.0,260.0,27.5398,71.9153,Bhadla_Solar_Park
2023-12-13 11:00:00,21.8,37,997.9,0,3.3,521.0,664.3,148.0,373.0,27.5398,71.9153,Bhadla_Solar_Park
2023-12-13 12:00:00,23.7,30,997.0,0,4.7,596.0,706.0,157.0,439.0,27.5398,71.9153,Bhadla_Solar_Park
2023-12-13 13:00:00,24.6,27,995.7,2,4.1,605.0,714.0,157.0,448.0,27.5398,71.9153,Bhadla_Solar_Park
2023-12-13 14:00:00,25.1,25,995.0,2,4.4,545.0,685.2,149.0,396.0,27.5398,71.9153,Bhadla_Solar_Park
2023-12-13 15:00:00,25.3,24,994.6,18,5.2,424.0,612.4,132.0,292.0,27.5398,71.9153,Bhadla_Solar_Park
2023-12-13 16:00:00,25.0,24,994.8,27,5.4,260.0,468.6,105.0,155.0,27.5398,71.9153,Bhadla_Solar_Park
2023-12-13 17:00:00,22.8,33,994.9,64,6.4,88.0,233.5,53.0,35.0,27.5398,71.9153,Bhadla_Solar_Park
2023-12-13 18:00:00,21.2,35,996.1,100,10.8,2.0,0.0,2.0,0.0,27.5398,71.9153,Bhadla_Solar_Park
2023-12-13 19:00:00,19.9,39,996.6,100,11.6,0.0,0.0,0.0,0.0,27.5398,71.9153,Bhadla_Solar_Park
2023-12-13 20:00:00,18.5,44,996.9,100,12.2,0.0,0.0,0.0,0.0,27.5398,71.9153,Bhadla_Solar_Park
2023-12-13 21:00:00,17.5,48,997.1,100,11.5,0.0,0.0,0.0,0.0,27.5398,71.9153,Bhadla_Solar_Park
2023-12-13 22:00:00,16.4,53,997.3,98,10.9,0.0,0.0,0.0,0.0,27.5398,71.9153,Bhadla_Solar_Park
2023-12-13 23:00:00,15.2,58,997.2,82,10.4,0.0,0.0,0.0,0.0,27.5398,71.9153,Bhadla_Solar_Park
2023-12-14 00:00:00,14.1,63,996.5,49,10.3,0.0,0.0,0.0,0.0,27.5398,71.9153,Bhadla_Solar_Park
2023-12-14 01:00:00,13.2,67,996.0,78,10.3,0.0,0.0,0.0,0.0,27.5398,71.9153,Bhadla_Solar_Park
2023-12-14 02:00:00,12.5,71,995.8,85,10.3,0.0,0.0,0.0,0.0,27.5398,71.9153,Bhadla_Solar_Park
2023-12-14 03:00:00,11.8,73,995.6,98,9.3,0.0,0.0,0.0,0.0,27.5398,71.9153,Bhadla_Solar_Park
2023-12-14 04:00:00,11.2,73,995.7,97,8.9,0.0,0.0,0.0,0.0,27.5398,71.9153,Bhadla_Solar_Park
2023-12-14 05:00:00,11.1,73,995.8,67,10.0,0.0,0.0,0.0,0.0,27.5398,71.9153,Bhadla_Solar_Park
2023-12-14 06:00:00,10.5,75,996.7,11,10.6,0.0,0.0,0.0,0.0,27.5398,71.9153,Bhadla_Solar_Park
2023-12-14 07:00:00,9.7,80,997.3,43,9.2,0.0,0.0,0.0,0.0,27.5398,71.9153,Bhadla_Solar_Park
2023-12-14 08:00:00,11.5,70,997.8,99,7.1,59.0,168.4,38.0,21.0,27.5398,71.9153,Bhadla_Solar_Park
2023-12-14 09:00:00,14.7,56,998.6,96,5.1,221.0,417.7,98.0,123.0,27.5398,71.9153,Bhadla_Solar_Park
2023-12-14 10:00:00,18.1,45,999.2,51,2.4,387.0,559.5,136.0,251.0,27.5398,71.9153,Bhadla_Solar_Park
2023-12-14 11:00:00,20.9,38,998.9,1,0.8,523.0,666.2,150.0,373.0,27.5398,71.9153,Bhadla_Solar_Park
2023-12-14 12:00:00,23.0,33,998.1,15,3.0,597.0,708.9,157.0,440.0,27.5398,71.9153,Bhadla_Solar_Park
2023-12-14 13:00:00,24.4,28,997.0,0,4.3,606.0,714.8,158.0,448.0,27.5398,71.9153,Bhadla_Solar_Park
2023-12-14 14:00:00,25.1,24,996.1,12,3.8,546.0,687.2,149.0,397.0,27.5398,71.9153,Bhadla_Solar_Park
2023-12-14 15:00:00,25.2,23,995.6,0,5.5,426.0,614.2,133.0,293.0,27.5398,71.9153,Bhadla_Solar_Park
2023-12-14 16:00:00,25.0,23,995.5,10,7.4,261.0,473.7,104.0,157.0,27.5398,71.9153,Bhadla_Solar_Park
2023-12-14 17:00:00,23.0,28,995.5,0,8.2,90.0,238.6,54.0,36.0,27.5398,71.9153,Bhadla_Solar_Park
2023-12-14 18:00:00,21.4,30,996.2,0,10.5,3.0,0.0,3.0,0.0,27.5398,71.9153,Bhadla_Solar_Park
2023-12-14 19:00:00,19.9,35,996.6,0,11.6,0.0,0.0,0.0,0.0,27.5398,71.9153,Bhadla_Solar_Park
2023-12-14 20:00:00,18.4,39,996.9,0,11.2,0.0,0.0,0.0,0.0,27.5398,71.9153,Bhadla_Solar_Park
2023-12-14 21:00:00,17.2,43,997.4,0,11.4,0.0,0.0,0.0,0.0,27.5398,71.9153,Bhadla_Solar_Park
2023-12-14 22:00:00,16.4,46,997.5,0,12.4,0.0,0.0,0.0,0.0,27.5398,71.9153,Bhadla_Solar_Park
2023-12-14 23:00:00,15.6,49,997.4,2,12.1,0.0,0.0,0.0,0.0,27.5398,71.9153,Bhadla_Solar_Park
2023-12-15 00:00:00,14.7,53,997.0,71,11.5,0.0,0.0,0.0,0.0,27.5398,71.9153,Bhadla_Solar_Park
2023-12-15 01:00:00,13.8,55,997.0,94,11.0,0.0,0.0,0.0,0.0,27.5398,71.9153,Bhadla_Solar_Park
2023-12-15 02:00:00,12.9,57,996.5,52,9.9,0.0,0.0,0.0,0.0,27.5398,71.9153,Bhadla_Solar_Park
2023-12-15 03:00:00,12.2,60,996.4,68,9.4,0.0,0.0,0.0,0.0,27.5398,71.9153,Bhadla_Solar_Park
2023-12-15 04:00:00,11.9,61,996.3,81,11.1,0.0,0.0,0.0,0.0,27.5398,71.9153,Bhadla_Solar_Park
2023-12-15 05:00:00,11.1,64,996.3,37,10.1,0.0,0.0,0.0,0.0,27.5398,71.9153,Bhadla_Solar_Park
2023-12-15 06:00:00,11.0,68,997.1,48,12.8,0.0,0.0,0.0,0.0,27.5398,71.9153,Bhadla_Solar_Park
2023-12-15 07:00:00,11.1,68,997.6,57,13.8,0.0,0.0,0.0,0.0,27.5398,71.9153,Bhadla_Solar_Park
2023-12-15 08:00:00,12.6,64,998.3,96,13.1,57.0,153.8,38.0,19.0,27.5398,71.9153,Bhadla_Solar_Park
2023-12-15 09:00:00,15.6,57,999.2,93,9.7,212.0,372.8,103.0,109.0,27.5398,71.9153,Bhadla_Solar_Park
2023-12-15 10:00:00,19.1,48,999.5,94,8.9,378.0,532.7,140.0,238.0,27.5398,71.9153,Bhadla_Solar_Park
2023-12-15 11:00:00,22.4,38,998.7,99,9.2,506.0,612.4,164.0,342.0,27.5398,71.9153,Bhadla_Solar_Park
2023-12-15 12:00:00,24.6,29,997.8,100,5.8,585.0,663.4,174.0,411.0,27.5398,71.9153,Bhadla_Solar_Park
2023-12-15 13:00:00,25.4,22,996.9,93,3.9,592.0,666.0,175.0,417.0,27.5398,71.9153,Bhadla_Solar_Park
2023-12-15 14:00:00,25.7,22,996.3,99,5.3,502.0,491.7,218.0,284.0,27.5398,71.9153,Bhadla_Solar_Park
2023-12-15 15:00:00,25.7,22,995.8,99,8.0,388.0,433.7,181.0,207.0,27.5398,71.9153,Bhadla_Solar_Park
2023-12-15 16:00:00,25.4,22,995.7,99,9.4,238.0,319.2,132.0,106.0,27.5398,71.9153,Bhadla_Solar_Park
2023-12-15 17:00:00,23.3,28,995.8,98,7.9,87.0,177.8,60.0,27.0,27.5398,71.9153,Bhadla_Solar_Park
2023-12-15 18:00:00,21.5,32,996.3,84,9.4,3.0,0.0,3.0,0.0,27.5398,71.9153,Bhadla_Solar_Park
2023-12-15 19:00:00,20.0,35,996.8,100,10.3,0.0,0.0,0.0,0.0,27.5398,71.9153,Bhadla_Solar_Park
2023-12-15 20:00:00,18.8,39,997.1,98,9.8,0.0,0.0,0.0,0.0,27.5398,71.9153,Bhadla_Solar_Park
2023-12-15 21:00:00,17.9,42,997.5,97,11.0,0.0,0.0,0.0,0.0,27.5398,71.9153,Bhadla_Solar_Park
2023-12-15 22:00:00,17.0,48,997.7,91,10.6,0.0,0.0,0.0,0.0,27.5398,71.9153,Bhadla_Solar_Park
2023-12-15 23:00:00,15.7,57,997.1,95,9.0,0.0,0.0,0.0,0.0,27.5398,71.9153,Bhadla_Solar_Park
2023-12-16 00:00:00,15.0,62,996.7,94,9.1,0.0,0.0,0.0,0.0,27.5398,71.9153,Bhadla_Solar_Park
2023-12-16 01:00:00,14.0,68,996.6,79,8.4,0.0,0.0,0.0,0.0,27.5398,71.9153,Bhadla_Solar_Park
2023-12-16 02:00:00,13.2,72,996.4,54,7.8,0.0,0.0,0.0,0.0,27.5398,71.9153,Bhadla_Solar_Park
2023-12-16 03:00:00,13.1,71,996.2,47,6.8,0.0,0.0,0.0,0.0,27.5398,71.9153,Bhadla_Solar_Park
2023-12-16 04:00:00,15.4,59,996.2,63,4.0,0.0,0.0,0.0,0.0,27.5398,71.9153,Bhadla_Solar_Park
2023-12-16 05:00:00,15.4,59,996.1,96,3.3,0.0,0.0,0.0,0.0,27.5398,71.9153,Bhadla_Solar_Park
2023-12-16 06:00:00,15.4,57,997.2,52,1.8,0.0,0.0,0.0,0.0,27.5398,71.9153,Bhadla_Solar_Park
2023-12-16 07:00:00,13.2,67,997.5,31,5.9,0.0,0.0,0.0,0.0,27.5398,71.9153,Bhadla_Solar_Park
2023-12-16 08:00:00,13.0,71,998.1,3,8.6,55.0,147.0,37.0,18.0,27.5398,71.9153,Bhadla_Solar_Park
2023-12-16 09:00:00,15.4,63,998.8,0,5.6,211.0,399.5,95.0,116.0,27.5398,71.9153,Bhadla_Solar_Park
2023-12-16 10:00:00,18.6,52,999.3,0,6.0,376.0,557.2,128.0,248.0,27.5398,71.9153,Bhadla_Solar_Park
2023-12-16 11:00:00,21.4,42,998.8,0,6.2,504.0,642.7,146.0,358.0,27.5398,71.9153,Bhadla_Solar_Park
2023-12-16 12:00:00,23.5,33,997.6,0,5.8,578.0,682.2,156.0,422.0,27.5398,71.9153,Bhadla_Solar_Park
2023-12-16 13:00:00,24.7,27,996.7,0,10.2,586.0,687.3,156.0,430.0,27.5398,71.9153,Bhadla_Solar_Park
2023-12-16 14:00:00,25.1,26,995.9,0,15.1,528.0,658.0,148.0,380.0,27.5398,71.9153,Bhadla_Solar_Park
2023-12-16 15:00:00,24.9,27,995.6,1,17.0,413.0,588.2,132.0,281.0,27.5398,71.9153,Bhadla_Solar_Park
2023-12-16 16:00:00,24.4,27,995.3,0,16.4,252.0,444.5,104.0,148.0,27.5398,71.9153,Bhadla_Solar_Park
2023-12-16 17:00:00,22.9,33,995.4,0,10.0,88.0,228.8,53.0,35.0,27.5398,71.9153,Bhadla_Solar_Park
2023-12-16 18:00:00,21.1,39,995.7,0,8.8,3.0,0.0,3.0,0.0,27.5398,71.9153,Bhadla_Solar_Park
2023-12-16 19:00:00,19.7,44,996.3,0,9.2,0.0,0.0,0.0,0.0,27.5398,71.9153,Bhadla_Solar_Park
2023-12-16 20:00:00,18.5,49,996.7,0,9.5,0.0,0.0,0.0,0.0,27.5398,71.9153,Bhadla_Solar_Park
2023-12-16 21:00:00,17.2,56,996.9,0,7.6,0.0,0.0,0.0,0.0,27.5398,71.9153,Bhadla_Solar_Park
2023-12-16 22:00:00,16.5,59,997.2,0,7.8,0.0,0.0,0.0,0.0,27.5398,71.9153,Bhadla_Solar_Park
2023-12-16 23:00:00,15.7,62,997.0,0,8.9,0.0,0.0,0.0,0.0,27.5398,71.9153,Bhadla_Solar_Park
2023-12-17 00:00:00,14.7,68,996.8,0,8.6,0.0,0.0,0.0,0.0,27.5398,71.9153,Bhadla_Solar_Park
2023-12-17 01:00:00,13.9,72,996.6,0,7.2,0.0,0.0,0.0,0.0,27.5398,71.9153,Bhadla_Solar_Park
2023-12-17 02:00:00,14.4,70,996.6,0,5.4,0.0,0.0,0.0,0.0,27.5398,71.9153,Bhadla_Solar_Park
2023-12-17 03:00:00,15.4,65,996.7,0,2.5,0.0,0.0,0.0,0.0,27.5398,71.9153,Bhadla_Solar_Park
2023-12-17 04:00:00,13.5,75,996.7,0,5.5,0.0,0.0,0.0,0.0,27.5398,71.9153,Bhadla_Solar_Park
2023-12-17 05:00:00,12.4,81,996.6,0,6.6,0.0,0.0,0.0,0.0,27.5398,71.9153,Bhadla_Solar_Park
2023-12-17 06:00:00,11.6,83,997.3,0,11.6,0.0,0.0,0.0,0.0,27.5398,71.9153,Bhadla_Solar_Park
2023-12-17 07:00:00,10.9,86,997.9,0,10.2,0.0,0.0,0.0,0.0,27.5398,71.9153,Bhadla_Solar_Park
2023-12-17 08:00:00,12.4,82,998.8,0,7.5,54.0,156.5,35.0,19.0,27.5398,71.9153,Bhadla_Solar_Park
2023-12-17 09:00:00,15.2,72,999.6,0,3.3,211.0,402.1,95.0,116.0,27.5398,71.9153,Bhadla_Solar_Park
2023-12-17 10:00:00,18.3,61,1000.3,0,1.6,380.0,566.1,129.0,251.0,27.5398,71.9153,Bhadla_Solar_Park
2023-12-17 11:00:00,20.2,54,999.9,0,1.3,512.0,655.0,148.0,364.0,27.5398,71.9153,Bhadla_Solar_Park
2023-12-17 12:00:00,21.6,45,999.0,0,2.1,587.0,697.7,156.0,431.0,27.5398,71.9153,Bhadla_Solar_Park
2023-12-17 13:00:00,22.8,40,998.0,0,3.1,596.0,702.2,157.0,439.0,27.5398,71.9153,Bhadla_Solar_Park
2023-12-17 14:00:00,23.6,35,997.2,0,4.8,539.0,673.5,150.0,389.0,27.5398,71.9153,Bhadla_Solar_Park
2023-12-17 15:00:00,23.8,32,997.0,0,7.0,421.0,604.3,132.0,289.0,27.5398,71.9153,Bhadla_Solar_Park
2023-12-17 16:00:00,23.5,32,997.0,0,8.2,260.0,464.3,105.0,155.0,27.5398,71.9153,Bhadla_Solar_Park
2023-12-17 17:00:00,21.8,41,997.3,0,7.3,91.0,240.0,54.0,37.0,27.5398,71.9153,Bhadla_Solar_Park
2023-12-17 18:00:00,19.5,54,998.0,0,6.4,3.0,0.0,3.0,0.0,27.5398,71.9153,Bhadla_Solar_Park
2023-12-17 19:00:00,17.9,57,998.5,0,7.6,0.0,0.0,0.0,0.0,27.5398,71.9153,Bhadla_Solar_Park
2023-12-17 20:00:00,16.9,53,999.0,0,9.6,0.0,0.0,0.0,0.0,27.5398,71.9153,Bhadla_Solar_Park
2023-12-17 21:00:00,16.1,54,999.6,0,10.2,0.0,0.0,0.0,0.0,27.5398,71.9153,Bhadla_Solar_Park
2023-12-17 22:00:00,15.2,58,999.9,0,9.8,0.0,0.0,0.0,0.0,27.5398,71.9153,Bhadla_Solar_Park
2023-12-17 23:00:00,15.1,58,1000.1,0,14.2,0.0,0.0,0.0,0.0,27.5398,71.9153,Bhadla_Solar_Park
2023-12-18 00:00:00,15.0,55,1000.1,0,16.1,0.0,0.0,0.0,0.0,27.5398,71.9153,Bhadla_Solar_Park
2023-12-18 01:00:00,14.3,58,999.9,0,15.6,0.0,0.0,0.0,0.0,27.5398,71.9153,Bhadla_Solar_Park
2023-12-18 02:00:00,13.6,62,999.8,0,14.8,0.0,0.0,0.0,0.0,27.5398,71.9153,Bhadla_Solar_Park
2023-12-18 03:00:00,13.0,66,999.8,0,14.5,0.0,0.0,0.0,0.0,27.5398,71.9153,Bhadla_Solar_Park
2023-12-18 04:00:00,12.3,69,999.8,0,13.8,0.0,0.0,0.0,0.0,27.5398,71.9153,Bhadla_Solar_Park
2023-12-18 05:00:00,11.7,72,1000.1,0,13.0,0.0,0.0,0.0,0.0,27.5398,71.9153,Bhadla_Solar_Park
2023-12-18 06:00:00,11.6,75,1001.1,0,13.3,0.0,0.0,0.0,0.0,27.5398,71.9153,Bhadla_Solar_Park
2023-12-18 07:00:00,11.2,76,1001.7,0,13.7,0.0,0.0,0.0,0.0,27.5398,71.9153,Bhadla_Solar_Park
2023-12-18 08:00:00,12.4,71,1002.4,0,13.1,53.0,149.5,35.0,18.0,27.5398,71.9153,Bhadla_Solar_Park
2023-12-18 09:00:00,14.9,62,1003.2,0,9.5,209.0,394.3,96.0,113.0,27.5398,71.9153,Bhadla_Solar_Park
2023-12-18 10:00:00,17.7,52,1003.6,0,10.9,377.0,559.0,130.0,247.0,27.5398,71.9153,Bhadla_Solar_Park
2023-12-18 11:00:00,20.3,44,1003.1,0,11.6,510.0,649.2,150.0,360.0,27.5398,71.9153,Bhadla_Solar_Park
2023-12-18 12:00:00,22.2,34,1002.3,0,11.6,588.0,695.4,159.0,429.0,27.5398,71.9153,Bhadla_Solar_Park
2023-12-18 13:00:00,23.2,27,1001.2,0,12.4,599.0,704.1,159.0,440.0,27.5398,71.9153,Bhadla_Solar_Park
2023-12-18 14:00:00,23.5,25,1000.3,0,12.5,542.0,676.8,151.0,391.0,27.5398,71.9153,Bhadla_Solar_Park
2023-12-18 15:00:00,23.5,24,999.7,0,13.4,425.0,605.7,135.0,290.0,27.5398,71.9153,Bhadla_Solar_Park
2023-12-18 16:00:00,23.1,24,999.7,0,13.4,263.0,469.0,106.0,157.0,27.5398,71.9153,Bhadla_Solar_Park
2023-12-18 17:00:00,21.4,29,999.8,0,10.7,93.0,238.0,56.0,37.0,27.5398,71.9153,Bhadla_Solar_Park
2023-12-18 18:00:00,19.5,36,1000.7,0,12.4,3.0,0.0,3.0,0.0,27.5398,71.9153,Bhadla_Solar_Park
2023-12-18 19:00:00,18.3,39,1001.2,0,14.1,0.0,0.0,0.0,0.0,27.5398,71.9153,Bhadla_Solar_Park
2023-12-18 20:00:00,17.2,42,1001.5,0,13.5,0.0,0.0,0.0,0.0,27.5398,71.9153,Bhadla_Solar_Park
2023-12-18 21:00:00,15.7,47,1001.9,0,11.8,0.0,0.0,0.0,0.0,27.5398,71.9153,Bhadla_Solar_Park
2023-12-18 22:00:00,14.6,52,1002.1,0,11.4,0.0,0.0,0.0,0.0,27.5398,71.9153,Bhadla_Solar_Park
2023-12-18 23:00:00,13.7,55,1001.8,0,11.2,0.0,0.0,0.0,0.0,27.5398,71.9153,Bhadla_Solar_Park
2023-12-19 00:00:00,12.9,59,1001.3,30,11.2,0.0,0.0,0.0,0.0,27.5398,71.9153,Bhadla_Solar_Park
2023-12-19 01:00:00,11.9,63,1001.1,11,10.3,0.0,0.0,0.0,0.0,27.5398,71.9153,Bhadla_Solar_Park
2023-12-19 02:00:00,11.1,67,1000.7,19,9.7,0.0,0.0,0.0,0.0,27.5398,71.9153,Bhadla_Solar_Park
2023-12-19 03:00:00,10.5,69,1000.4,17,9.7,0.0,0.0,0.0,0.0,27.5398,71.9153,Bhadla_Solar_Park
2023-12-19 04:00:00,10.1,72,1000.2,73,9.8,0.0,0.0,0.0,0.0,27.5398,71.9153,Bhadla_Solar_Park
2023-12-19 05:00:00,9.5,75,1000.3,9,9.9,0.0,0.0,0.0,0.0,27.5398,71.9153,Bhadla_Solar_Park
2023-12-19 06:00:00,8.5,82,1001.2,9,11.1,0.0,0.0,0.0,0.0,27.5398,71.9153,Bhadla_Solar_Park
2023-12-19 07:00:00,8.3,83,1001.8,1,11.7,0.0,0.0,0.0,0.0,27.5398,71.9153,Bhadla_Solar_Park
2023-12-19 08:00:00,9.9,75,1002.3,7,10.7,53.0,150.7,35.0,18.0,27.5398,71.9153,Bhadla_Solar_Park
2023-12-19 09:00:00,13.5,61,1003.4,45,9.4,214.0,410.7,97.0,117.0,27.5398,71.9153,Bhadla_Solar_Park
2023-12-19 10:00:00,17.1,50,1003.9,50,8.0,386.0,579.0,131.0,255.0,27.5398,71.9153,Bhadla_Solar_Park
2023-12-19 11:00:00,19.5,42,1003.2,91,8.6,519.0,659.5,154.0,365.0,27.5398,71.9153,Bhadla_Solar_Park
2023-12-19 12:00:00,20.8,34,1002.3,97,5.8,599.0,709.1,162.0,437.0,27.5398,71.9153,Bhadla_Solar_Park
2023-12-19 13:00:00,21.5,30,1001.0,75,3.6,587.0,609.9,206.0,381.0,27.5398,71.9153,Bhadla_Solar_Park
2023-12-19 14:00:00,22.0,26,1000.5,94,2.0,536.0,609.0,184.0,352.0,27.5398,71.9153,Bhadla_Solar_Park
2023-12-19 15:00:00,22.2,24,999.9,21,3.9,430.0,598.6,143.0,287.0,27.5398,71.9153,Bhadla_Solar_Park
2023-12-19 16:00:00,22.1,23,999.7,32,6.4,270.0,479.4,109.0,161.0,27.5398,71.9153,Bhadla_Solar_Park
2023-12-19 17:00:00,19.7,44,999.5,85,5.6,97.0,248.8,58.0,39.0,27.5398,71.9153,Bhadla_Solar_Park
2023-12-19 18:00:00,18.9,37,1000.1,100,8.0,3.0,0.0,3.0,0.0,27.5398,71.9153,Bhadla_Solar_Park
2023-12-19 19:00:00,17.9,39,1000.7,99,9.0,0.0,0.0,0.0,0.0,27.5398,71.9153,Bhadla_Solar_Park
2023-12-19 20:00:00,16.4,44,1000.9,75,9.2,0.0,0.0,0.0,0.0,27.5398,71.9153,Bhadla_Solar_Park
2023-12-19 21:00:00,14.8,49,1001.1,100,8.9,0.0,0.0,0.0,0.0,27.5398,71.9153,Bhadla_Solar_Park
2023-12-19 22:00:00,14.1,49,1001.5,43,7.6,0.0,0.0,0.0,0.0,27.5398,71.9153,Bhadla_Solar_Park
2023-12-19 23:00:00,13.2,52,1001.2,56,8.0,0.0,0.0,0.0,0.0,27.5398,71.9153,Bhadla_Solar_Park
2023-12-20 00:00:00,12.2,56,1001.0,58,8.4,0.0,0.0,0.0,0.0,27.5398,71.9153,Bhadla_Solar_Park
2023-12-20 01:00:00,11.3,60,1000.5,23,8.5,0.0,0.0,0.0,0.0,27.5398,71.9153,Bhadla_Solar_Park
2023-12-20 02:00:00,10.8,62,1000.0,30,10.0,0.0,0.0,0.0,0.0,27.5398,71.9153,Bhadla_Solar_Park
2023-12-20 03:00:00,10.1,65,999.7,9,10.4,0.0,0.0,0.0,0.0,27.5398,71.9153,Bhadla_Solar_Park
2023-12-20 04:00:00,9.5,68,999.6,0,10.3,0.0,0.0,0.0,0.0,27.5398,71.9153,Bhadla_Solar_Park
2023-12-20 05:00:00,9.0,69,999.5,0,10.3,0.0,0.0,0.0,0.0,27.5398,71.9153,Bhadla_Solar_Park
2023-12-20 06:00:00,7.4,73,1000.0,0,10.7,0.0,0.0,0.0,0.0,27.5398,71.9153,Bhadla_Solar_Park
2023-12-20 07:00:00,6.9,75,1000.5,0,10.5,0.0,0.0,0.0,0.0,27.5398,71.9153,Bhadla_Solar_Park
2023-12-20 08:00:00,8.7,66,1001.1,1,9.6,53.0,151.9,35.0,18.0,27.5398,71.9153,Bhadla_Solar_Park
2023-12-20 09:00:00,12.5,52,1002.1,16,8.0,215.0,420.2,96.0,119.0,27.5398,71.9153,Bhadla_Solar_Park
2023-12-20 10:00:00,16.0,41,1002.7,3,7.3,388.0,587.7,130.0,258.0,27.5398,71.9153,Bhadla_Solar_Park
2023-12-20 11:00:00,18.9,33,1002.2,9,9.4,525.0,680.6,149.0,376.0,27.5398,71.9153,Bhadla_Solar_Park
2023-12-20 12:00:00,20.7,26,1001.2,0,9.2,604.0,724.4,158.0,446.0,27.5398,71.9153,Bhadla_Solar_Park
2023-12-20 13:00:00,21.7,23,1000.0,9,6.5,616.0,731.7,159.0,457.0,27.5398,71.9153,Bhadla_Solar_Park
2023-12-20 14:00:00,22.4,20,999.1,57,5.4,557.0,696.8,154.0,403.0,27.5398,71.9153,Bhadla_Solar_Park
2023-12-20 15:00:00,22.7,19,998.6,82,5.8,435.0,610.1,142.0,293.0,27.5398,71.9153,Bhadla_Solar_Park
2023-12-20 16:00:00,22.5,19,998.6,92,3.3,269.0,460.0,114.0,155.0,27.5398,71.9153,Bhadla_Solar_Park
2023-12-20 17:00:00,20.6,30,998.5,93,4.5,96.0,227.6,60.0,36.0,27.5398,71.9153,Bhadla_Solar_Park
2023-12-20 18:00:00,19.3,34,998.8,92,5.4,4.0,0.0,4.0,0.0,27.5398,71.9153,Bhadla_Solar_Park
2023-12-20 19:00:00,17.5,35,999.1,66,10.4,0.0,0.0,0.0,0.0,27.5398,71.9153,Bhadla_Solar_Park
2023-12-20 20:00:00,15.8,39,999.5,100,9.9,0.0,0.0,0.0,0.0,27.5398,71.9153,Bhadla_Solar_Park
2023-12-20 21:00:00,14.6,44,999.5,100,9.5,0.0,0.0,0.0,0.0,27.5398,71.9153,Bhadla_Solar_Park
2023-12-20 22:00:00,13.9,47,999.5,100,10.2,0.0,0.0,0.0,0.0,27.5398,71.9153,Bhadla_Solar_Park
2023-12-20 23:00:00,13.1,50,999.3,100,10.8,0.0,0.0,0.0,0.0,27.5398,71.9153,Bhadla_Solar_Park
2023-12-21 00:00:00,12.0,55,998.7,100,9.8,0.0,0.0,0.0,0.0,27.5398,71.9153,Bhadla_Solar_Park
2023-12-21 01:00:00,11.2,60,998.3,91,8.6,0.0,0.0,0.0,0.0,27.5398,71.9153,Bhadla_Solar_Park
2023-12-21 02:00:00,10.4,63,997.8,93,8.7,0.0,0.0,0.0,0.0,27.5398,71.9153,Bhadla_Solar_Park
2023-12-21 03:00:00,9.9,65,997.8,65,7.6,0.0,0.0,0.0,0.0,27.5398,71.9153,Bhadla_Solar_Park
2023-12-21 04:00:00,9.7,66,997.7,69,7.8,0.0,0.0,0.0,0.0,27.5398,71.9153,Bhadla_Solar_Park
2023-12-21 05:00:00,9.1,67,997.6,100,9.1,0.0,0.0,0.0,0.0,27.5398,71.9153,Bhadla_Solar_Park
2023-12-21 06:00:00,8.0,69,998.1,85,11.2,0.0,0.0,0.0,0.0,27.5398,71.9153,Bhadla_Solar_Park
2023-12-21 07:00:00,7.8,69,998.6,100,12.0,0.0,0.0,0.0,0.0,27.5398,71.9153,Bhadla_Solar_Park
2023-12-21 08:00:00,9.5,61,999.3,100,11.4,50.0,110.5,37.0,13.0,27.5398,71.9153,Bhadla_Solar_Park
2023-12-21 09:00:00,12.8,49,1000.2,67,10.8,197.0,294.7,114.0,83.0,27.5398,71.9153,Bhadla_Solar_Park
2023-12-21 10:00:00,16.3,39,1000.6,0,10.6,379.0,557.4,135.0,244.0,27.5398,71.9153,Bhadla_Solar_Park
2023-12-21 11:00:00,19.3,31,1000.0,0,12.4,520.0,679.9,145.0,375.0,27.5398,71.9153,Bhadla_Solar_Park
2023-12-21 12:00:00,21.6,25,999.0,0,13.6,598.0,718.4,156.0,442.0,27.5398,71.9153,Bhadla_Solar_Park
2023-12-21 13:00:00,23.0,22,997.7,0,10.7,611.0,726.9,157.0,454.0,27.5398,71.9153,Bhadla_Solar_Park
2023-12-21 14:00:00,23.9,19,996.9,0,8.3,555.0,701.5,149.0,406.0,27.5398,71.9153,Bhadla_Solar_Park
2023-12-21 15:00:00,24.3,18,996.4,0,8.1,437.0,631.9,133.0,304.0,27.5398,71.9153,Bhadla_Solar_Park
2023-12-21 16:00:00,24.1,17,996.3,70,8.7,272.0,493.9,105.0,167.0,27.5398,71.9153,Bhadla_Solar_Park
2023-12-21 17:00:00,21.5,25,996.3,0,8.2,96.0,238.1,58.0,38.0,27.5398,71.9153,Bhadla_Solar_Park
2023-12-21 18:00:00,19.6,33,996.8,0,8.4,4.0,0.0,4.0,0.0,27.5398,71.9153,Bhadla_Solar_Park
2023-12-21 19:00:00,18.4,35,997.1,0,10.7,0.0,0.0,0.0,0.0,27.5398,71.9153,Bhadla_Solar_Park
2023-12-21 20:00:00,17.1,38,997.3,9,11.8,0.0,0.0,0.0,0.0,27.5398,71.9153,Bhadla_Solar_Park
2023-12-21 21:00:00,16.0,41,997.7,48,12.2,0.0,0.0,0.0,0.0,27.5398,71.9153,Bhadla_Solar_Park
2023-12-21 22:00:00,15.1,44,997.9,7,12.4,0.0,0.0,0.0,0.0,27.5398,71.9153,Bhadla_Solar_Park
2023-12-21 23:00:00,14.1,47,997.5,9,12.2,0.0,0.0,0.0,0.0,27.5398,71.9153,Bhadla_Solar_Park
2023-12-22 00:00:00,13.3,49,996.8,3,12.8,0.0,0.0,0.0,0.0,27.5398,71.9153,Bhadla_Solar_Park
2023-12-22 01:00:00,12.3,53,996.5,6,11.2,0.0,0.0,0.0,0.0,27.5398,71.9153,Bhadla_Solar_Park
2023-12-22 02:00:00,11.5,55,996.0,24,10.9,0.0,0.0,0.0,0.0,27.5398,71.9153,Bhadla_Solar_Park
2023-12-22 03:00:00,10.7,58,996.0,29,9.7,0.0,0.0,0.0,0.0,27.5398,71.9153,Bhadla_Solar_Park
2023-12-22 04:00:00,10.0,60,995.9,90,9.8,0.0,0.0,0.0,0.0,27.5398,71.9153,Bhadla_Solar_Park
2023-12-22 05:00:00,10.0,59,995.8,88,10.9,0.0,0.0,0.0,0.0,27.5398,71.9153,Bhadla_Solar_Park
2023-12-22 06:00:00,11.9,49,996.4,96,12.0,0.0,0.0,0.0,0.0,27.5398,71.9153,Bhadla_Solar_Park
2023-12-22 07:00:00,11.2,53,997.1,79,12.4,0.0,0.0,0.0,0.0,27.5398,71.9153,Bhadla_Solar_Park
2023-12-22 08:00:00,12.3,51,997.8,100,14.7,45.0,77.0,36.0,9.0,27.5398,71.9153,Bhadla_Solar_Park
2023-12-22 09:00:00,14.7,43,999.1,80,9.3,140.0,132.0,103.0,37.0,27.5398,71.9153,Bhadla_Solar_Park
2023-12-22 10:00:00,17.6,36,999.4,30,8.7,312.0,290.9,185.0,127.0,27.5398,71.9153,Bhadla_Solar_Park
2023-12-22 11:00:00,20.4,30,998.9,13,8.4,501.0,619.1,160.0,341.0,27.5398,71.9153,Bhadla_Solar_Park
2023-12-22 12:00:00,22.8,25,997.7,67,7.8,583.0,679.8,165.0,418.0,27.5398,71.9153,Bhadla_Solar_Park
2023-12-22 13:00:00,24.2,22,996.3,67,13.1,491.0,405.0,238.0,253.0,27.5398,71.9153,Bhadla_Solar_Park
2023-12-22 14:00:00,25.1,19,995.7,57,10.0,457.0,462.6,189.0,268.0,27.5398,71.9153,Bhadla_Solar_Park
2023-12-22 15:00:00,25.5,17,995.2,25,13.9,384.0,460.6,162.0,222.0,27.5398,71.9153,Bhadla_Solar_Park
2023-12-22 16:00:00,25.0,17,995.0,0,15.3,266.0,465.5,108.0,158.0,27.5398,71.9153,Bhadla_Solar_Park
2023-12-22 17:00:00,22.9,20,995.6,75,11.6,95.0,223.4,59.0,36.0,27.5398,71.9153,Bhadla_Solar_Park
2023-12-22 18:00:00,21.9,23,995.6,30,17.6,4.0,0.0,4.0,0.0,27.5398,71.9153,Bhadla_Solar_Park
2023-12-22 19:00:00,20.1,30,995.9,45,18.4,0.0,0.0,0.0,0.0,27.5398,71.9153,Bhadla_Solar_Park
2023-12-22 20:00:00,19.1,34,996.3,19,18.3,0.0,0.0,0.0,0.0,27.5398,71.9153,Bhadla_Solar_Park
2023-12-22 21:00:00,17.9,37,997.0,4,17.7,0.0,0.0,0.0,0.0,27.5398,71.9153,Bhadla_Solar_Park
2023-12-22 22:00:00,17.0,40,997.2,0,17.6,0.0,0.0,0.0,0.0,27.5398,71.9153,Bhadla_Solar_Park
2023-12-22 23:00:00,16.2,44,997.0,0,17.4,0.0,0.0,0.0,0.0,27.5398,71.9153,Bhadla_Solar_Park
2023-12-23 00:00:00,15.4,45,996.7,0,16.7,0.0,0.0,0.0,0.0,27.5398,71.9153,Bhadla_Solar_Park
2023-12-23 01:00:00,14.9,44,996.5,0,16.6,0.0,0.0,0.0,0.0,27.5398,71.9153,Bhadla_Solar_Park
2023-12-23 02:00:00,14.4,43,995.9,0,16.6,0.0,0.0,0.0,0.0,27.5398,71.9153,Bhadla_Solar_Park
2023-12-23 03:00:00,14.1,45,995.6,0,16.6,0.0,0.0,0.0,0.0,27.5398,71.9153,Bhadla_Solar_Park
2023-12-23 04:00:00,13.6,48,995.6,0,15.3,0.0,0.0,0.0,0.0,27.5398,71.9153,Bhadla_Solar_Park
2023-12-23 05:00:00,13.0,52,996.1,0,13.8,0.0,0.0,0.0,0.0,27.5398,71.9153,Bhadla_Solar_Park
2023-12-23 06:00:00,12.3,53,996.8,0,14.3,0.0,0.0,0.0,0.0,27.5398,71.9153,Bhadla_Solar_Park
2023-12-23 07:00:00,12.0,55,997.5,0,14.3,0.0,0.0,0.0,0.0,27.5398,71.9153,Bhadla_Solar_Park
2023-12-23 08:00:00,13.1,53,998.6,0,12.6,48.0,137.8,32.0,16.0,27.5398,71.9153,Bhadla_Solar_Park
2023-12-23 09:00:00,15.7,47,999.6,0,9.7,203.0,401.6,91.0,112.0,27.5398,71.9153,Bhadla_Solar_Park
2023-12-23 10:00:00,18.4,42,1000.2,0,9.8,372.0,567.1,125.0,247.0,27.5398,71.9153,Bhadla_Solar_Park
2023-12-23 11:00:00,20.7,39,999.8,0,9.2,505.0,656.2,144.0,361.0,27.5398,71.9153,Bhadla_Solar_Park
2023-12-23 12:00:00,22.8,35,998.9,0,11.5,583.0,697.9,154.0,429.0,27.5398,71.9153,Bhadla_Solar_Park
2023-12-23 13:00:00,24.4,32,998.0,0,13.5,596.0,705.8,155.0,441.0,27.5398,71.9153,Bhadla_Solar_Park
2023-12-23 14:00:00,25.4,29,997.4,0,15.5,541.0,679.4,147.0,394.0,27.5398,71.9153,Bhadla_Solar_Park
2023-12-23 15:00:00,25.8,27,997.1,0,18.1,426.0,610.7,131.0,295.0,27.5398,71.9153,Bhadla_Solar_Park
2023-12-23 16:00:00,25.5,25,997.1,0,20.1,266.0,475.5,104.0,162.0,27.5398,71.9153,Bhadla_Solar_Park
2023-12-23 17:00:00,24.2,26,997.5,0,18.1,97.0,252.0,56.0,41.0,27.5398,71.9153,Bhadla_Solar_Park
2023-12-23 18:00:00,21.9,28,998.3,0,16.4,4.0,0.0,4.0,0.0,27.5398,71.9153,Bhadla_Solar_Park
2023-12-23 19:00:00,20.5,31,999.0,0,17.0,0.0,0.0,0.0,0.0,27.5398,71.9153,Bhadla_Solar_Park
2023-12-23 20:00:00,19.2,33,999.4,0,16.4,0.0,0.0,0.0,0.0,27.5398,71.9153,Bhadla_Solar_Park
2023-12-23 21:00:00,18.0,36,999.9,0,16.0,0.0,0.0,0.0,0.0,27.5398,71.9153,Bhadla_Solar_Park
2023-12-23 22:00:00,17.0,40,1000.1,0,15.8,0.0,0.0,0.0,0.0,27.5398,71.9153,Bhadla_Solar_Park
2023-12-23 23:00:00,16.0,45,1000.2,0,13.7,0.0,0.0,0.0,0.0,27.5398,71.9153,Bhadla_Solar_Park
2023-12-24 00:00:00,15.0,50,1000.1,0,13.1,0.0,0.0,0.0,0.0,27.5398,71.9153,Bhadla_Solar_Park
2023-12-24 01:00:00,14.0,56,1000.0,0,12.1,0.0,0.0,0.0,0.0,27.5398,71.9153,Bhadla_Solar_Park
2023-12-24 02:00:00,13.3,59,999.9,0,12.8,0.0,0.0,0.0,0.0,27.5398,71.9153,Bhadla_Solar_Park
2023-12-24 03:00:00,12.6,63,999.9,0,12.4,0.0,0.0,0.0,0.0,27.5398,71.9153,Bhadla_Solar_Park
2023-12-24 04:00:00,12.0,67,999.9,12,12.2,0.0,0.0,0.0,0.0,27.5398,71.9153,Bhadla_Solar_Park
2023-12-24 05:00:00,11.5,71,999.8,7,12.6,0.0,0.0,0.0,0.0,27.5398,71.9153,Bhadla_Solar_Park
2023-12-24 06:00:00,10.4,75,1000.5,96,11.5,0.0,0.0,0.0,0.0,27.5398,71.9153,Bhadla_Solar_Park
2023-12-24 07:00:00,10.1,79,1001.2,75,10.7,0.0,0.0,0.0,0.0,27.5398,71.9153,Bhadla_Solar_Park
2023-12-24 08:00:00,11.0,76,1002.0,98,8.4,47.0,130.0,32.0,15.0,27.5398,71.9153,Bhadla_Solar_Park
2023-12-24 09:00:00,13.6,66,1002.5,79,8.3,199.0,363.8,98.0,101.0,27.5398,71.9153,Bhadla_Solar_Park
2023-12-24 10:00:00,16.7,57,1003.2,80,5.8,370.0,547.6,132.0,238.0,27.5398,71.9153,Bhadla_Solar_Park
2023-12-24 11:00:00,19.4,49,1002.9,60,5.5,501.0,622.3,159.0,342.0,27.5398,71.9153,Bhadla_Solar_Park
2023-12-24 12:00:00,21.6,43,1001.6,77,6.4,583.0,683.4,163.0,420.0,27.5398,71.9153,Bhadla_Solar_Park
2023-12-24 13:00:00,23.1,37,1000.5,89,8.0,589.0,659.0,177.0,412.0,27.5398,71.9153,Bhadla_Solar_Park
2023-12-24 14:00:00,24.1,32,999.9,44,10.2,534.0,625.1,171.0,363.0,27.5398,71.9153,Bhadla_Solar_Park
2023-12-24 15:00:00,24.4,30,999.4,34,12.9,426.0,586.6,142.0,284.0,27.5398,71.9153,Bhadla_Solar_Park
2023-12-24 16:00:00,24.1,31,998.9,0,14.8,269.0,473.5,107.0,162.0,27.5398,71.9153,Bhadla_Solar_Park
2023-12-24 17:00:00,22.8,35,999.2,0,14.2,99.0,255.6,57.0,42.0,27.5398,71.9153,Bhadla_Solar_Park
2023-12-24 18:00:00,20.5,44,999.8,100,13.7,4.0,0.0,4.0,0.0,27.5398,71.9153,Bhadla_Solar_Park
2023-12-24 19:00:00,19.4,48,1000.5,89,14.4,0.0,0.0,0.0,0.0,27.5398,71.9153,Bhadla_Solar_Park
2023-12-24 20:00:00,18.3,53,1000.7,12,15.1,0.0,0.0,0.0,0.0,27.5398,71.9153,Bhadla_Solar_Park
2023-12-24 21:00:00,17.3,57,1000.9,1,14.1,0.0,0.0,0.0,0.0,27.5398,71.9153,Bhadla_Solar_Park
2023-12-24 22:00:00,16.2,63,1001.3,21,13.0,0.0,0.0,0.0,0.0,27.5398,71.9153,Bhadla_Solar_Park
2023-12-24 23:00:00,15.1,69,1000.8,96,11.3,0.0,0.0,0.0,0.0,27.5398,71.9153,Bhadla_Solar_Park
2023-12-25 00:00:00,14.2,72,1000.0,0,10.5,0.0,0.0,0.0,0.0,27.5398,71.9153,Bhadla_Solar_Park
2023-12-25 01:00:00,13.1,75,999.6,72,9.3,0.0,0.0,0.0,0.0,27.5398,71.9153,Bhadla_Solar_Park
2023-12-25 02:00:00,12.3,79,999.3,60,8.6,0.0,0.0,0.0,0.0,27.5398,71.9153,Bhadla_Solar_Park
2023-12-25 03:00:00,11.8,82,999.2,0,9.7,0.0,0.0,0.0,0.0,27.5398,71.9153,Bhadla_Solar_Park
2023-12-25 04:00:00,11.2,86,999.0,4,10.7,0.0,0.0,0.0,0.0,27.5398,71.9153,Bhadla_Solar_Park
2023-12-25 05:00:00,10.8,89,999.2,49,10.8,0.0,0.0,0.0,0.0,27.5398,71.9153,Bhadla_Solar_Park
2023-12-25 06:00:00,10.3,90,999.8,2,10.3,0.0,0.0,0.0,0.0,27.5398,71.9153,Bhadla_Solar_Park
2023-12-25 07:00:00,9.8,93,1000.1,13,9.3,0.0,0.0,0.0,0.0,27.5398,71.9153,Bhadla_Solar_Park
2023-12-25 08:00:00,10.9,89,1000.5,0,7.6,46.0,130.7,31.0,15.0,27.5398,71.9153,Bhadla_Solar_Park
2023-12-25 09:00:00,13.7,76,1001.3,1,6.5,200.0,387.0,93.0,107.0,27.5398,71.9153,Bhadla_Solar_Park
2023-12-25 10:00:00,16.7,64,1001.9,7,6.2,368.0,555.5,127.0,241.0,27.5398,71.9153,Bhadla_Solar_Park
2023-12-25 11:00:00,19.5,54,1001.6,15,7.5,501.0,637.4,151.0,350.0,27.5398,71.9153,Bhadla_Solar_Park
2023-12-25 12:00:00,21.7,47,1000.5,36,8.1,578.0,672.1,165.0,413.0,27.5398,71.9153,Bhadla_Solar_Park
2023-12-25 13:00:00,23.1,40,999.3,20,8.0,586.0,657.0,175.0,411.0,27.5398,71.9153,Bhadla_Solar_Park
2023-12-25 14:00:00,23.9,37,998.2,24,8.9,532.0,627.7,167.0,365.0,27.5398,71.9153,Bhadla_Solar_Park
2023-12-25 15:00:00,24.4,35,997.7,41,10.4,425.0,583.1,142.0,283.0,27.5398,71.9153,Bhadla_Solar_Park
2023-12-25 16:00:00,24.3,35,997.6,100,10.9,266.0,439.4,115.0,151.0,27.5398,71.9153,Bhadla_Solar_Park
2023-12-25 17:00:00,23.2,40,997.5,30,7.7,88.0,114.4,69.0,19.0,27.5398,71.9153,Bhadla_Solar_Park
2023-12-25 18:00:00,20.6,49,997.9,0,9.0,5.0,0.0,5.0,0.0,27.5398,71.9153,Bhadla_Solar_Park
2023-12-25 19:00:00,19.5,52,998.1,27,10.8,0.0,0.0,0.0,0.0,27.5398,71.9153,Bhadla_Solar_Park
2023-12-25 20:00:00,18.4,53,998.5,15,11.8,0.0,0.0,0.0,0.0,27.5398,71.9153,Bhadla_Solar_Park
2023-12-25 21:00:00,17.2,55,998.5,8,11.2,0.0,0.0,0.0,0.0,27.5398,71.9153,Bhadla_Solar_Park
2023-12-25 22:00:00,15.8,60,998.6,10,10.4,0.0,0.0,0.0,0.0,27.5398,71.9153,Bhadla_Solar_Park
2023-12-25 23:00:00,14.6,64,998.2,36,9.3,0.0,0.0,0.0,0.0,27.5398,71.9153,Bhadla_Solar_Park
2023-12-26 00:00:00,13.7,66,997.5,38,9.7,0.0,0.0,0.0,0.0,27.5398,71.9153,Bhadla_Solar_Park
2023-12-26 01:00:00,13.1,68,997.1,61,9.9,0.0,0.0,0.0,0.0,27.5398,71.9153,Bhadla_Solar_Park
2023-12-26 02:00:00,12.4,71,996.9,100,9.4,0.0,0.0,0.0,0.0,27.5398,71.9153,Bhadla_Solar_Park
2023-12-26 03:00:00,11.9,74,996.7,99,8.8,0.0,0.0,0.0,0.0,27.5398,71.9153,Bhadla_Solar_Park
2023-12-26 04:00:00,11.0,80,996.5,99,7.4,0.0,0.0,0.0,0.0,27.5398,71.9153,Bhadla_Solar_Park
2023-12-26 05:00:00,11.6,76,996.5,99,4.6,0.0,0.0,0.0,0.0,27.5398,71.9153,Bhadla_Solar_Park
2023-12-26 06:00:00,11.0,80,997.7,95,4.7,0.0,0.0,0.0,0.0,27.5398,71.9153,Bhadla_Solar_Park
2023-12-26 07:00:00,9.6,86,997.8,97,6.5,0.0,0.0,0.0,0.0,27.5398,71.9153,Bhadla_Solar_Park
2023-12-26 08:00:00,11.0,79,998.3,97,7.7,46.0,131.4,31.0,15.0,27.5398,71.9153,Bhadla_Solar_Park
2023-12-26 09:00:00,14.0,66,999.1,100,4.8,202.0,399.4,92.0,110.0,27.5398,71.9153,Bhadla_Solar_Park
2023-12-26 10:00:00,17.4,54,999.8,99,3.4,367.0,533.4,136.0,231.0,27.5398,71.9153,Bhadla_Solar_Park
2023-12-26 11:00:00,20.1,46,999.7,99,3.3,494.0,595.9,167.0,327.0,27.5398,71.9153,Bhadla_Solar_Park
2023-12-26 12:00:00,22.1,40,998.8,99,3.3,579.0,654.1,177.0,402.0,27.5398,71.9153,Bhadla_Solar_Park
2023-12-26 13:00:00,23.8,35,998.0,95,4.7,599.0,693.2,165.0,434.0,27.5398,71.9153,Bhadla_Solar_Park
2023-12-26 14:00:00,24.9,32,997.3,98,6.5,548.0,676.4,154.0,394.0,27.5398,71.9153,Bhadla_Solar_Park
2023-12-26 15:00:00,25.4,30,997.1,96,6.8,431.0,593.8,142.0,289.0,27.5398,71.9153,Bhadla_Solar_Park
2023-12-26 16:00:00,25.2,29,997.0,99,8.5,266.0,419.9,121.0,145.0,27.5398,71.9153,Bhadla_Solar_Park
2023-12-26 17:00:00,23.7,33,997.1,99,9.2,101.0,220.4,64.0,37.0,27.5398,71.9153,Bhadla_Solar_Park
2023-12-26 18:00:00,21.5,39,997.6,100,10.7,5.0,0.0,5.0,0.0,27.5398,71.9153,Bhadla_Solar_Park
2023-12-26 19:00:00,19.8,43,997.9,97,10.0,0.0,0.0,0.0,0.0,27.5398,71.9153,Bhadla_Solar_Park
2023-12-26 20:00:00,18.2,47,998.3,96,7.4,0.0,0.0,0.0,0.0,27.5398,71.9153,Bhadla_Solar_Park
2023-12-26 21:00:00,19.7,39,998.7,99,4.7,0.0,0.0,0.0,0.0,27.5398,71.9153,Bhadla_Solar_Park
2023-12-26 22:00:00,19.5,39,998.9,100,2.9,0.0,0.0,0.0,0.0,27.5398,71.9153,Bhadla_Solar_Park
2023-12-26 23:00:00,15.3,53,998.6,100,8.8,0.0,0.0,0.0,0.0,27.5398,71.9153,Bhadla_Solar_Park
2023-12-27 00:00:00,14.4,54,998.3,93,9.0,0.0,0.0,0.0,0.0,27.5398,71.9153,Bhadla_Solar_Park
2023-12-27 01:00:00,13.4,57,997.9,97,8.4,0.0,0.0,0.0,0.0,27.5398,71.9153,Bhadla_Solar_Park
2023-12-27 02:00:00,12.4,62,997.8,100,7.6,0.0,0.0,0.0,0.0,27.5398,71.9153,Bhadla_Solar_Park
2023-12-27 03:00:00,13.4,57,997.7,100,4.2,0.0,0.0,0.0,0.0,27.5398,71.9153,Bhadla_Solar_Park
2023-12-27 04:00:00,13.4,57,997.6,97,3.7,0.0,0.0,0.0,0.0,27.5398,71.9153,Bhadla_Solar_Park
2023-12-27 05:00:00,11.5,68,997.8,91,5.4,0.0,0.0,0.0,0.0,27.5398,71.9153,Bhadla_Solar_Park
2023-12-27 06:00:00,12.7,61,998.8,92,1.3,0.0,0.0,0.0,0.0,27.5398,71.9153,Bhadla_Solar_Park
2023-12-27 07:00:00,12.5,63,999.5,61,1.8,0.0,0.0,0.0,0.0,27.5398,71.9153,Bhadla_Solar_Park
2023-12-27 08:00:00,12.0,66,1000.1,87,3.0,45.0,132.1,30.0,15.0,27.5398,71.9153,Bhadla_Solar_Park
2023-12-27 09:00:00,14.2,57,1001.1,90,2.4,195.0,353.5,98.0,97.0,27.5398,71.9153,Bhadla_Solar_Park
2023-12-27 10:00:00,17.3,48,1002.0,85,5.0,363.0,522.6,137.0,226.0,27.5398,71.9153,Bhadla_Solar_Park
2023-12-27 11:00:00,20.2,45,1001.9,80,5.9,497.0,616.2,159.0,338.0,27.5398,71.9153,Bhadla_Solar_Park
2023-12-27 12:00:00,22.6,43,1000.9,86,8.4,573.0,640.9,179.0,394.0,27.5398,71.9153,Bhadla_Solar_Park
2023-12-27 13:00:00,24.4,40,999.7,91,10.8,592.0,678.1,167.0,425.0,27.5398,71.9153,Bhadla_Solar_Park
2023-12-27 14:00:00,25.7,34,998.9,95,13.5,542.0,656.3,159.0,383.0,27.5398,71.9153,Bhadla_Solar_Park
2023-12-27 15:00:00,26.2,28,998.6,54,15.5,426.0,575.7,145.0,281.0,27.5398,71.9153,Bhadla_Solar_Park
2023-12-27 16:00:00,26.0,27,998.6,4,15.9,271.0,452.4,114.0,157.0,27.5398,71.9153,Bhadla_Solar_Park
2023-12-27 17:00:00,24.6,29,998.7,0,14.1,105.0,265.0,60.0,45.0,27.5398,71.9153,Bhadla_Solar_Park
2023-12-27 18:00:00,22.3,37,999.4,0,16.7,5.0,17.6,4.0,1.0,27.5398,71.9153,Bhadla_Solar_Park
2023-12-27 19:00:00,21.0,42,999.8,0,16.9,0.0,0.0,0.0,0.0,27.5398,71.9153,Bhadla_Solar_Park
2023-12-27 20:00:00,19.9,46,1000.0,0,16.6,0.0,0.0,0.0,0.0,27.5398,71.9153,Bhadla_Solar_Park
2023-12-27 21:00:00,18.7,49,1000.3,0,16.1,0.0,0.0,0.0,0.0,27.5398,71.9153,Bhadla_Solar_Park
2023-12-27 22:00:00,17.5,51,1000.4,0,15.1,0.0,0.0,0.0,0.0,27.5398,71.9153,Bhadla_Solar_Park
2023-12-27 23:00:00,16.4,52,1000.0,0,14.4,0.0,0.0,0.0,0.0,27.5398,71.9153,Bhadla_Solar_Park
2023-12-28 00:00:00,15.4,54,999.4,0,13.5,0.0,0.0,0.0,0.0,27.5398,71.9153,Bhadla_Solar_Park
2023-12-28 01:00:00,14.4,58,999.1,0,12.7,0.0,0.0,0.0,0.0,27.5398,71.9153,Bhadla_Solar_Park
2023-12-28 02:00:00,13.4,62,998.7,0,11.7,0.0,0.0,0.0,0.0,27.5398,71.9153,Bhadla_Solar_Park
2023-12-28 03:00:00,12.4,67,998.5,0,10.8,0.0,0.0,0.0,0.0,27.5398,71.9153,Bhadla_Solar_Park
2023-12-28 04:00:00,11.6,72,998.4,0,10.0,0.0,0.0,0.0,0.0,27.5398,71.9153,Bhadla_Solar_Park
2023-12-28 05:00:00,10.8,77,998.2,0,9.7,0.0,0.0,0.0,0.0,27.5398,71.9153,Bhadla_Solar_Park
2023-12-28 06:00:00,9.9,84,999.0,0,11.7,0.0,0.0,0.0,0.0,27.5398,71.9153,Bhadla_Solar_Park
2023-12-28 07:00:00,9.7,87,999.4,0,12.0,0.0,0.0,0.0,0.0,27.5398,71.9153,Bhadla_Solar_Park
2023-12-28 08:00:00,10.9,84,999.8,0,12.0,45.0,132.8,30.0,15.0,27.5398,71.9153,Bhadla_Solar_Park
2023-12-28 09:00:00,13.7,72,1000.6,0,10.9,201.0,402.2,91.0,110.0,27.5398,71.9153,Bhadla_Solar_Park
2023-12-28 10:00:00,16.8,61,1001.0,0,12.1,374.0,574.3,126.0,248.0,27.5398,71.9153,Bhadla_Solar_Park
2023-12-28 11:00:00,19.6,49,1000.6,0,12.6,514.0,671.1,146.0,368.0,27.5398,71.9153,Bhadla_Solar_Park
2023-12-28 12:00:00,22.0,36,999.6,0,11.4,597.0,718.6,155.0,442.0,27.5398,71.9153,Bhadla_Solar_Park
2023-12-28 13:00:00,23.6,26,998.3,0,10.1,614.0,729.9,156.0,458.0,27.5398,71.9153,Bhadla_Solar_Park
2023-12-28 14:00:00,24.4,22,997.3,0,9.3,563.0,706.3,150.0,413.0,27.5398,71.9153,Bhadla_Solar_Park
2023-12-28 15:00:00,24.6,21,996.8,0,9.2,448.0,641.2,134.0,314.0,27.5398,71.9153,Bhadla_Solar_Park
2023-12-28 16:00:00,24.4,21,996.7,0,9.7,286.0,510.2,108.0,178.0,27.5398,71.9153,Bhadla_Solar_Park
2023-12-28 17:00:00,22.6,26,996.7,0,8.7,110.0,279.3,62.0,48.0,27.5398,71.9153,Bhadla_Solar_Park
2023-12-28 18:00:00,20.1,34,996.9,0,9.7,6.0,17.3,5.0,1.0,27.5398,71.9153,Bhadla_Solar_Park
2023-12-28 19:00:00,18.8,37,997.4,0,12.0,0.0,0.0,0.0,0.0,27.5398,71.9153,Bhadla_Solar_Park
2023-12-28 20:00:00,17.7,40,997.6,0,12.7,0.0,0.0,0.0,0.0,27.5398,71.9153,Bhadla_Solar_Park
2023-12-28 21:00:00,16.6,43,998.1,0,13.1,0.0,0.0,0.0,0.0,27.5398,71.9153,Bhadla_Solar_Park
2023-12-28 22:00:00,15.6,47,998.4,0,12.8,0.0,0.0,0.0,0.0,27.5398,71.9153,Bhadla_Solar_Park
2023-12-28 23:00:00,14.7,50,998.3,0,12.8,0.0,0.0,0.0,0.0,27.5398,71.9153,Bhadla_Solar_Park
2023-12-29 00:00:00,13.8,54,998.0,0,12.6,0.0,0.0,0.0,0.0,27.5398,71.9153,Bhadla_Solar_Park
2023-12-29 01:00:00,12.9,59,997.7,97,11.9,0.0,0.0,0.0,0.0,27.5398,71.9153,Bhadla_Solar_Park
2023-12-29 02:00:00,12.1,63,997.4,93,12.4,0.0,0.0,0.0,0.0,27.5398,71.9153,Bhadla_Solar_Park
2023-12-29 03:00:00,11.6,64,997.0,99,12.8,0.0,0.0,0.0,0.0,27.5398,71.9153,Bhadla_Solar_Park
2023-12-29 04:00:00,11.2,64,996.9,100,13.3,0.0,0.0,0.0,0.0,27.5398,71.9153,Bhadla_Solar_Park
2023-12-29 05:00:00,10.9,64,997.0,99,13.1,0.0,0.0,0.0,0.0,27.5398,71.9153,Bhadla_Solar_Park
2023-12-29 06:00:00,10.3,68,997.5,98,14.2,0.0,0.0,0.0,0.0,27.5398,71.9153,Bhadla_Solar_Park
2023-12-29 07:00:00,10.2,69,998.4,98,14.7,0.0,0.0,0.0,0.0,27.5398,71.9153,Bhadla_Solar_Park
2023-12-29 08:00:00,11.3,65,999.1,100,14.7,43.0,88.9,33.0,10.0,27.5398,71.9153,Bhadla_Solar_Park
2023-12-29 09:00:00,13.9,57,999.6,99,12.4,191.0,322.8,103.0,88.0,27.5398,71.9153,Bhadla_Solar_Park
2023-12-29 10:00:00,16.7,50,1000.1,93,14.5,359.0,498.4,144.0,215.0,27.5398,71.9153,Bhadla_Solar_Park
2023-12-29 11:00:00,19.5,45,999.7,87,14.8,499.0,611.0,164.0,335.0,27.5398,71.9153,Bhadla_Solar_Park
2023-12-29 12:00:00,22.0,36,998.7,87,14.8,556.0,562.2,210.0,346.0,27.5398,71.9153,Bhadla_Solar_Park
2023-12-29 13:00:00,23.7,27,997.3,74,14.8,569.0,550.7,223.0,346.0,27.5398,71.9153,Bhadla_Solar_Park
2023-12-29 14:00:00,24.7,21,996.7,44,14.2,532.0,578.5,193.0,339.0,27.5398,71.9153,Bhadla_Solar_Park
2023-12-29 15:00:00,25.1,19,996.3,0,14.7,438.0,596.3,145.0,293.0,27.5398,71.9153,Bhadla_Solar_Park
2023-12-29 16:00:00,24.9,19,996.1,0,15.1,285.0,504.6,108.0,177.0,27.5398,71.9153,Bhadla_Solar_Park
2023-12-29 17:00:00,23.3,22,996.2,2,13.1,110.0,281.7,61.0,49.0,27.5398,71.9153,Bhadla_Solar_Park
2023-12-29 18:00:00,20.6,29,996.9,100,14.1,6.0,17.0,5.0,1.0,27.5398,71.9153,Bhadla_Solar_Park
2023-12-29 19:00:00,19.3,38,997.4,98,15.5,0.0,0.0,0.0,0.0,27.5398,71.9153,Bhadla_Solar_Park
2023-12-29 20:00:00,18.3,48,998.0,63,16.8,0.0,0.0,0.0,0.0,27.5398,71.9153,Bhadla_Solar_Park
2023-12-29 21:00:00,17.4,52,998.3,0,17.7,0.0,0.0,0.0,0.0,27.5398,71.9153,Bhadla_Solar_Park
2023-12-29 22:00:00,16.2,56,998.6,0,18.1,0.0,0.0,0.0,0.0,27.5398,71.9153,Bhadla_Solar_Park
2023-12-29 23:00:00,15.2,62,998.3,0,18.7,0.0,0.0,0.0,0.0,27.5398,71.9153,Bhadla_Solar_Park
2023-12-30 00:00:00,14.1,71,997.9,97,17.2,0.0,0.0,0.0,0.0,27.5398,71.9153,Bhadla_Solar_Park
2023-12-30 01:00:00,13.3,77,997.6,100,15.3,0.0,0.0,0.0,0.0,27.5398,71.9153,Bhadla_Solar_Park
2023-12-30 02:00:00,12.6,82,997.3,100,14.0,0.0,0.0,0.0,0.0,27.5398,71.9153,Bhadla_Solar_Park
2023-12-30 03:00:00,12.1,87,997.2,100,13.0,0.0,0.0,0.0,0.0,27.5398,71.9153,Bhadla_Solar_Park
2023-12-30 04:00:00,11.6,91,996.8,100,12.4,0.0,0.0,0.0,0.0,27.5398,71.9153,Bhadla_Solar_Park
2023-12-30 05:00:00,11.2,93,996.7,100,11.4,0.0,0.0,0.0,0.0,27.5398,71.9153,Bhadla_Solar_Park
2023-12-30 06:00:00,10.5,94,997.7,100,10.9,0.0,0.0,0.0,0.0,27.5398,71.9153,Bhadla_Solar_Park
2023-12-30 07:00:00,10.0,96,998.4,100,10.8,0.0,0.0,0.0,0.0,27.5398,71.9153,Bhadla_Solar_Park
2023-12-30 08:00:00,10.6,94,998.8,97,10.5,38.0,44.6,33.0,5.0,27.5398,71.9153,Bhadla_Solar_Park
2023-12-30 09:00:00,12.5,83,999.6,97,9.8,168.0,172.9,121.0,47.0,27.5398,71.9153,Bhadla_Solar_Park
2023-12-30 10:00:00,14.6,71,1000.2,100,10.3,309.0,269.2,193.0,116.0,27.5398,71.9153,Bhadla_Solar_Park
2023-12-30 11:00:00,17.2,59,999.7,70,9.9,444.0,393.9,228.0,216.0,27.5398,71.9153,Bhadla_Solar_Park
2023-12-30 12:00:00,19.6,49,999.0,72,11.3,536.0,503.3,226.0,310.0,27.5398,71.9153,Bhadla_Solar_Park
2023-12-30 13:00:00,21.2,41,997.9,93,14.2,574.0,591.1,202.0,372.0,27.5398,71.9153,Bhadla_Solar_Park
2023-12-30 14:00:00,22.0,38,996.9,100,16.3,530.0,575.4,192.0,338.0,27.5398,71.9153,Bhadla_Solar_Park
2023-12-30 15:00:00,22.0,37,996.4,65,16.7,378.0,350.9,205.0,173.0,27.5398,71.9153,Bhadla_Solar_Park
2023-12-30 16:00:00,21.7,38,996.1,83,17.4,257.0,331.6,140.0,117.0,27.5398,71.9153,Bhadla_Solar_Park
2023-12-30 17:00:00,20.7,43,996.3,36,15.0,103.0,187.4,70.0,33.0,27.5398,71.9153,Bhadla_Solar_Park
2023-12-30 18:00:00,17.9,57,997.0,25,14.6,6.0,16.7,5.0,1.0,27.5398,71.9153,Bhadla_Solar_Park
2023-12-30 19:00:00,16.7,62,997.6,0,16.5,0.0,0.0,0.0,0.0,27.5398,71.9153,Bhadla_Solar_Park
2023-12-30 20:00:00,15.6,64,998.0,0,16.9,0.0,0.0,0.0,0.0,27.5398,71.9153,Bhadla_Solar_Park
2023-12-30 21:00:00,14.5,67,998.0,0,15.8,0.0,0.0,0.0,0.0,27.5398,71.9153,Bhadla_Solar_Park
2023-12-30 22:00:00,13.6,72,998.1,0,15.7,0.0,0.0,0.0,0.0,27.5398,71.9153,Bhadla_Solar_Park
2023-12-30 23:00:00,12.6,77,998.0,0,14.3,0.0,0.0,0.0,0.0,27.5398,71.9153,Bhadla_Solar_Park
2023-12-31 00:00:00,11.6,84,997.8,0,12.2,0.0,0.0,0.0,0.0,27.5398,71.9153,Bhadla_Solar_Park
2023-12-31 01:00:00,10.7,89,997.9,0,11.2,0.0,0.0,0.0,0.0,27.5398,71.9153,Bhadla_Solar_Park
2023-12-31 02:00:00,10.0,92,997.6,0,11.5,0.0,0.0,0.0,0.0,27.5398,71.9153,Bhadla_Solar_Park
2023-12-31 03:00:00,9.5,93,997.4,0,11.6,0.0,0.0,0.0,0.0,27.5398,71.9153,Bhadla_Solar_Park
2023-12-31 04:00:00,9.0,94,997.0,0,11.5,0.0,0.0,0.0,0.0,27.5398,71.9153,Bhadla_Solar_Park
2023-12-31 05:00:00,8.5,95,996.9,0,10.8,0.0,0.0,0.0,0.0,27.5398,71.9153,Bhadla_Solar_Park
2023-12-31 06:00:00,8.0,95,997.5,0,11.6,0.0,0.0,0.0,0.0,27.5398,71.9153,Bhadla_Solar_Park
2023-12-31 07:00:00,7.3,97,998.4,0,9.7,0.0,0.0,0.0,0.0,27.5398,71.9153,Bhadla_Solar_Park
2023-12-31 08:00:00,8.0,96,999.1,0,9.2,43.0,125.5,29.0,14.0,27.5398,71.9153,Bhadla_Solar_Park
2023-12-31 09:00:00,10.2,86,1000.0,0,8.9,199.0,398.3,91.0,108.0,27.5398,71.9153,Bhadla_Solar_Park
2023-12-31 10:00:00,13.0,74,1000.4,0,10.9,374.0,573.6,127.0,247.0,27.5398,71.9153,Bhadla_Solar_Park
2023-12-31 11:00:00,16.0,60,1000.1,0,12.8,514.0,671.0,146.0,368.0,27.5398,71.9153,Bhadla_Solar_Park
2023-12-31 12:00:00,18.7,45,999.1,0,15.5,599.0,718.5,156.0,443.0,27.5398,71.9153,Bhadla_Solar_Park
2023-12-31 13:00:00,20.5,35,997.8,0,16.6,617.0,729.8,157.0,460.0,27.5398,71.9153,Bhadla_Solar_Park
2023-12-31 14:00:00,21.4,30,996.9,0,17.6,566.0,706.5,150.0,416.0,27.5398,71.9153,Bhadla_Solar_Park
2023-12-31 15:00:00,21.7,29,996.3,0,18.0,453.0,642.5,135.0,318.0,27.5398,71.9153,Bhadla_Solar_Park
2023-12-31 16:00:00,21.2,32,996.2,0,18.4,291.0,512.8,109.0,182.0,27.5398,71.9153,Bhadla_Solar_Park
2023-12-31 17:00:00,19.8,39,996.3,0,15.0,114.0,285.9,63.0,51.0,27.5398,71.9153,Bhadla_Solar_Park
2023-12-31 18:00:00,17.1,52,997.0,0,14.5,7.0,16.3,6.0,1.0,27.5398,71.9153,Bhadla_Solar_Park
2023-12-31 19:00:00,15.7,61,997.5,0,14.8,0.0,0.0,0.0,0.0,27.5398,71.9153,Bhadla_Solar_Park
2023-12-31 20:00:00,14.6,67,997.9,6,15.0,0.0,0.0,0.0,0.0,27.5398,71.9153,Bhadla_Solar_Park
2023-12-31 21:00:00,13.6,73,998.4,48,14.8,0.0,0.0,0.0,0.0,27.5398,71.9153,Bhadla_Solar_Park
2023-12-31 22:00:00,12.7,80,998.6,98,15.3,0.0,0.0,0.0,0.0,27.5398,71.9153,Bhadla_Solar_Park
2023-12-31 23:00:00,12.0,84,998.4,91,12.7,0.0,0.0,0.0,0.0,27.5398,71.9153,Bhadla_Solar_Park
